[16Apr2025 19:03:10.772] [main/INFO] [cpw.mods.modlauncher.Launcher/MODLAUNCHER]: ModLauncher running: args [--launchTarget, forgeserver, --fml.forgeVersion, 47.3.7, --fml.mcVersion, 1.20.1, --fml.forgeGroup, net.minecraftforge, --fml.mcpVersion, 20230612.114412, nogui]
[16Apr2025 19:03:10.777] [main/INFO] [cpw.mods.modlauncher.Launcher/MODLAUNCHER]: ModLauncher 10.0.9+10.0.9+main.dcd20f30 starting: java version 17.0.14 by Ubuntu; OS Linux arch amd64 version 6.8.0-1021-azure
[16Apr2025 19:03:10.940] [main/DEBUG] [cpw.mods.modlauncher.LaunchServiceHandler/MODLAUNCHER]: Found launch services [fmlclientdev,forgeclient,minecraft,forgegametestserverdev,fmlserveruserdev,fmlclient,fmldatauserdev,forgeserverdev,forgeserveruserdev,forgeclientdev,forgeclientuserdev,forgeserver,forgedatadev,fmlserver,fmlclientuserdev,fmlserverdev,forgedatauserdev,testharness,forgegametestserveruserdev]
[16Apr2025 19:03:11.005] [main/DEBUG] [cpw.mods.modlauncher.NameMappingServiceHandler/MODLAUNCHER]: Found naming services : [srgtomcp]
[16Apr2025 19:03:11.089] [main/DEBUG] [cpw.mods.modlauncher.LaunchPluginHandler/MODLAUNCHER]: Found launch plugins: [mixin,eventbus,slf4jfixer,object_holder_definalize,runtime_enum_extender,capability_token_subclass,accesstransformer,runtimedistcleaner]
[16Apr2025 19:03:11.149] [main/DEBUG] [cpw.mods.modlauncher.TransformationServicesHandler/MODLAUNCHER]: Discovering transformation services
[16Apr2025 19:03:11.157] [main/DEBUG] [net.minecraftforge.fml.loading.FMLPaths/CORE]: Path GAMEDIR is /workspaces/SV_MNCFT_1/servidor_minecraft
[16Apr2025 19:03:11.157] [main/DEBUG] [net.minecraftforge.fml.loading.FMLPaths/CORE]: Path MODSDIR is /workspaces/SV_MNCFT_1/servidor_minecraft/mods
[16Apr2025 19:03:11.157] [main/DEBUG] [net.minecraftforge.fml.loading.FMLPaths/CORE]: Path CONFIGDIR is /workspaces/SV_MNCFT_1/servidor_minecraft/config
[16Apr2025 19:03:11.157] [main/DEBUG] [net.minecraftforge.fml.loading.FMLPaths/CORE]: Path FMLCONFIG is /workspaces/SV_MNCFT_1/servidor_minecraft/config/fml.toml
[16Apr2025 19:03:12.035] [main/DEBUG] [cpw.mods.modlauncher.TransformationServicesHandler/MODLAUNCHER]: Found additional transformation services from discovery services: 
[16Apr2025 19:03:12.045] [main/INFO] [net.minecraftforge.fml.loading.ImmediateWindowHandler/]: ImmediateWindowProvider not loading because launch target is forgeserver
[16Apr2025 19:03:12.058] [main/DEBUG] [cpw.mods.modlauncher.TransformationServicesHandler/MODLAUNCHER]: Found transformer services : [mixin,fml]
[16Apr2025 19:03:12.061] [main/DEBUG] [cpw.mods.modlauncher.TransformationServicesHandler/MODLAUNCHER]: Transformation services loading
[16Apr2025 19:03:12.062] [main/DEBUG] [cpw.mods.modlauncher.TransformationServiceDecorator/MODLAUNCHER]: Loading service mixin
[16Apr2025 19:03:12.062] [main/DEBUG] [cpw.mods.modlauncher.TransformationServiceDecorator/MODLAUNCHER]: Loaded service mixin
[16Apr2025 19:03:12.063] [main/DEBUG] [cpw.mods.modlauncher.TransformationServiceDecorator/MODLAUNCHER]: Loading service fml
[16Apr2025 19:03:12.064] [main/DEBUG] [net.minecraftforge.fml.loading.LauncherVersion/CORE]: Found FMLLauncher version 1.0
[16Apr2025 19:03:12.064] [main/DEBUG] [net.minecraftforge.fml.loading.FMLLoader/CORE]: FML 1.0 loading
[16Apr2025 19:03:12.064] [main/DEBUG] [net.minecraftforge.fml.loading.FMLLoader/CORE]: FML found ModLauncher version : 10.0.9+10.0.9+main.dcd20f30
[16Apr2025 19:03:12.064] [main/DEBUG] [net.minecraftforge.fml.loading.FMLLoader/CORE]: FML found AccessTransformer version : 8.0.4+66+master.c09db6d7
[16Apr2025 19:03:12.065] [main/DEBUG] [net.minecraftforge.fml.loading.FMLLoader/CORE]: FML found EventBus version : 6.0.5+6.0.5+master.eb8e549b
[16Apr2025 19:03:12.065] [main/DEBUG] [net.minecraftforge.fml.loading.FMLLoader/CORE]: Found Runtime Dist Cleaner
[16Apr2025 19:03:12.067] [main/DEBUG] [net.minecraftforge.fml.loading.FMLLoader/CORE]: FML found CoreMod version : 5.1.6
[16Apr2025 19:03:12.067] [main/DEBUG] [net.minecraftforge.fml.loading.FMLLoader/CORE]: Found ForgeSPI package implementation version 7.0.1+7.0.1+master.d2b38bf6
[16Apr2025 19:03:12.067] [main/DEBUG] [net.minecraftforge.fml.loading.FMLLoader/CORE]: Found ForgeSPI package specification 5
[16Apr2025 19:03:12.068] [main/DEBUG] [cpw.mods.modlauncher.TransformationServiceDecorator/MODLAUNCHER]: Loaded service fml
[16Apr2025 19:03:12.068] [main/DEBUG] [cpw.mods.modlauncher.TransformationServicesHandler/MODLAUNCHER]: Configuring option handling for services
[16Apr2025 19:03:12.079] [main/DEBUG] [cpw.mods.modlauncher.TransformationServicesHandler/MODLAUNCHER]: Transformation services initializing
[16Apr2025 19:03:12.079] [main/DEBUG] [cpw.mods.modlauncher.TransformationServiceDecorator/MODLAUNCHER]: Initializing transformation service mixin
[16Apr2025 19:03:12.095] [main/DEBUG] [mixin/]: MixinService [ModLauncher] was successfully booted in cpw.mods.cl.ModuleClassLoader@44c8afef
[16Apr2025 19:03:12.120] [main/INFO] [mixin/]: SpongePowered MIXIN Subsystem Version=0.8.5 Source=union:/workspaces/SV_MNCFT_1/servidor_minecraft/libraries/org/spongepowered/mixin/0.8.5/mixin-0.8.5.jar%2363!/ Service=ModLauncher Env=SERVER
[16Apr2025 19:03:12.125] [main/DEBUG] [mixin/]: Initialising Mixin Platform Manager
[16Apr2025 19:03:12.126] [main/DEBUG] [mixin/]: Adding mixin platform agents for container ModLauncher Root Container(ModLauncher:4f56a0a2)
[16Apr2025 19:03:12.127] [main/DEBUG] [mixin/]: Instancing new MixinPlatformAgentMinecraftForge for ModLauncher Root Container(ModLauncher:4f56a0a2)
[16Apr2025 19:03:12.127] [main/DEBUG] [mixin/]: MixinPlatformAgentMinecraftForge rejected container ModLauncher Root Container(ModLauncher:4f56a0a2)
[16Apr2025 19:03:12.128] [main/DEBUG] [mixin/]: Instancing new MixinPlatformAgentDefault for ModLauncher Root Container(ModLauncher:4f56a0a2)
[16Apr2025 19:03:12.128] [main/DEBUG] [mixin/]: MixinPlatformAgentDefault accepted container ModLauncher Root Container(ModLauncher:4f56a0a2)
[16Apr2025 19:03:12.134] [main/DEBUG] [cpw.mods.modlauncher.TransformationServiceDecorator/MODLAUNCHER]: Initialized transformation service mixin
[16Apr2025 19:03:12.134] [main/DEBUG] [cpw.mods.modlauncher.TransformationServiceDecorator/MODLAUNCHER]: Initializing transformation service fml
[16Apr2025 19:03:12.134] [main/DEBUG] [net.minecraftforge.fml.loading.FMLServiceProvider/CORE]: Setting up basic FML game directories
[16Apr2025 19:03:12.134] [main/DEBUG] [net.minecraftforge.fml.loading.FMLPaths/CORE]: Path GAMEDIR is /workspaces/SV_MNCFT_1/servidor_minecraft
[16Apr2025 19:03:12.134] [main/DEBUG] [net.minecraftforge.fml.loading.FMLPaths/CORE]: Path MODSDIR is /workspaces/SV_MNCFT_1/servidor_minecraft/mods
[16Apr2025 19:03:12.135] [main/DEBUG] [net.minecraftforge.fml.loading.FMLPaths/CORE]: Path CONFIGDIR is /workspaces/SV_MNCFT_1/servidor_minecraft/config
[16Apr2025 19:03:12.135] [main/DEBUG] [net.minecraftforge.fml.loading.FMLPaths/CORE]: Path FMLCONFIG is /workspaces/SV_MNCFT_1/servidor_minecraft/config/fml.toml
[16Apr2025 19:03:12.135] [main/DEBUG] [net.minecraftforge.fml.loading.FMLServiceProvider/CORE]: Loading configuration
[16Apr2025 19:03:12.137] [main/DEBUG] [net.minecraftforge.fml.loading.FMLServiceProvider/CORE]: Preparing ModFile
[16Apr2025 19:03:12.140] [main/DEBUG] [net.minecraftforge.fml.loading.FMLServiceProvider/CORE]: Preparing launch handler
[16Apr2025 19:03:12.141] [main/DEBUG] [net.minecraftforge.fml.loading.FMLLoader/CORE]: Using forgeserver as launch service
[16Apr2025 19:03:12.159] [main/DEBUG] [net.minecraftforge.fml.loading.FMLLoader/CORE]: Received command line version data  : VersionInfo[forgeVersion=47.3.7, mcVersion=1.20.1, mcpVersion=20230612.114412, forgeGroup=net.minecraftforge]
[16Apr2025 19:03:12.161] [main/DEBUG] [cpw.mods.modlauncher.TransformationServiceDecorator/MODLAUNCHER]: Initialized transformation service fml
[16Apr2025 19:03:12.161] [main/DEBUG] [cpw.mods.modlauncher.NameMappingServiceHandler/MODLAUNCHER]: Current naming domain is 'srg'
[16Apr2025 19:03:12.162] [main/DEBUG] [cpw.mods.modlauncher.NameMappingServiceHandler/MODLAUNCHER]: Identified name mapping providers {}
[16Apr2025 19:03:12.162] [main/DEBUG] [cpw.mods.modlauncher.TransformationServicesHandler/MODLAUNCHER]: Transformation services begin scanning
[16Apr2025 19:03:12.163] [main/DEBUG] [cpw.mods.modlauncher.TransformationServiceDecorator/MODLAUNCHER]: Beginning scan trigger - transformation service mixin
[16Apr2025 19:03:12.163] [main/DEBUG] [cpw.mods.modlauncher.TransformationServiceDecorator/MODLAUNCHER]: End scan trigger - transformation service mixin
[16Apr2025 19:03:12.163] [main/DEBUG] [cpw.mods.modlauncher.TransformationServiceDecorator/MODLAUNCHER]: Beginning scan trigger - transformation service fml
[16Apr2025 19:03:12.163] [main/DEBUG] [net.minecraftforge.fml.loading.FMLServiceProvider/CORE]: Initiating mod scan
[16Apr2025 19:03:12.175] [main/DEBUG] [net.minecraftforge.fml.loading.moddiscovery.ModListHandler/CORE]: Found mod coordinates from lists: []
[16Apr2025 19:03:12.179] [main/DEBUG] [net.minecraftforge.fml.loading.moddiscovery.ModDiscoverer/CORE]: Found Mod Locators : (mods folder:null),(maven libs:null),(exploded directory:null),(minecraft:null),(userdev classpath:null)
[16Apr2025 19:03:12.179] [main/DEBUG] [net.minecraftforge.fml.loading.moddiscovery.ModDiscoverer/CORE]: Found Dependency Locators : (JarInJar:null)
[16Apr2025 19:03:12.188] [main/DEBUG] [net.minecraftforge.fml.loading.moddiscovery.ModFileParser/LOADING]: Considering mod file candidate /workspaces/SV_MNCFT_1/servidor_minecraft/mods/badpackets-forge-0.4.3.jar
[16Apr2025 19:03:12.241] [main/DEBUG] [net.minecraftforge.fml.loading.moddiscovery.ModFileInfo/LOADING]: Found valid mod file badpackets-forge-0.4.3.jar with {badpackets} mods - versions {0.4.3}
[16Apr2025 19:03:12.243] [main/DEBUG] [net.minecraftforge.fml.loading.moddiscovery.ModFileParser/LOADING]: Considering mod file candidate /workspaces/SV_MNCFT_1/servidor_minecraft/mods/CreativeCore_FORGE_v2.12.31_mc1.20.1.jar
[16Apr2025 19:03:12.245] [main/DEBUG] [net.minecraftforge.fml.loading.moddiscovery.ModFileInfo/LOADING]: Found valid mod file CreativeCore_FORGE_v2.12.31_mc1.20.1.jar with {creativecore} mods - versions {2.12.31}
[16Apr2025 19:03:12.246] [main/DEBUG] [net.minecraftforge.fml.loading.moddiscovery.ModFileParser/LOADING]: Considering mod file candidate /workspaces/SV_MNCFT_1/servidor_minecraft/mods/cristellib-1.1.6-forge.jar
[16Apr2025 19:03:12.247] [main/DEBUG] [net.minecraftforge.fml.loading.moddiscovery.ModFileInfo/LOADING]: Found valid mod file cristellib-1.1.6-forge.jar with {cristellib} mods - versions {1.1.6}
[16Apr2025 19:03:12.248] [main/DEBUG] [net.minecraftforge.fml.loading.moddiscovery.ModFileParser/LOADING]: Considering mod file candidate /workspaces/SV_MNCFT_1/servidor_minecraft/mods/dungeons_enhanced-1.20.1-5.3.0.jar
[16Apr2025 19:03:12.250] [main/DEBUG] [net.minecraftforge.fml.loading.moddiscovery.ModFileInfo/LOADING]: Found valid mod file dungeons_enhanced-1.20.1-5.3.0.jar with {dungeons_enhanced} mods - versions {5.3.0}
[16Apr2025 19:03:12.250] [main/DEBUG] [net.minecraftforge.fml.loading.moddiscovery.ModFileParser/LOADING]: Considering mod file candidate /workspaces/SV_MNCFT_1/servidor_minecraft/mods/infernalmobs-1.20.1.6.jar
[16Apr2025 19:03:12.254] [main/DEBUG] [net.minecraftforge.fml.loading.moddiscovery.ModFileInfo/LOADING]: Found valid mod file infernalmobs-1.20.1.6.jar with {infernalmobs} mods - versions {1.20.1.6}
[16Apr2025 19:03:12.256] [main/DEBUG] [net.minecraftforge.fml.loading.moddiscovery.ModFileParser/LOADING]: Considering mod file candidate /workspaces/SV_MNCFT_1/servidor_minecraft/mods/jei-1.20.1-forge-15.20.0.106.jar
[16Apr2025 19:03:12.258] [main/DEBUG] [net.minecraftforge.fml.loading.moddiscovery.ModFileInfo/LOADING]: Found valid mod file jei-1.20.1-forge-15.20.0.106.jar with {jei} mods - versions {15.20.0.106}
[16Apr2025 19:03:12.260] [main/DEBUG] [net.minecraftforge.fml.loading.moddiscovery.ModFileParser/LOADING]: Considering mod file candidate /workspaces/SV_MNCFT_1/servidor_minecraft/mods/journeymap-1.20.1-5.10.3-forge.jar
[16Apr2025 19:03:12.261] [main/DEBUG] [net.minecraftforge.fml.loading.moddiscovery.ModFileInfo/LOADING]: Found valid mod file journeymap-1.20.1-5.10.3-forge.jar with {journeymap} mods - versions {5.10.3}
[16Apr2025 19:03:12.265] [main/DEBUG] [net.minecraftforge.fml.loading.moddiscovery.ModFileParser/LOADING]: Considering mod file candidate /workspaces/SV_MNCFT_1/servidor_minecraft/mods/MutantMonsters-v8.0.7-1.20.1-Forge.jar
[16Apr2025 19:03:12.266] [main/DEBUG] [net.minecraftforge.fml.loading.moddiscovery.ModFileInfo/LOADING]: Found valid mod file MutantMonsters-v8.0.7-1.20.1-Forge.jar with {mutantmonsters} mods - versions {8.0.7}
[16Apr2025 19:03:12.267] [main/DEBUG] [net.minecraftforge.fml.loading.moddiscovery.ModFileParser/LOADING]: Considering mod file candidate /workspaces/SV_MNCFT_1/servidor_minecraft/mods/PlayerRevive_FORGE_v2.0.31_mc1.20.1.jar
[16Apr2025 19:03:12.268] [main/DEBUG] [net.minecraftforge.fml.loading.moddiscovery.ModFileInfo/LOADING]: Found valid mod file PlayerRevive_FORGE_v2.0.31_mc1.20.1.jar with {playerrevive} mods - versions {2.0.31}
[16Apr2025 19:03:12.288] [main/DEBUG] [net.minecraftforge.fml.loading.moddiscovery.ModFileParser/LOADING]: Considering mod file candidate /workspaces/SV_MNCFT_1/servidor_minecraft/mods/PuzzlesLib-v8.1.29-1.20.1-Forge.jar
[16Apr2025 19:03:12.290] [main/DEBUG] [net.minecraftforge.fml.loading.moddiscovery.ModFileInfo/LOADING]: Found valid mod file PuzzlesLib-v8.1.29-1.20.1-Forge.jar with {puzzleslib} mods - versions {8.1.29}
[16Apr2025 19:03:12.291] [main/DEBUG] [net.minecraftforge.fml.loading.moddiscovery.ModFileParser/LOADING]: Considering mod file candidate /workspaces/SV_MNCFT_1/servidor_minecraft/mods/reap-1.20.1-1.0.2.jar
[16Apr2025 19:03:12.293] [main/DEBUG] [net.minecraftforge.fml.loading.moddiscovery.ModFileInfo/LOADING]: Found valid mod file reap-1.20.1-1.0.2.jar with {reap} mods - versions {1.20.1-1.0.2}
[16Apr2025 19:03:12.293] [main/DEBUG] [net.minecraftforge.fml.loading.moddiscovery.ModFileParser/LOADING]: Considering mod file candidate /workspaces/SV_MNCFT_1/servidor_minecraft/mods/simplybackpacks-1.20.1-2.1.5-build.51.jar
[16Apr2025 19:03:12.294] [main/DEBUG] [net.minecraftforge.fml.loading.moddiscovery.ModFileInfo/LOADING]: Found valid mod file simplybackpacks-1.20.1-2.1.5-build.51.jar with {simplybackpacks} mods - versions {1.20.1-2.1.5-build.51}
[16Apr2025 19:03:12.296] [main/DEBUG] [net.minecraftforge.fml.loading.moddiscovery.ModFileParser/LOADING]: Considering mod file candidate /workspaces/SV_MNCFT_1/servidor_minecraft/mods/structure_gel-1.20.1-2.16.2.jar
[16Apr2025 19:03:12.297] [main/DEBUG] [net.minecraftforge.fml.loading.moddiscovery.ModFileInfo/LOADING]: Found valid mod file structure_gel-1.20.1-2.16.2.jar with {structure_gel} mods - versions {2.16.2}
[16Apr2025 19:03:12.298] [main/DEBUG] [net.minecraftforge.fml.loading.moddiscovery.ModFileParser/LOADING]: Considering mod file candidate /workspaces/SV_MNCFT_1/servidor_minecraft/mods/tlc_forge-1.0.3-R-1.20.X.jar
[16Apr2025 19:03:12.299] [main/DEBUG] [net.minecraftforge.fml.loading.moddiscovery.ModFileInfo/LOADING]: Found valid mod file tlc_forge-1.0.3-R-1.20.X.jar with {tlc} mods - versions {1.0.2}
[16Apr2025 19:03:12.301] [main/DEBUG] [net.minecraftforge.fml.loading.moddiscovery.ModFileParser/LOADING]: Considering mod file candidate /workspaces/SV_MNCFT_1/servidor_minecraft/mods/tombstone-1.20.1-8.9.2.jar
[16Apr2025 19:03:12.302] [main/DEBUG] [net.minecraftforge.fml.loading.moddiscovery.ModFileInfo/LOADING]: Found valid mod file tombstone-1.20.1-8.9.2.jar with {tombstone} mods - versions {8.9.2}
[16Apr2025 19:03:12.304] [main/DEBUG] [net.minecraftforge.fml.loading.moddiscovery.ModFileParser/LOADING]: Considering mod file candidate /workspaces/SV_MNCFT_1/servidor_minecraft/mods/Towns-and-Towers-1.12-Fabric+Forge.jar
[16Apr2025 19:03:12.306] [main/DEBUG] [net.minecraftforge.fml.loading.moddiscovery.ModFileInfo/LOADING]: Found valid mod file Towns-and-Towers-1.12-Fabric+Forge.jar with {t_and_t} mods - versions {0.0NONE}
[16Apr2025 19:03:12.311] [main/DEBUG] [net.minecraftforge.fml.loading.moddiscovery.ModFileParser/LOADING]: Considering mod file candidate /workspaces/SV_MNCFT_1/servidor_minecraft/mods/twilightforest-1.20.1-4.3.2508-universal.jar
[16Apr2025 19:03:12.312] [main/DEBUG] [net.minecraftforge.fml.loading.moddiscovery.ModFileInfo/LOADING]: Found valid mod file twilightforest-1.20.1-4.3.2508-universal.jar with {twilightforest} mods - versions {4.3.2508}
[16Apr2025 19:03:12.314] [main/DEBUG] [net.minecraftforge.fml.loading.moddiscovery.ModFileParser/LOADING]: Considering mod file candidate /workspaces/SV_MNCFT_1/servidor_minecraft/mods/voicechat-forge-1.20.1-2.5.26.jar
[16Apr2025 19:03:12.315] [main/DEBUG] [net.minecraftforge.fml.loading.moddiscovery.ModFileInfo/LOADING]: Found valid mod file voicechat-forge-1.20.1-2.5.26.jar with {voicechat} mods - versions {1.20.1-2.5.26}
[16Apr2025 19:03:12.316] [main/DEBUG] [net.minecraftforge.fml.loading.moddiscovery.ModFileParser/LOADING]: Considering mod file candidate /workspaces/SV_MNCFT_1/servidor_minecraft/mods/wthit-forge-8.16.1.jar
[16Apr2025 19:03:12.317] [main/DEBUG] [net.minecraftforge.fml.loading.moddiscovery.ModFileInfo/LOADING]: Found valid mod file wthit-forge-8.16.1.jar with {wthit,waila} mods - versions {8.16.1,8.16.1}
[16Apr2025 19:03:12.475] [main/DEBUG] [net.minecraftforge.fml.loading.moddiscovery.ModFileInfo/LOADING]: Found valid mod file server-1.20.1-20230612.114412-srg.jar with {minecraft} mods - versions {1.20.1}
[16Apr2025 19:03:12.478] [main/DEBUG] [net.minecraftforge.fml.loading.moddiscovery.ModFileParser/LOADING]: Considering mod file candidate /workspaces/SV_MNCFT_1/servidor_minecraft/libraries/net/minecraftforge/fmlcore/1.20.1-47.3.7/fmlcore-1.20.1-47.3.7.jar
[16Apr2025 19:03:12.479] [main/WARN] [net.minecraftforge.fml.loading.moddiscovery.ModFileParser/LOADING]: Mod file /workspaces/SV_MNCFT_1/servidor_minecraft/libraries/net/minecraftforge/fmlcore/1.20.1-47.3.7/fmlcore-1.20.1-47.3.7.jar is missing mods.toml file
[16Apr2025 19:03:12.480] [main/DEBUG] [net.minecraftforge.fml.loading.moddiscovery.ModFileParser/LOADING]: Considering mod file candidate /workspaces/SV_MNCFT_1/servidor_minecraft/libraries/net/minecraftforge/javafmllanguage/1.20.1-47.3.7/javafmllanguage-1.20.1-47.3.7.jar
[16Apr2025 19:03:12.481] [main/WARN] [net.minecraftforge.fml.loading.moddiscovery.ModFileParser/LOADING]: Mod file /workspaces/SV_MNCFT_1/servidor_minecraft/libraries/net/minecraftforge/javafmllanguage/1.20.1-47.3.7/javafmllanguage-1.20.1-47.3.7.jar is missing mods.toml file
[16Apr2025 19:03:12.483] [main/DEBUG] [net.minecraftforge.fml.loading.moddiscovery.ModFileParser/LOADING]: Considering mod file candidate /workspaces/SV_MNCFT_1/servidor_minecraft/libraries/net/minecraftforge/lowcodelanguage/1.20.1-47.3.7/lowcodelanguage-1.20.1-47.3.7.jar
[16Apr2025 19:03:12.483] [main/WARN] [net.minecraftforge.fml.loading.moddiscovery.ModFileParser/LOADING]: Mod file /workspaces/SV_MNCFT_1/servidor_minecraft/libraries/net/minecraftforge/lowcodelanguage/1.20.1-47.3.7/lowcodelanguage-1.20.1-47.3.7.jar is missing mods.toml file
[16Apr2025 19:03:12.484] [main/DEBUG] [net.minecraftforge.fml.loading.moddiscovery.ModFileParser/LOADING]: Considering mod file candidate /workspaces/SV_MNCFT_1/servidor_minecraft/libraries/net/minecraftforge/mclanguage/1.20.1-47.3.7/mclanguage-1.20.1-47.3.7.jar
[16Apr2025 19:03:12.484] [main/WARN] [net.minecraftforge.fml.loading.moddiscovery.ModFileParser/LOADING]: Mod file /workspaces/SV_MNCFT_1/servidor_minecraft/libraries/net/minecraftforge/mclanguage/1.20.1-47.3.7/mclanguage-1.20.1-47.3.7.jar is missing mods.toml file
[16Apr2025 19:03:12.526] [main/DEBUG] [net.minecraftforge.fml.loading.moddiscovery.ModFileParser/LOADING]: Considering mod file candidate /workspaces/SV_MNCFT_1/servidor_minecraft/libraries/net/minecraftforge/forge/1.20.1-47.3.7/forge-1.20.1-47.3.7-universal.jar
[16Apr2025 19:03:12.528] [main/DEBUG] [net.minecraftforge.fml.loading.moddiscovery.ModFileInfo/LOADING]: Found valid mod file forge-1.20.1-47.3.7-universal.jar with {forge} mods - versions {47.3.7}
[16Apr2025 19:03:12.539] [main/DEBUG] [net.minecraftforge.fml.loading.moddiscovery.AbstractJarFileDependencyLocator/]: Failed to load resource META-INF/jarjar/metadata.json from server-1.20.1-20230612.114412-srg.jar, it does not contain dependency information.
[16Apr2025 19:03:12.540] [main/DEBUG] [net.minecraftforge.fml.loading.moddiscovery.AbstractJarFileDependencyLocator/]: Failed to load resource META-INF/jarjar/metadata.json from badpackets-forge-0.4.3.jar, it does not contain dependency information.
[16Apr2025 19:03:12.540] [main/DEBUG] [net.minecraftforge.fml.loading.moddiscovery.AbstractJarFileDependencyLocator/]: Failed to load resource META-INF/jarjar/metadata.json from voicechat-forge-1.20.1-2.5.26.jar, it does not contain dependency information.
[16Apr2025 19:03:12.540] [main/DEBUG] [net.minecraftforge.fml.loading.moddiscovery.AbstractJarFileDependencyLocator/]: Failed to load resource META-INF/jarjar/metadata.json from tombstone-1.20.1-8.9.2.jar, it does not contain dependency information.
[16Apr2025 19:03:12.540] [main/DEBUG] [net.minecraftforge.fml.loading.moddiscovery.AbstractJarFileDependencyLocator/]: Failed to load resource META-INF/jarjar/metadata.json from tlc_forge-1.0.3-R-1.20.X.jar, it does not contain dependency information.
[16Apr2025 19:03:12.540] [main/DEBUG] [net.minecraftforge.fml.loading.moddiscovery.AbstractJarFileDependencyLocator/]: Failed to load resource META-INF/jarjar/metadata.json from CreativeCore_FORGE_v2.12.31_mc1.20.1.jar, it does not contain dependency information.
[16Apr2025 19:03:12.541] [main/DEBUG] [net.minecraftforge.fml.loading.moddiscovery.AbstractJarFileDependencyLocator/]: Failed to load resource META-INF/jarjar/metadata.json from jei-1.20.1-forge-15.20.0.106.jar, it does not contain dependency information.
[16Apr2025 19:03:12.541] [main/DEBUG] [net.minecraftforge.fml.loading.moddiscovery.AbstractJarFileDependencyLocator/]: Failed to load resource META-INF/jarjar/metadata.json from dungeons_enhanced-1.20.1-5.3.0.jar, it does not contain dependency information.
[16Apr2025 19:03:12.541] [main/DEBUG] [net.minecraftforge.fml.loading.moddiscovery.AbstractJarFileDependencyLocator/]: Failed to load resource META-INF/jarjar/metadata.json from wthit-forge-8.16.1.jar, it does not contain dependency information.
[16Apr2025 19:03:12.541] [main/DEBUG] [net.minecraftforge.fml.loading.moddiscovery.AbstractJarFileDependencyLocator/]: Failed to load resource META-INF/jarjar/metadata.json from simplybackpacks-1.20.1-2.1.5-build.51.jar, it does not contain dependency information.
[16Apr2025 19:03:12.542] [main/DEBUG] [net.minecraftforge.fml.loading.moddiscovery.AbstractJarFileDependencyLocator/]: Failed to load resource META-INF/jarjar/metadata.json from forge-1.20.1-47.3.7-universal.jar, it does not contain dependency information.
[16Apr2025 19:03:12.542] [main/DEBUG] [net.minecraftforge.fml.loading.moddiscovery.AbstractJarFileDependencyLocator/]: Failed to load resource META-INF/jarjar/metadata.json from reap-1.20.1-1.0.2.jar, it does not contain dependency information.
[16Apr2025 19:03:12.542] [main/DEBUG] [net.minecraftforge.fml.loading.moddiscovery.AbstractJarFileDependencyLocator/]: Failed to load resource META-INF/jarjar/metadata.json from Towns-and-Towers-1.12-Fabric+Forge.jar, it does not contain dependency information.
[16Apr2025 19:03:12.543] [main/DEBUG] [net.minecraftforge.fml.loading.moddiscovery.AbstractJarFileDependencyLocator/]: Failed to load resource META-INF/jarjar/metadata.json from twilightforest-1.20.1-4.3.2508-universal.jar, it does not contain dependency information.
[16Apr2025 19:03:12.543] [main/DEBUG] [net.minecraftforge.fml.loading.moddiscovery.AbstractJarFileDependencyLocator/]: Failed to load resource META-INF/jarjar/metadata.json from PlayerRevive_FORGE_v2.0.31_mc1.20.1.jar, it does not contain dependency information.
[16Apr2025 19:03:12.543] [main/DEBUG] [net.minecraftforge.fml.loading.moddiscovery.AbstractJarFileDependencyLocator/]: Failed to load resource META-INF/jarjar/metadata.json from structure_gel-1.20.1-2.16.2.jar, it does not contain dependency information.
[16Apr2025 19:03:12.544] [main/DEBUG] [net.minecraftforge.fml.loading.moddiscovery.AbstractJarFileDependencyLocator/]: Failed to load resource META-INF/jarjar/metadata.json from journeymap-1.20.1-5.10.3-forge.jar, it does not contain dependency information.
[16Apr2025 19:03:12.545] [main/DEBUG] [net.minecraftforge.fml.loading.moddiscovery.AbstractJarFileDependencyLocator/]: Failed to load resource META-INF/jarjar/metadata.json from infernalmobs-1.20.1.6.jar, it does not contain dependency information.
[16Apr2025 19:03:12.545] [main/DEBUG] [net.minecraftforge.fml.loading.moddiscovery.AbstractJarFileDependencyLocator/]: Failed to load resource META-INF/jarjar/metadata.json from mclanguage-1.20.1-47.3.7.jar, it does not contain dependency information.
[16Apr2025 19:03:12.545] [main/DEBUG] [net.minecraftforge.fml.loading.moddiscovery.AbstractJarFileDependencyLocator/]: Failed to load resource META-INF/jarjar/metadata.json from javafmllanguage-1.20.1-47.3.7.jar, it does not contain dependency information.
[16Apr2025 19:03:12.546] [main/DEBUG] [net.minecraftforge.fml.loading.moddiscovery.AbstractJarFileDependencyLocator/]: Failed to load resource META-INF/jarjar/metadata.json from fmlcore-1.20.1-47.3.7.jar, it does not contain dependency information.
[16Apr2025 19:03:12.546] [main/DEBUG] [net.minecraftforge.fml.loading.moddiscovery.AbstractJarFileDependencyLocator/]: Failed to load resource META-INF/jarjar/metadata.json from lowcodelanguage-1.20.1-47.3.7.jar, it does not contain dependency information.
[16Apr2025 19:03:12.603] [main/DEBUG] [net.minecraftforge.fml.loading.moddiscovery.ModFileParser/LOADING]: Considering mod file candidate 
[16Apr2025 19:03:12.604] [main/DEBUG] [net.minecraftforge.fml.loading.moddiscovery.ModFileInfo/LOADING]: Found valid mod file puzzlesaccessapi-forge-20.1.1.jar with {puzzlesaccessapi} mods - versions {20.1.1}
[16Apr2025 19:03:12.606] [main/DEBUG] [net.minecraftforge.fml.loading.moddiscovery.ModFileParser/LOADING]: Considering mod file candidate 
[16Apr2025 19:03:12.606] [main/DEBUG] [net.minecraftforge.fml.loading.moddiscovery.ModFileInfo/LOADING]: Found valid mod file mixinextras-forge-0.4.1.jar with {mixinextras} mods - versions {0.4.1}
[16Apr2025 19:03:12.606] [main/DEBUG] [net.minecraftforge.fml.loading.moddiscovery.AbstractJarFileDependencyLocator/]: Failed to load resource META-INF/jarjar/metadata.json from jankson-1.2.3.jar, it does not contain dependency information.
[16Apr2025 19:03:12.607] [main/DEBUG] [net.minecraftforge.fml.loading.moddiscovery.AbstractJarFileDependencyLocator/]: Failed to load resource META-INF/jarjar/metadata.json from puzzlesaccessapi-forge-20.1.1.jar, it does not contain dependency information.
[16Apr2025 19:03:12.617] [main/DEBUG] [net.minecraftforge.fml.loading.moddiscovery.AbstractJarFileDependencyLocator/]: Failed to load resource META-INF/jarjar/metadata.json from MixinExtras-0.4.1.jar, it does not contain dependency information.
[16Apr2025 19:03:12.644] [main/DEBUG] [net.minecraftforge.fml.loading.moddiscovery.ModFileParser/LOADING]: Considering mod file candidate 
[16Apr2025 19:03:12.645] [main/DEBUG] [net.minecraftforge.fml.loading.moddiscovery.ModFileInfo/LOADING]: Found valid mod file puzzlesaccessapi-forge-20.1.1.jar with {puzzlesaccessapi} mods - versions {20.1.1}
[16Apr2025 19:03:12.656] [main/DEBUG] [net.minecraftforge.fml.loading.moddiscovery.ModFileParser/LOADING]: Considering mod file candidate 
[16Apr2025 19:03:12.656] [main/DEBUG] [net.minecraftforge.fml.loading.moddiscovery.ModFileInfo/LOADING]: Found valid mod file mixinextras-forge-0.4.1.jar with {mixinextras} mods - versions {0.4.1}
[16Apr2025 19:03:12.658] [main/INFO] [net.minecraftforge.fml.loading.moddiscovery.JarInJarDependencyLocator/]: Found 4 dependencies adding them to mods collection
[16Apr2025 19:03:12.660] [main/DEBUG] [net.minecraftforge.fml.loading.moddiscovery.ModFileParser/LOADING]: Considering mod file candidate /workspaces/SV_MNCFT_1/servidor_minecraft/mods/badpackets-forge-0.4.3.jar
[16Apr2025 19:03:12.660] [main/DEBUG] [net.minecraftforge.fml.loading.moddiscovery.ModFileInfo/LOADING]: Found valid mod file badpackets-forge-0.4.3.jar with {badpackets} mods - versions {0.4.3}
[16Apr2025 19:03:12.662] [main/DEBUG] [net.minecraftforge.fml.loading.moddiscovery.ModFile/LOADING]: Loading mod file /workspaces/SV_MNCFT_1/servidor_minecraft/mods/badpackets-forge-0.4.3.jar with languages [LanguageSpec[languageName=javafml, acceptedVersions=[38,)]]
[16Apr2025 19:03:12.663] [main/DEBUG] [net.minecraftforge.fml.loading.moddiscovery.ModFileInfo/LOADING]: Found valid mod file server-1.20.1-20230612.114412-srg.jar with {minecraft} mods - versions {1.20.1}
[16Apr2025 19:03:12.663] [main/DEBUG] [net.minecraftforge.fml.loading.moddiscovery.ModFile/LOADING]: Loading mod file /workspaces/SV_MNCFT_1/servidor_minecraft/libraries/net/minecraft/server/1.20.1-20230612.114412/server-1.20.1-20230612.114412-srg.jar with languages [LanguageSpec[languageName=minecraft, acceptedVersions=1]]
[16Apr2025 19:03:12.663] [main/DEBUG] [net.minecraftforge.fml.loading.moddiscovery.ModFileParser/LOADING]: Considering mod file candidate /workspaces/SV_MNCFT_1/servidor_minecraft/mods/voicechat-forge-1.20.1-2.5.26.jar
[16Apr2025 19:03:12.664] [main/DEBUG] [net.minecraftforge.fml.loading.moddiscovery.ModFileInfo/LOADING]: Found valid mod file voicechat-forge-1.20.1-2.5.26.jar with {voicechat} mods - versions {1.20.1-2.5.26}
[16Apr2025 19:03:12.664] [main/DEBUG] [net.minecraftforge.fml.loading.moddiscovery.ModFile/LOADING]: Loading mod file /workspaces/SV_MNCFT_1/servidor_minecraft/mods/voicechat-forge-1.20.1-2.5.26.jar with languages [LanguageSpec[languageName=javafml, acceptedVersions=*]]
[16Apr2025 19:03:12.664] [main/DEBUG] [net.minecraftforge.fml.loading.moddiscovery.ModFileParser/LOADING]: Considering mod file candidate /workspaces/SV_MNCFT_1/servidor_minecraft/mods/tombstone-1.20.1-8.9.2.jar
[16Apr2025 19:03:12.665] [main/DEBUG] [net.minecraftforge.fml.loading.moddiscovery.ModFileInfo/LOADING]: Found valid mod file tombstone-1.20.1-8.9.2.jar with {tombstone} mods - versions {8.9.2}
[16Apr2025 19:03:12.665] [main/DEBUG] [net.minecraftforge.fml.loading.moddiscovery.ModFile/LOADING]: Loading mod file /workspaces/SV_MNCFT_1/servidor_minecraft/mods/tombstone-1.20.1-8.9.2.jar with languages [LanguageSpec[languageName=javafml, acceptedVersions=[46,)]]
[16Apr2025 19:03:12.665] [main/DEBUG] [net.minecraftforge.fml.loading.moddiscovery.ModFileParser/LOADING]: Considering mod file candidate /workspaces/SV_MNCFT_1/servidor_minecraft/mods/MutantMonsters-v8.0.7-1.20.1-Forge.jar
[16Apr2025 19:03:12.667] [main/DEBUG] [net.minecraftforge.fml.loading.moddiscovery.ModFileInfo/LOADING]: Found valid mod file MutantMonsters-v8.0.7-1.20.1-Forge.jar with {mutantmonsters} mods - versions {8.0.7}
[16Apr2025 19:03:12.668] [main/DEBUG] [net.minecraftforge.fml.loading.moddiscovery.ModFile/LOADING]: Loading mod file /workspaces/SV_MNCFT_1/servidor_minecraft/mods/MutantMonsters-v8.0.7-1.20.1-Forge.jar with languages [LanguageSpec[languageName=javafml, acceptedVersions=[47,)]]
[16Apr2025 19:03:12.668] [main/DEBUG] [net.minecraftforge.fml.loading.moddiscovery.ModFileParser/LOADING]: Considering mod file candidate /workspaces/SV_MNCFT_1/servidor_minecraft/mods/tlc_forge-1.0.3-R-1.20.X.jar
[16Apr2025 19:03:12.668] [main/DEBUG] [net.minecraftforge.fml.loading.moddiscovery.ModFileInfo/LOADING]: Found valid mod file tlc_forge-1.0.3-R-1.20.X.jar with {tlc} mods - versions {1.0.2}
[16Apr2025 19:03:12.669] [main/DEBUG] [net.minecraftforge.fml.loading.moddiscovery.ModFile/LOADING]: Loading mod file /workspaces/SV_MNCFT_1/servidor_minecraft/mods/tlc_forge-1.0.3-R-1.20.X.jar with languages [LanguageSpec[languageName=javafml, acceptedVersions=[41,)]]
[16Apr2025 19:03:12.669] [main/DEBUG] [net.minecraftforge.fml.loading.moddiscovery.ModFileParser/LOADING]: Considering mod file candidate /workspaces/SV_MNCFT_1/servidor_minecraft/mods/CreativeCore_FORGE_v2.12.31_mc1.20.1.jar
[16Apr2025 19:03:12.669] [main/DEBUG] [net.minecraftforge.fml.loading.moddiscovery.ModFileInfo/LOADING]: Found valid mod file CreativeCore_FORGE_v2.12.31_mc1.20.1.jar with {creativecore} mods - versions {2.12.31}
[16Apr2025 19:03:12.669] [main/DEBUG] [net.minecraftforge.fml.loading.moddiscovery.ModFile/LOADING]: Loading mod file /workspaces/SV_MNCFT_1/servidor_minecraft/mods/CreativeCore_FORGE_v2.12.31_mc1.20.1.jar with languages [LanguageSpec[languageName=javafml, acceptedVersions=[46,)]]
[16Apr2025 19:03:12.670] [main/DEBUG] [net.minecraftforge.fml.loading.moddiscovery.ModFileParser/LOADING]: Considering mod file candidate /workspaces/SV_MNCFT_1/servidor_minecraft/mods/jei-1.20.1-forge-15.20.0.106.jar
[16Apr2025 19:03:12.670] [main/DEBUG] [net.minecraftforge.fml.loading.moddiscovery.ModFileInfo/LOADING]: Found valid mod file jei-1.20.1-forge-15.20.0.106.jar with {jei} mods - versions {15.20.0.106}
[16Apr2025 19:03:12.671] [main/DEBUG] [net.minecraftforge.fml.loading.moddiscovery.ModFile/LOADING]: Loading mod file /workspaces/SV_MNCFT_1/servidor_minecraft/mods/jei-1.20.1-forge-15.20.0.106.jar with languages [LanguageSpec[languageName=javafml, acceptedVersions=[47,)]]
[16Apr2025 19:03:12.671] [main/DEBUG] [net.minecraftforge.fml.loading.moddiscovery.ModFileParser/LOADING]: Considering mod file candidate /workspaces/SV_MNCFT_1/servidor_minecraft/mods/PuzzlesLib-v8.1.29-1.20.1-Forge.jar
[16Apr2025 19:03:12.671] [main/DEBUG] [net.minecraftforge.fml.loading.moddiscovery.ModFileInfo/LOADING]: Found valid mod file PuzzlesLib-v8.1.29-1.20.1-Forge.jar with {puzzleslib} mods - versions {8.1.29}
[16Apr2025 19:03:12.672] [main/DEBUG] [net.minecraftforge.fml.loading.moddiscovery.ModFile/LOADING]: Loading mod file /workspaces/SV_MNCFT_1/servidor_minecraft/mods/PuzzlesLib-v8.1.29-1.20.1-Forge.jar with languages [LanguageSpec[languageName=javafml, acceptedVersions=[47,)]]
[16Apr2025 19:03:12.672] [main/DEBUG] [net.minecraftforge.fml.loading.moddiscovery.ModFileParser/LOADING]: Considering mod file candidate /workspaces/SV_MNCFT_1/servidor_minecraft/mods/dungeons_enhanced-1.20.1-5.3.0.jar
[16Apr2025 19:03:12.673] [main/DEBUG] [net.minecraftforge.fml.loading.moddiscovery.ModFileInfo/LOADING]: Found valid mod file dungeons_enhanced-1.20.1-5.3.0.jar with {dungeons_enhanced} mods - versions {5.3.0}
[16Apr2025 19:03:12.673] [main/DEBUG] [net.minecraftforge.fml.loading.moddiscovery.ModFile/LOADING]: Loading mod file /workspaces/SV_MNCFT_1/servidor_minecraft/mods/dungeons_enhanced-1.20.1-5.3.0.jar with languages [LanguageSpec[languageName=javafml, acceptedVersions=[47,)]]
[16Apr2025 19:03:12.673] [main/DEBUG] [net.minecraftforge.fml.loading.moddiscovery.ModFileParser/LOADING]: Considering mod file candidate 
[16Apr2025 19:03:12.673] [main/DEBUG] [net.minecraftforge.fml.loading.moddiscovery.ModFileInfo/LOADING]: Found valid mod file puzzlesaccessapi-forge-20.1.1.jar with {puzzlesaccessapi} mods - versions {20.1.1}
[16Apr2025 19:03:12.674] [main/DEBUG] [net.minecraftforge.fml.loading.moddiscovery.ModFile/LOADING]: Loading mod file  with languages [LanguageSpec[languageName=javafml, acceptedVersions=*]]
[16Apr2025 19:03:12.674] [main/DEBUG] [net.minecraftforge.fml.loading.moddiscovery.ModFileParser/LOADING]: Considering mod file candidate /workspaces/SV_MNCFT_1/servidor_minecraft/mods/simplybackpacks-1.20.1-2.1.5-build.51.jar
[16Apr2025 19:03:12.674] [main/DEBUG] [net.minecraftforge.fml.loading.moddiscovery.ModFileInfo/LOADING]: Found valid mod file simplybackpacks-1.20.1-2.1.5-build.51.jar with {simplybackpacks} mods - versions {1.20.1-2.1.5-build.51}
[16Apr2025 19:03:12.675] [main/DEBUG] [net.minecraftforge.fml.loading.moddiscovery.ModFile/LOADING]: Loading mod file /workspaces/SV_MNCFT_1/servidor_minecraft/mods/simplybackpacks-1.20.1-2.1.5-build.51.jar with languages [LanguageSpec[languageName=javafml, acceptedVersions=[47,)]]
[16Apr2025 19:03:12.675] [main/DEBUG] [net.minecraftforge.fml.loading.moddiscovery.ModFileParser/LOADING]: Considering mod file candidate /workspaces/SV_MNCFT_1/servidor_minecraft/mods/wthit-forge-8.16.1.jar
[16Apr2025 19:03:12.676] [main/DEBUG] [net.minecraftforge.fml.loading.moddiscovery.ModFileInfo/LOADING]: Found valid mod file wthit-forge-8.16.1.jar with {wthit,waila} mods - versions {8.16.1,8.16.1}
[16Apr2025 19:03:12.676] [main/DEBUG] [net.minecraftforge.fml.loading.moddiscovery.ModFile/LOADING]: Loading mod file /workspaces/SV_MNCFT_1/servidor_minecraft/mods/wthit-forge-8.16.1.jar with languages [LanguageSpec[languageName=javafml, acceptedVersions=[38,)]]
[16Apr2025 19:03:12.676] [main/DEBUG] [net.minecraftforge.fml.loading.moddiscovery.ModFileParser/LOADING]: Considering mod file candidate /workspaces/SV_MNCFT_1/servidor_minecraft/libraries/net/minecraftforge/forge/1.20.1-47.3.7/forge-1.20.1-47.3.7-universal.jar
[16Apr2025 19:03:12.676] [main/DEBUG] [net.minecraftforge.fml.loading.moddiscovery.ModFileInfo/LOADING]: Found valid mod file forge-1.20.1-47.3.7-universal.jar with {forge} mods - versions {47.3.7}
[16Apr2025 19:03:12.677] [main/DEBUG] [net.minecraftforge.fml.loading.moddiscovery.ModFile/LOADING]: Loading mod file /workspaces/SV_MNCFT_1/servidor_minecraft/libraries/net/minecraftforge/forge/1.20.1-47.3.7/forge-1.20.1-47.3.7-universal.jar with languages [LanguageSpec[languageName=javafml, acceptedVersions=[24,]]]
[16Apr2025 19:03:12.679] [main/DEBUG] [net.minecraftforge.fml.loading.moddiscovery.ModFileParser/LOADING]: Found coremod field_to_method with Javascript path coremods/field_to_method.js
[16Apr2025 19:03:12.679] [main/DEBUG] [net.minecraftforge.fml.loading.moddiscovery.ModFileParser/LOADING]: Found coremod field_to_instanceof with Javascript path coremods/field_to_instanceof.js
[16Apr2025 19:03:12.679] [main/DEBUG] [net.minecraftforge.fml.loading.moddiscovery.ModFileParser/LOADING]: Found coremod add_bouncer_method with Javascript path coremods/add_bouncer_method.js
[16Apr2025 19:03:12.679] [main/DEBUG] [net.minecraftforge.fml.loading.moddiscovery.ModFileParser/LOADING]: Found coremod method_redirector with Javascript path coremods/method_redirector.js
[16Apr2025 19:03:12.680] [main/DEBUG] [net.minecraftforge.fml.loading.moddiscovery.ModFile/LOADING]: Found coremod coremods/field_to_method.js
[16Apr2025 19:03:12.680] [main/DEBUG] [net.minecraftforge.fml.loading.moddiscovery.ModFile/LOADING]: Found coremod coremods/field_to_instanceof.js
[16Apr2025 19:03:12.680] [main/DEBUG] [net.minecraftforge.fml.loading.moddiscovery.ModFile/LOADING]: Found coremod coremods/add_bouncer_method.js
[16Apr2025 19:03:12.680] [main/DEBUG] [net.minecraftforge.fml.loading.moddiscovery.ModFile/LOADING]: Found coremod coremods/method_redirector.js
[16Apr2025 19:03:12.680] [main/DEBUG] [net.minecraftforge.fml.loading.moddiscovery.ModFileParser/LOADING]: Considering mod file candidate /workspaces/SV_MNCFT_1/servidor_minecraft/mods/reap-1.20.1-1.0.2.jar
[16Apr2025 19:03:12.681] [main/DEBUG] [net.minecraftforge.fml.loading.moddiscovery.ModFileInfo/LOADING]: Found valid mod file reap-1.20.1-1.0.2.jar with {reap} mods - versions {1.20.1-1.0.2}
[16Apr2025 19:03:12.681] [main/DEBUG] [net.minecraftforge.fml.loading.moddiscovery.ModFile/LOADING]: Loading mod file /workspaces/SV_MNCFT_1/servidor_minecraft/mods/reap-1.20.1-1.0.2.jar with languages [LanguageSpec[languageName=javafml, acceptedVersions=[47,)]]
[16Apr2025 19:03:12.681] [main/DEBUG] [net.minecraftforge.fml.loading.moddiscovery.ModFileParser/LOADING]: Considering mod file candidate /workspaces/SV_MNCFT_1/servidor_minecraft/mods/Towns-and-Towers-1.12-Fabric+Forge.jar
[16Apr2025 19:03:12.681] [main/DEBUG] [net.minecraftforge.fml.loading.moddiscovery.ModFileInfo/LOADING]: Found valid mod file Towns-and-Towers-1.12-Fabric+Forge.jar with {t_and_t} mods - versions {0.0NONE}
[16Apr2025 19:03:12.682] [main/DEBUG] [net.minecraftforge.fml.loading.moddiscovery.ModFile/LOADING]: Loading mod file /workspaces/SV_MNCFT_1/servidor_minecraft/mods/Towns-and-Towers-1.12-Fabric+Forge.jar with languages [LanguageSpec[languageName=javafml, acceptedVersions=[43,)]]
[16Apr2025 19:03:12.682] [main/DEBUG] [net.minecraftforge.fml.loading.moddiscovery.ModFileParser/LOADING]: Considering mod file candidate /workspaces/SV_MNCFT_1/servidor_minecraft/mods/twilightforest-1.20.1-4.3.2508-universal.jar
[16Apr2025 19:03:12.682] [main/DEBUG] [net.minecraftforge.fml.loading.moddiscovery.ModFileInfo/LOADING]: Found valid mod file twilightforest-1.20.1-4.3.2508-universal.jar with {twilightforest} mods - versions {4.3.2508}
[16Apr2025 19:03:12.682] [main/DEBUG] [net.minecraftforge.fml.loading.moddiscovery.ModFile/LOADING]: Loading mod file /workspaces/SV_MNCFT_1/servidor_minecraft/mods/twilightforest-1.20.1-4.3.2508-universal.jar with languages [LanguageSpec[languageName=javafml, acceptedVersions=[47,)]]
[16Apr2025 19:03:12.683] [main/DEBUG] [net.minecraftforge.fml.loading.moddiscovery.ModFileParser/LOADING]: Found coremod seed with Javascript path META-INF/asm/seed.js
[16Apr2025 19:03:12.683] [main/DEBUG] [net.minecraftforge.fml.loading.moddiscovery.ModFileParser/LOADING]: Found coremod maprendercontext with Javascript path META-INF/asm/maprendercontext.js
[16Apr2025 19:03:12.683] [main/DEBUG] [net.minecraftforge.fml.loading.moddiscovery.ModFileParser/LOADING]: Found coremod music with Javascript path META-INF/asm/music.js
[16Apr2025 19:03:12.683] [main/DEBUG] [net.minecraftforge.fml.loading.moddiscovery.ModFileParser/LOADING]: Found coremod multipart with Javascript path META-INF/asm/multipart.js
[16Apr2025 19:03:12.683] [main/DEBUG] [net.minecraftforge.fml.loading.moddiscovery.ModFileParser/LOADING]: Found coremod foliage with Javascript path META-INF/asm/foliage.js
[16Apr2025 19:03:12.683] [main/DEBUG] [net.minecraftforge.fml.loading.moddiscovery.ModFileParser/LOADING]: Found coremod mount with Javascript path META-INF/asm/mount.js
[16Apr2025 19:03:12.684] [main/DEBUG] [net.minecraftforge.fml.loading.moddiscovery.ModFileParser/LOADING]: Found coremod book with Javascript path META-INF/asm/book.js
[16Apr2025 19:03:12.684] [main/DEBUG] [net.minecraftforge.fml.loading.moddiscovery.ModFileParser/LOADING]: Found coremod conquered with Javascript path META-INF/asm/conquered.js
[16Apr2025 19:03:12.684] [main/DEBUG] [net.minecraftforge.fml.loading.moddiscovery.ModFileParser/LOADING]: Found coremod reach with Javascript path META-INF/asm/reach.js
[16Apr2025 19:03:12.684] [main/DEBUG] [net.minecraftforge.fml.loading.moddiscovery.ModFileParser/LOADING]: Found coremod shroom with Javascript path META-INF/asm/shroom.js
[16Apr2025 19:03:12.684] [main/DEBUG] [net.minecraftforge.fml.loading.moddiscovery.ModFileParser/LOADING]: Found coremod cloud with Javascript path META-INF/asm/cloud.js
[16Apr2025 19:03:12.684] [main/DEBUG] [net.minecraftforge.fml.loading.moddiscovery.ModFileParser/LOADING]: Found coremod lead with Javascript path META-INF/asm/lead.js
[16Apr2025 19:03:12.685] [main/DEBUG] [net.minecraftforge.fml.loading.moddiscovery.ModFile/LOADING]: Found coremod META-INF/asm/seed.js
[16Apr2025 19:03:12.685] [main/DEBUG] [net.minecraftforge.fml.loading.moddiscovery.ModFile/LOADING]: Found coremod META-INF/asm/maprendercontext.js
[16Apr2025 19:03:12.685] [main/DEBUG] [net.minecraftforge.fml.loading.moddiscovery.ModFile/LOADING]: Found coremod META-INF/asm/music.js
[16Apr2025 19:03:12.685] [main/DEBUG] [net.minecraftforge.fml.loading.moddiscovery.ModFile/LOADING]: Found coremod META-INF/asm/multipart.js
[16Apr2025 19:03:12.685] [main/DEBUG] [net.minecraftforge.fml.loading.moddiscovery.ModFile/LOADING]: Found coremod META-INF/asm/foliage.js
[16Apr2025 19:03:12.685] [main/DEBUG] [net.minecraftforge.fml.loading.moddiscovery.ModFile/LOADING]: Found coremod META-INF/asm/mount.js
[16Apr2025 19:03:12.685] [main/DEBUG] [net.minecraftforge.fml.loading.moddiscovery.ModFile/LOADING]: Found coremod META-INF/asm/book.js
[16Apr2025 19:03:12.685] [main/DEBUG] [net.minecraftforge.fml.loading.moddiscovery.ModFile/LOADING]: Found coremod META-INF/asm/conquered.js
[16Apr2025 19:03:12.685] [main/DEBUG] [net.minecraftforge.fml.loading.moddiscovery.ModFile/LOADING]: Found coremod META-INF/asm/reach.js
[16Apr2025 19:03:12.686] [main/DEBUG] [net.minecraftforge.fml.loading.moddiscovery.ModFile/LOADING]: Found coremod META-INF/asm/shroom.js
[16Apr2025 19:03:12.686] [main/DEBUG] [net.minecraftforge.fml.loading.moddiscovery.ModFile/LOADING]: Found coremod META-INF/asm/cloud.js
[16Apr2025 19:03:12.686] [main/DEBUG] [net.minecraftforge.fml.loading.moddiscovery.ModFile/LOADING]: Found coremod META-INF/asm/lead.js
[16Apr2025 19:03:12.686] [main/DEBUG] [net.minecraftforge.fml.loading.moddiscovery.ModFileParser/LOADING]: Considering mod file candidate /workspaces/SV_MNCFT_1/servidor_minecraft/mods/PlayerRevive_FORGE_v2.0.31_mc1.20.1.jar
[16Apr2025 19:03:12.688] [main/DEBUG] [net.minecraftforge.fml.loading.moddiscovery.ModFileInfo/LOADING]: Found valid mod file PlayerRevive_FORGE_v2.0.31_mc1.20.1.jar with {playerrevive} mods - versions {2.0.31}
[16Apr2025 19:03:12.689] [main/DEBUG] [net.minecraftforge.fml.loading.moddiscovery.ModFile/LOADING]: Loading mod file /workspaces/SV_MNCFT_1/servidor_minecraft/mods/PlayerRevive_FORGE_v2.0.31_mc1.20.1.jar with languages [LanguageSpec[languageName=javafml, acceptedVersions=[46,)]]
[16Apr2025 19:03:12.690] [main/DEBUG] [net.minecraftforge.fml.loading.moddiscovery.ModFileParser/LOADING]: Considering mod file candidate /workspaces/SV_MNCFT_1/servidor_minecraft/mods/infernalmobs-1.20.1.6.jar
[16Apr2025 19:03:12.690] [main/DEBUG] [net.minecraftforge.fml.loading.moddiscovery.ModFileInfo/LOADING]: Found valid mod file infernalmobs-1.20.1.6.jar with {infernalmobs} mods - versions {1.20.1.6}
[16Apr2025 19:03:12.691] [main/DEBUG] [net.minecraftforge.fml.loading.moddiscovery.ModFile/LOADING]: Loading mod file /workspaces/SV_MNCFT_1/servidor_minecraft/mods/infernalmobs-1.20.1.6.jar with languages [LanguageSpec[languageName=javafml, acceptedVersions=[37,)]]
[16Apr2025 19:03:12.691] [main/DEBUG] [net.minecraftforge.fml.loading.moddiscovery.ModFileParser/LOADING]: Considering mod file candidate /workspaces/SV_MNCFT_1/servidor_minecraft/mods/journeymap-1.20.1-5.10.3-forge.jar
[16Apr2025 19:03:12.691] [main/DEBUG] [net.minecraftforge.fml.loading.moddiscovery.ModFileInfo/LOADING]: Found valid mod file journeymap-1.20.1-5.10.3-forge.jar with {journeymap} mods - versions {5.10.3}
[16Apr2025 19:03:12.692] [main/DEBUG] [net.minecraftforge.fml.loading.moddiscovery.ModFile/LOADING]: Loading mod file /workspaces/SV_MNCFT_1/servidor_minecraft/mods/journeymap-1.20.1-5.10.3-forge.jar with languages [LanguageSpec[languageName=javafml, acceptedVersions=[44,)]]
[16Apr2025 19:03:12.692] [main/DEBUG] [net.minecraftforge.fml.loading.moddiscovery.ModFileParser/LOADING]: Found coremod journeymap potion effect transformer with Javascript path potion-effects-shift.js
[16Apr2025 19:03:12.692] [main/DEBUG] [net.minecraftforge.fml.loading.moddiscovery.ModFile/LOADING]: Found coremod potion-effects-shift.js
[16Apr2025 19:03:12.692] [main/DEBUG] [net.minecraftforge.fml.loading.moddiscovery.ModFileParser/LOADING]: Considering mod file candidate /workspaces/SV_MNCFT_1/servidor_minecraft/mods/structure_gel-1.20.1-2.16.2.jar
[16Apr2025 19:03:12.693] [main/DEBUG] [net.minecraftforge.fml.loading.moddiscovery.ModFileInfo/LOADING]: Found valid mod file structure_gel-1.20.1-2.16.2.jar with {structure_gel} mods - versions {2.16.2}
[16Apr2025 19:03:12.693] [main/DEBUG] [net.minecraftforge.fml.loading.moddiscovery.ModFile/LOADING]: Loading mod file /workspaces/SV_MNCFT_1/servidor_minecraft/mods/structure_gel-1.20.1-2.16.2.jar with languages [LanguageSpec[languageName=javafml, acceptedVersions=[47,)]]
[16Apr2025 19:03:12.693] [main/DEBUG] [net.minecraftforge.fml.loading.moddiscovery.ModFileParser/LOADING]: Considering mod file candidate /workspaces/SV_MNCFT_1/servidor_minecraft/mods/cristellib-1.1.6-forge.jar
[16Apr2025 19:03:12.694] [main/DEBUG] [net.minecraftforge.fml.loading.moddiscovery.ModFileInfo/LOADING]: Found valid mod file cristellib-1.1.6-forge.jar with {cristellib} mods - versions {1.1.6}
[16Apr2025 19:03:12.694] [main/DEBUG] [net.minecraftforge.fml.loading.moddiscovery.ModFile/LOADING]: Loading mod file /workspaces/SV_MNCFT_1/servidor_minecraft/mods/cristellib-1.1.6-forge.jar with languages [LanguageSpec[languageName=javafml, acceptedVersions=[47,)]]
[16Apr2025 19:03:12.694] [main/DEBUG] [net.minecraftforge.fml.loading.moddiscovery.ModFileParser/LOADING]: Considering mod file candidate 
[16Apr2025 19:03:12.695] [main/DEBUG] [net.minecraftforge.fml.loading.moddiscovery.ModFileInfo/LOADING]: Found valid mod file mixinextras-forge-0.4.1.jar with {mixinextras} mods - versions {0.4.1}
[16Apr2025 19:03:12.695] [main/DEBUG] [net.minecraftforge.fml.loading.moddiscovery.ModFile/LOADING]: Loading mod file  with languages [LanguageSpec[languageName=javafml, acceptedVersions=*]]
[16Apr2025 19:03:12.695] [main/DEBUG] [net.minecraftforge.fml.loading.moddiscovery.ModFile/LOADING]: Loading mod file  with languages []
[16Apr2025 19:03:12.695] [main/DEBUG] [net.minecraftforge.fml.loading.moddiscovery.ModFile/LOADING]: Loading mod file  with languages []
[16Apr2025 19:03:12.696] [main/DEBUG] [net.minecraftforge.fml.loading.moddiscovery.ModFileParser/LOADING]: Considering mod file candidate 
[16Apr2025 19:03:12.696] [main/DEBUG] [net.minecraftforge.fml.loading.moddiscovery.ModFileInfo/LOADING]: Found valid mod file mixinextras-forge-0.4.1.jar with {mixinextras} mods - versions {0.4.1}
[16Apr2025 19:03:12.696] [main/DEBUG] [net.minecraftforge.fml.loading.moddiscovery.ModFile/LOADING]: Loading mod file  with languages [LanguageSpec[languageName=javafml, acceptedVersions=*]]
[16Apr2025 19:03:12.696] [main/DEBUG] [net.minecraftforge.fml.loading.moddiscovery.ModFile/LOADING]: Loading mod file  with languages []
[16Apr2025 19:03:12.697] [main/DEBUG] [net.minecraftforge.fml.loading.moddiscovery.ModFile/LOADING]: Loading mod file  with languages []
[16Apr2025 19:03:12.698] [main/DEBUG] [cpw.mods.modlauncher.TransformationServiceDecorator/MODLAUNCHER]: End scan trigger - transformation service fml
[16Apr2025 19:03:12.709] [main/DEBUG] [net.minecraftforge.fml.loading.LanguageLoadingProvider/CORE]: Found 3 language providers
[16Apr2025 19:03:12.709] [main/DEBUG] [net.minecraftforge.fml.loading.LanguageLoadingProvider/CORE]: Found language provider minecraft, version 1.0
[16Apr2025 19:03:12.710] [main/DEBUG] [net.minecraftforge.fml.loading.LanguageLoadingProvider/CORE]: Found language provider lowcodefml, version 47
[16Apr2025 19:03:12.710] [main/DEBUG] [net.minecraftforge.fml.loading.LanguageLoadingProvider/CORE]: Found language provider javafml, version 47
[16Apr2025 19:03:12.714] [main/DEBUG] [net.minecraftforge.fml.loading.UniqueModListBuilder/]: Found 2 mods for first modid jankson, selecting most recent based on version data
[16Apr2025 19:03:12.715] [main/DEBUG] [net.minecraftforge.fml.loading.UniqueModListBuilder/]: Selected file jankson-1.2.3.jar for modid jankson with version 0.0NONE
[16Apr2025 19:03:12.715] [main/DEBUG] [net.minecraftforge.fml.loading.UniqueModListBuilder/]: Found 2 mods for first modid mixinextras, selecting most recent based on version data
[16Apr2025 19:03:12.715] [main/DEBUG] [net.minecraftforge.fml.loading.UniqueModListBuilder/]: Selected file mixinextras-forge-0.4.1.jar for modid mixinextras with version 0.4.1
[16Apr2025 19:03:12.715] [main/DEBUG] [net.minecraftforge.fml.loading.UniqueModListBuilder/]: Found 2 mods for first modid MixinExtras, selecting most recent based on version data
[16Apr2025 19:03:12.716] [main/DEBUG] [net.minecraftforge.fml.loading.UniqueModListBuilder/]: Selected file MixinExtras-0.4.1.jar for modid MixinExtras with version 0.0NONE
[16Apr2025 19:03:12.717] [main/DEBUG] [net.minecraftforge.fml.loading.ModSorter/]: Configured system mods: [minecraft, forge]
[16Apr2025 19:03:12.717] [main/DEBUG] [net.minecraftforge.fml.loading.ModSorter/]: Found system mod: minecraft
[16Apr2025 19:03:12.717] [main/DEBUG] [net.minecraftforge.fml.loading.ModSorter/]: Found system mod: forge
[16Apr2025 19:03:12.720] [main/DEBUG] [net.minecraftforge.fml.loading.ModSorter/LOADING]: Found 42 mod requirements (41 mandatory, 1 optional)
[16Apr2025 19:03:12.721] [main/DEBUG] [net.minecraftforge.fml.loading.ModSorter/LOADING]: Found 0 mod requirements missing (0 mandatory, 0 optional)
[16Apr2025 19:03:13.460] [main/DEBUG] [cpw.mods.modlauncher.TransformationServicesHandler/MODLAUNCHER]: Transformation services loading transformers
[16Apr2025 19:03:13.460] [main/DEBUG] [cpw.mods.modlauncher.TransformationServiceDecorator/MODLAUNCHER]: Initializing transformers for transformation service mixin
[16Apr2025 19:03:13.461] [main/DEBUG] [cpw.mods.modlauncher.TransformationServiceDecorator/MODLAUNCHER]: Initialized transformers for transformation service mixin
[16Apr2025 19:03:13.461] [main/DEBUG] [cpw.mods.modlauncher.TransformationServiceDecorator/MODLAUNCHER]: Initializing transformers for transformation service fml
[16Apr2025 19:03:13.461] [main/DEBUG] [net.minecraftforge.fml.loading.FMLServiceProvider/CORE]: Loading coremod transformers
[16Apr2025 19:03:13.461] [main/DEBUG] [net.minecraftforge.coremod.CoreModEngine/COREMOD]: Loading CoreMod from potion-effects-shift.js
[16Apr2025 19:03:13.759] [main/DEBUG] [net.minecraftforge.coremod.CoreModEngine/COREMOD]: CoreMod loaded successfully
[16Apr2025 19:03:13.759] [main/DEBUG] [net.minecraftforge.coremod.CoreModEngine/COREMOD]: Loading CoreMod from coremods/field_to_method.js
[16Apr2025 19:03:13.791] [main/DEBUG] [net.minecraftforge.coremod.CoreModEngine/COREMOD]: CoreMod loaded successfully
[16Apr2025 19:03:13.791] [main/DEBUG] [net.minecraftforge.coremod.CoreModEngine/COREMOD]: Loading CoreMod from coremods/field_to_instanceof.js
[16Apr2025 19:03:13.829] [main/DEBUG] [net.minecraftforge.coremod.CoreModEngine/COREMOD]: CoreMod loaded successfully
[16Apr2025 19:03:13.829] [main/DEBUG] [net.minecraftforge.coremod.CoreModEngine/COREMOD]: Loading CoreMod from coremods/add_bouncer_method.js
[16Apr2025 19:03:13.869] [main/DEBUG] [net.minecraftforge.coremod.CoreModEngine/COREMOD]: CoreMod loaded successfully
[16Apr2025 19:03:13.869] [main/DEBUG] [net.minecraftforge.coremod.CoreModEngine/COREMOD]: Loading CoreMod from coremods/method_redirector.js
[16Apr2025 19:03:13.949] [main/DEBUG] [net.minecraftforge.coremod.CoreModEngine/COREMOD]: CoreMod loaded successfully
[16Apr2025 19:03:13.949] [main/DEBUG] [net.minecraftforge.coremod.CoreModEngine/COREMOD]: Loading CoreMod from META-INF/asm/seed.js
[16Apr2025 19:03:13.968] [main/DEBUG] [net.minecraftforge.coremod.CoreModEngine/COREMOD]: CoreMod loaded successfully
[16Apr2025 19:03:13.969] [main/DEBUG] [net.minecraftforge.coremod.CoreModEngine/COREMOD]: Loading CoreMod from META-INF/asm/maprendercontext.js
[16Apr2025 19:03:14.067] [main/DEBUG] [net.minecraftforge.coremod.CoreModEngine/COREMOD]: CoreMod loaded successfully
[16Apr2025 19:03:14.067] [main/DEBUG] [net.minecraftforge.coremod.CoreModEngine/COREMOD]: Loading CoreMod from META-INF/asm/music.js
[16Apr2025 19:03:14.119] [main/DEBUG] [net.minecraftforge.coremod.CoreModEngine/COREMOD]: CoreMod loaded successfully
[16Apr2025 19:03:14.120] [main/DEBUG] [net.minecraftforge.coremod.CoreModEngine/COREMOD]: Loading CoreMod from META-INF/asm/multipart.js
[16Apr2025 19:03:14.181] [main/DEBUG] [net.minecraftforge.coremod.CoreModEngine/COREMOD]: CoreMod loaded successfully
[16Apr2025 19:03:14.182] [main/DEBUG] [net.minecraftforge.coremod.CoreModEngine/COREMOD]: Loading CoreMod from META-INF/asm/foliage.js
[16Apr2025 19:03:14.211] [main/DEBUG] [net.minecraftforge.coremod.CoreModEngine/COREMOD]: CoreMod loaded successfully
[16Apr2025 19:03:14.212] [main/DEBUG] [net.minecraftforge.coremod.CoreModEngine/COREMOD]: Loading CoreMod from META-INF/asm/mount.js
[16Apr2025 19:03:14.235] [main/DEBUG] [net.minecraftforge.coremod.CoreModEngine/COREMOD]: CoreMod loaded successfully
[16Apr2025 19:03:14.235] [main/DEBUG] [net.minecraftforge.coremod.CoreModEngine/COREMOD]: Loading CoreMod from META-INF/asm/book.js
[16Apr2025 19:03:14.257] [main/DEBUG] [net.minecraftforge.coremod.CoreModEngine/COREMOD]: CoreMod loaded successfully
[16Apr2025 19:03:14.258] [main/DEBUG] [net.minecraftforge.coremod.CoreModEngine/COREMOD]: Loading CoreMod from META-INF/asm/conquered.js
[16Apr2025 19:03:14.269] [main/DEBUG] [net.minecraftforge.coremod.CoreModEngine/COREMOD]: CoreMod loaded successfully
[16Apr2025 19:03:14.269] [main/DEBUG] [net.minecraftforge.coremod.CoreModEngine/COREMOD]: Loading CoreMod from META-INF/asm/reach.js
[16Apr2025 19:03:14.289] [main/DEBUG] [net.minecraftforge.coremod.CoreModEngine/COREMOD]: CoreMod loaded successfully
[16Apr2025 19:03:14.289] [main/DEBUG] [net.minecraftforge.coremod.CoreModEngine/COREMOD]: Loading CoreMod from META-INF/asm/shroom.js
[16Apr2025 19:03:14.312] [main/DEBUG] [net.minecraftforge.coremod.CoreModEngine/COREMOD]: CoreMod loaded successfully
[16Apr2025 19:03:14.312] [main/DEBUG] [net.minecraftforge.coremod.CoreModEngine/COREMOD]: Loading CoreMod from META-INF/asm/cloud.js
[16Apr2025 19:03:14.330] [main/DEBUG] [net.minecraftforge.coremod.CoreModEngine/COREMOD]: CoreMod loaded successfully
[16Apr2025 19:03:14.330] [main/DEBUG] [net.minecraftforge.coremod.CoreModEngine/COREMOD]: Loading CoreMod from META-INF/asm/lead.js
[16Apr2025 19:03:14.341] [main/DEBUG] [net.minecraftforge.coremod.CoreModEngine/COREMOD]: CoreMod loaded successfully
[16Apr2025 19:03:14.351] [main/DEBUG] [cpw.mods.modlauncher.TransformStore/MODLAUNCHER]: Adding transformer net.minecraftforge.coremod.transformer.CoreModClassTransformer@6cbbb9c4 to Target : CLASS {Lnet/minecraft/world/level/biome/Biome;} {} {V}
[16Apr2025 19:03:14.352] [main/DEBUG] [cpw.mods.modlauncher.TransformStore/MODLAUNCHER]: Adding transformer net.minecraftforge.coremod.transformer.CoreModClassTransformer@3d299393 to Target : CLASS {Lnet/minecraft/world/level/levelgen/structure/Structure;} {} {V}
[16Apr2025 19:03:14.352] [main/DEBUG] [cpw.mods.modlauncher.TransformStore/MODLAUNCHER]: Adding transformer net.minecraftforge.coremod.transformer.CoreModClassTransformer@5f34907b to Target : CLASS {Lnet/minecraft/world/effect/MobEffectInstance;} {} {V}
[16Apr2025 19:03:14.353] [main/DEBUG] [cpw.mods.modlauncher.TransformStore/MODLAUNCHER]: Adding transformer net.minecraftforge.coremod.transformer.CoreModClassTransformer@2b4d4327 to Target : CLASS {Lnet/minecraft/world/level/block/LiquidBlock;} {} {V}
[16Apr2025 19:03:14.353] [main/DEBUG] [cpw.mods.modlauncher.TransformStore/MODLAUNCHER]: Adding transformer net.minecraftforge.coremod.transformer.CoreModClassTransformer@16da1abc to Target : CLASS {Lnet/minecraft/world/item/BucketItem;} {} {V}
[16Apr2025 19:03:14.353] [main/DEBUG] [cpw.mods.modlauncher.TransformStore/MODLAUNCHER]: Adding transformer net.minecraftforge.coremod.transformer.CoreModClassTransformer@671ea6ff to Target : CLASS {Lnet/minecraft/world/level/block/StairBlock;} {} {V}
[16Apr2025 19:03:14.353] [main/DEBUG] [cpw.mods.modlauncher.TransformStore/MODLAUNCHER]: Adding transformer net.minecraftforge.coremod.transformer.CoreModClassTransformer@1c52552f to Target : CLASS {Lnet/minecraft/world/level/block/FlowerPotBlock;} {} {V}
[16Apr2025 19:03:14.353] [main/DEBUG] [cpw.mods.modlauncher.TransformStore/MODLAUNCHER]: Adding transformer net.minecraftforge.coremod.transformer.CoreModClassTransformer@5dc769f9 to Target : CLASS {Lnet/minecraft/world/item/ItemStack;} {} {V}
[16Apr2025 19:03:14.353] [main/DEBUG] [cpw.mods.modlauncher.TransformStore/MODLAUNCHER]: Adding transformer net.minecraftforge.coremod.transformer.CoreModClassTransformer@1b0e9707 to Target : CLASS {Lnet/minecraft/network/play/client/CClientSettingsPacket;} {} {V}
[16Apr2025 19:03:14.353] [main/DEBUG] [cpw.mods.modlauncher.TransformStore/MODLAUNCHER]: Adding transformer net.minecraftforge.coremod.transformer.CoreModClassTransformer@9b5f3c7 to Target : CLASS {Lnet/minecraft/world/entity/animal/frog/Tadpole;} {} {V}
[16Apr2025 19:03:14.354] [main/DEBUG] [cpw.mods.modlauncher.TransformStore/MODLAUNCHER]: Adding transformer net.minecraftforge.coremod.transformer.CoreModClassTransformer@9b5f3c7 to Target : CLASS {Lnet/minecraft/world/level/levelgen/structure/structures/WoodlandMansionPieces$WoodlandMansionPiece;} {} {V}
[16Apr2025 19:03:14.354] [main/DEBUG] [cpw.mods.modlauncher.TransformStore/MODLAUNCHER]: Adding transformer net.minecraftforge.coremod.transformer.CoreModClassTransformer@9b5f3c7 to Target : CLASS {Lnet/minecraft/world/level/levelgen/structure/structures/OceanRuinPieces$OceanRuinPiece;} {} {V}
[16Apr2025 19:03:14.354] [main/DEBUG] [cpw.mods.modlauncher.TransformStore/MODLAUNCHER]: Adding transformer net.minecraftforge.coremod.transformer.CoreModClassTransformer@9b5f3c7 to Target : CLASS {Lnet/minecraft/world/level/NaturalSpawner;} {} {V}
[16Apr2025 19:03:14.354] [main/DEBUG] [cpw.mods.modlauncher.TransformStore/MODLAUNCHER]: Adding transformer net.minecraftforge.coremod.transformer.CoreModClassTransformer@9b5f3c7 to Target : CLASS {Lnet/minecraft/world/level/levelgen/PhantomSpawner;} {} {V}
[16Apr2025 19:03:14.354] [main/DEBUG] [cpw.mods.modlauncher.TransformStore/MODLAUNCHER]: Adding transformer net.minecraftforge.coremod.transformer.CoreModClassTransformer@9b5f3c7 to Target : CLASS {Lnet/minecraft/server/commands/SummonCommand;} {} {V}
[16Apr2025 19:03:14.354] [main/DEBUG] [cpw.mods.modlauncher.TransformStore/MODLAUNCHER]: Adding transformer net.minecraftforge.coremod.transformer.CoreModClassTransformer@9b5f3c7 to Target : CLASS {Lnet/minecraft/world/level/levelgen/PatrolSpawner;} {} {V}
[16Apr2025 19:03:14.354] [main/DEBUG] [cpw.mods.modlauncher.TransformStore/MODLAUNCHER]: Adding transformer net.minecraftforge.coremod.transformer.CoreModClassTransformer@9b5f3c7 to Target : CLASS {Lnet/minecraft/server/commands/RaidCommand;} {} {V}
[16Apr2025 19:03:14.354] [main/DEBUG] [cpw.mods.modlauncher.TransformStore/MODLAUNCHER]: Adding transformer net.minecraftforge.coremod.transformer.CoreModClassTransformer@9b5f3c7 to Target : CLASS {Lnet/minecraft/world/entity/ai/village/VillageSiege;} {} {V}
[16Apr2025 19:03:14.354] [main/DEBUG] [cpw.mods.modlauncher.TransformStore/MODLAUNCHER]: Adding transformer net.minecraftforge.coremod.transformer.CoreModClassTransformer@9b5f3c7 to Target : CLASS {Lnet/minecraft/world/level/levelgen/structure/structures/SwampHutPiece;} {} {V}
[16Apr2025 19:03:14.355] [main/DEBUG] [cpw.mods.modlauncher.TransformStore/MODLAUNCHER]: Adding transformer net.minecraftforge.coremod.transformer.CoreModClassTransformer@9b5f3c7 to Target : CLASS {Lnet/minecraft/world/entity/npc/CatSpawner;} {} {V}
[16Apr2025 19:03:14.355] [main/DEBUG] [cpw.mods.modlauncher.TransformStore/MODLAUNCHER]: Adding transformer net.minecraftforge.coremod.transformer.CoreModClassTransformer@9b5f3c7 to Target : CLASS {Lnet/minecraft/world/entity/monster/ZombieVillager;} {} {V}
[16Apr2025 19:03:14.355] [main/DEBUG] [cpw.mods.modlauncher.TransformStore/MODLAUNCHER]: Adding transformer net.minecraftforge.coremod.transformer.CoreModClassTransformer@9b5f3c7 to Target : CLASS {Lnet/minecraft/world/entity/raid/Raid;} {} {V}
[16Apr2025 19:03:14.355] [main/DEBUG] [cpw.mods.modlauncher.TransformStore/MODLAUNCHER]: Adding transformer net.minecraftforge.coremod.transformer.CoreModClassTransformer@9b5f3c7 to Target : CLASS {Lnet/minecraft/world/entity/monster/Evoker$EvokerSummonSpellGoal;} {} {V}
[16Apr2025 19:03:14.355] [main/DEBUG] [cpw.mods.modlauncher.TransformStore/MODLAUNCHER]: Adding transformer net.minecraftforge.coremod.transformer.CoreModClassTransformer@9b5f3c7 to Target : CLASS {Lnet/minecraft/world/entity/monster/Spider;} {} {V}
[16Apr2025 19:03:14.355] [main/DEBUG] [cpw.mods.modlauncher.TransformStore/MODLAUNCHER]: Adding transformer net.minecraftforge.coremod.transformer.CoreModClassTransformer@9b5f3c7 to Target : CLASS {Lnet/minecraft/world/entity/animal/horse/SkeletonTrapGoal;} {} {V}
[16Apr2025 19:03:14.355] [main/DEBUG] [cpw.mods.modlauncher.TransformStore/MODLAUNCHER]: Adding transformer net.minecraftforge.coremod.transformer.CoreModClassTransformer@9b5f3c7 to Target : CLASS {Lnet/minecraft/world/entity/npc/Villager;} {} {V}
[16Apr2025 19:03:14.355] [main/DEBUG] [cpw.mods.modlauncher.TransformStore/MODLAUNCHER]: Adding transformer net.minecraftforge.coremod.transformer.CoreModClassTransformer@9b5f3c7 to Target : CLASS {Lnet/minecraft/world/level/levelgen/structure/structures/OceanMonumentPieces$OceanMonumentPiece;} {} {V}
[16Apr2025 19:03:14.355] [main/DEBUG] [cpw.mods.modlauncher.TransformStore/MODLAUNCHER]: Adding transformer net.minecraftforge.coremod.transformer.CoreModClassTransformer@9b5f3c7 to Target : CLASS {Lnet/minecraft/world/entity/EntityType;} {} {V}
[16Apr2025 19:03:14.356] [main/DEBUG] [cpw.mods.modlauncher.TransformStore/MODLAUNCHER]: Adding transformer net.minecraftforge.coremod.transformer.CoreModClassTransformer@9b5f3c7 to Target : CLASS {Lnet/minecraft/world/entity/monster/Strider;} {} {V}
[16Apr2025 19:03:14.356] [main/DEBUG] [cpw.mods.modlauncher.TransformStore/MODLAUNCHER]: Adding transformer net.minecraftforge.coremod.transformer.CoreModClassTransformer@9b5f3c7 to Target : CLASS {Lnet/minecraft/world/level/levelgen/structure/templatesystem/StructureTemplate;} {} {V}
[16Apr2025 19:03:14.356] [main/DEBUG] [cpw.mods.modlauncher.TransformStore/MODLAUNCHER]: Adding transformer net.minecraftforge.coremod.transformer.CoreModClassTransformer@9b5f3c7 to Target : CLASS {Lnet/minecraft/world/entity/monster/Zombie;} {} {V}
[16Apr2025 19:03:14.356] [main/DEBUG] [cpw.mods.modlauncher.TransformStore/MODLAUNCHER]: Adding transformer net.minecraftforge.coremod.transformer.CoreModMethodTransformer@61ae0d43 to Target : METHOD {Lnet/minecraft/client/gui/Gui;} {m_93028_} {(Lcom/mojang/blaze3d/vertex/PoseStack;)V}
[16Apr2025 19:03:14.356] [main/DEBUG] [cpw.mods.modlauncher.TransformStore/MODLAUNCHER]: Adding transformer net.minecraftforge.coremod.transformer.CoreModMethodTransformer@ef718de to Target : METHOD {Lnet/minecraft/world/level/levelgen/WorldOptions;} {<init>} {(JZZLjava/util/Optional;)V}
[16Apr2025 19:03:14.356] [main/DEBUG] [cpw.mods.modlauncher.TransformStore/MODLAUNCHER]: Adding transformer net.minecraftforge.coremod.transformer.CoreModMethodTransformer@287ae90c to Target : METHOD {Lnet/minecraft/client/gui/MapRenderer$MapInstance;} {m_93291_} {(Lcom/mojang/blaze3d/vertex/PoseStack;Lnet/minecraft/client/renderer/MultiBufferSource;ZI)V}
[16Apr2025 19:03:14.356] [main/DEBUG] [cpw.mods.modlauncher.TransformStore/MODLAUNCHER]: Adding transformer net.minecraftforge.coremod.transformer.CoreModMethodTransformer@2e1b374c to Target : METHOD {Lnet/minecraft/client/renderer/ItemInHandRenderer;} {m_109371_} {(Lnet/minecraft/client/player/AbstractClientPlayer;FFLnet/minecraft/world/InteractionHand;FLnet/minecraft/world/item/ItemStack;FLcom/mojang/blaze3d/vertex/PoseStack;Lnet/minecraft/client/renderer/MultiBufferSource;I)V}
[16Apr2025 19:03:14.357] [main/DEBUG] [cpw.mods.modlauncher.TransformStore/MODLAUNCHER]: Adding transformer net.minecraftforge.coremod.transformer.CoreModMethodTransformer@3fcee3d9 to Target : METHOD {Lnet/minecraft/world/entity/decoration/ItemFrame;} {m_218868_} {()Ljava/util/OptionalInt;}
[16Apr2025 19:03:14.357] [main/DEBUG] [cpw.mods.modlauncher.TransformStore/MODLAUNCHER]: Adding transformer net.minecraftforge.coremod.transformer.CoreModMethodTransformer@9c93d16 to Target : METHOD {Lnet/minecraft/client/renderer/ItemInHandRenderer;} {m_109366_} {(Lcom/mojang/blaze3d/vertex/PoseStack;Lnet/minecraft/client/renderer/MultiBufferSource;ILnet/minecraft/world/item/ItemStack;)V}
[16Apr2025 19:03:14.357] [main/DEBUG] [cpw.mods.modlauncher.TransformStore/MODLAUNCHER]: Adding transformer net.minecraftforge.coremod.transformer.CoreModMethodTransformer@760487aa to Target : METHOD {Lnet/minecraft/world/item/MapItem;} {m_7373_} {(Lnet/minecraft/world/item/ItemStack;Lnet/minecraft/world/level/Level;Ljava/util/List;Lnet/minecraft/world/item/TooltipFlag;)V}
[16Apr2025 19:03:14.357] [main/DEBUG] [cpw.mods.modlauncher.TransformStore/MODLAUNCHER]: Adding transformer net.minecraftforge.coremod.transformer.CoreModMethodTransformer@1526f71 to Target : METHOD {Lnet/minecraft/client/sounds/MusicManager;} {m_120183_} {()V}
[16Apr2025 19:03:14.357] [main/DEBUG] [cpw.mods.modlauncher.TransformStore/MODLAUNCHER]: Adding transformer net.minecraftforge.coremod.transformer.CoreModMethodTransformer@49ca94a9 to Target : METHOD {Lnet/minecraft/server/level/ServerEntity;} {m_8543_} {()V}
[16Apr2025 19:03:14.357] [main/DEBUG] [cpw.mods.modlauncher.TransformStore/MODLAUNCHER]: Adding transformer net.minecraftforge.coremod.transformer.CoreModMethodTransformer@9ab310b to Target : METHOD {Lnet/minecraft/client/renderer/entity/EntityRenderDispatcher;} {m_6213_} {(Lnet/minecraft/server/packs/resources/ResourceManager;)V}
[16Apr2025 19:03:14.358] [main/DEBUG] [cpw.mods.modlauncher.TransformStore/MODLAUNCHER]: Adding transformer net.minecraftforge.coremod.transformer.CoreModMethodTransformer@5b40de43 to Target : METHOD {Lnet/minecraft/client/renderer/entity/EntityRenderDispatcher;} {m_114382_} {(Lnet/minecraft/world/entity/Entity;)Lnet/minecraft/client/renderer/entity/EntityRenderer;}
[16Apr2025 19:03:14.358] [main/DEBUG] [cpw.mods.modlauncher.TransformStore/MODLAUNCHER]: Adding transformer net.minecraftforge.coremod.transformer.CoreModMethodTransformer@49fb0bbd to Target : METHOD {Lnet/minecraft/client/renderer/LevelRenderer;} {m_109599_} {(Lcom/mojang/blaze3d/vertex/PoseStack;FJZLnet/minecraft/client/Camera;Lnet/minecraft/client/renderer/GameRenderer;Lnet/minecraft/client/renderer/LightTexture;Lorg/joml/Matrix4f;)V}
[16Apr2025 19:03:14.358] [main/DEBUG] [cpw.mods.modlauncher.TransformStore/MODLAUNCHER]: Adding transformer net.minecraftforge.coremod.transformer.CoreModMethodTransformer@5489b1f7 to Target : METHOD {Lnet/minecraft/client/renderer/BiomeColors;} {m_108807_} {(Lnet/minecraft/world/level/biome/Biome;DD)I}
[16Apr2025 19:03:14.358] [main/DEBUG] [cpw.mods.modlauncher.TransformStore/MODLAUNCHER]: Adding transformer net.minecraftforge.coremod.transformer.CoreModMethodTransformer@4faf104 to Target : METHOD {Lnet/minecraft/client/player/LocalPlayer;} {m_6083_} {()V}
[16Apr2025 19:03:14.358] [main/DEBUG] [cpw.mods.modlauncher.TransformStore/MODLAUNCHER]: Adding transformer net.minecraftforge.coremod.transformer.CoreModMethodTransformer@5995851e to Target : METHOD {Lnet/minecraft/world/item/WrittenBookItem;} {m_7626_} {(Lnet/minecraft/world/item/ItemStack;)Lnet/minecraft/network/chat/Component;}
[16Apr2025 19:03:14.358] [main/DEBUG] [cpw.mods.modlauncher.TransformStore/MODLAUNCHER]: Adding transformer net.minecraftforge.coremod.transformer.CoreModMethodTransformer@48a2db72 to Target : METHOD {Lnet/minecraft/world/level/levelgen/structure/StructureStart;} {m_226857_} {(Lnet/minecraft/world/level/levelgen/structure/pieces/StructurePieceSerializationContext;Lnet/minecraft/nbt/CompoundTag;J)Lnet/minecraft/world/level/levelgen/structure/StructureStart;}
[16Apr2025 19:03:14.359] [main/DEBUG] [cpw.mods.modlauncher.TransformStore/MODLAUNCHER]: Adding transformer net.minecraftforge.coremod.transformer.CoreModMethodTransformer@51bddd98 to Target : METHOD {Lnet/minecraft/world/item/Item;} {m_41435_} {(Lnet/minecraft/world/level/Level;Lnet/minecraft/world/entity/player/Player;Lnet/minecraft/world/level/ClipContext$Fluid;)Lnet/minecraft/world/phys/BlockHitResult;}
[16Apr2025 19:03:14.359] [main/DEBUG] [cpw.mods.modlauncher.TransformStore/MODLAUNCHER]: Adding transformer net.minecraftforge.coremod.transformer.CoreModMethodTransformer@21c747a to Target : METHOD {Lnet/minecraft/world/level/block/MushroomBlock;} {m_7898_} {(Lnet/minecraft/world/level/block/state/BlockState;Lnet/minecraft/world/level/LevelReader;Lnet/minecraft/core/BlockPos;)Z}
[16Apr2025 19:03:14.359] [main/DEBUG] [cpw.mods.modlauncher.TransformStore/MODLAUNCHER]: Adding transformer net.minecraftforge.coremod.transformer.CoreModMethodTransformer@77d4ac52 to Target : METHOD {Lnet/minecraft/world/level/Level;} {m_46758_} {(Lnet/minecraft/core/BlockPos;)Z}
[16Apr2025 19:03:14.359] [main/DEBUG] [cpw.mods.modlauncher.TransformStore/MODLAUNCHER]: Adding transformer net.minecraftforge.coremod.transformer.CoreModMethodTransformer@29f38091 to Target : METHOD {Lnet/minecraft/world/entity/decoration/LeashFenceKnotEntity;} {m_7088_} {()Z}
[16Apr2025 19:03:14.359] [main/DEBUG] [cpw.mods.modlauncher.TransformationServiceDecorator/MODLAUNCHER]: Initialized transformers for transformation service fml
[16Apr2025 19:03:15.297] [main/DEBUG] [mixin/]: Processing prepare() for PlatformAgent[MixinPlatformAgentDefault:ModLauncher Root Container(ModLauncher:4f56a0a2)]
[16Apr2025 19:03:15.297] [main/DEBUG] [mixin/]: Processing launch tasks for PlatformAgent[MixinPlatformAgentDefault:ModLauncher Root Container(ModLauncher:4f56a0a2)]
[16Apr2025 19:03:15.298] [main/DEBUG] [mixin/]: Adding mixin platform agents for container SecureJarResource(minecraft)
[16Apr2025 19:03:15.298] [main/DEBUG] [mixin/]: Instancing new MixinPlatformAgentMinecraftForge for SecureJarResource(minecraft)
[16Apr2025 19:03:15.298] [main/DEBUG] [mixin/]: MixinPlatformAgentMinecraftForge rejected container SecureJarResource(minecraft)
[16Apr2025 19:03:15.298] [main/DEBUG] [mixin/]: Instancing new MixinPlatformAgentDefault for SecureJarResource(minecraft)
[16Apr2025 19:03:15.298] [main/DEBUG] [mixin/]: MixinPlatformAgentDefault accepted container SecureJarResource(minecraft)
[16Apr2025 19:03:15.298] [main/DEBUG] [mixin/]: Processing prepare() for PlatformAgent[MixinPlatformAgentDefault:SecureJarResource(minecraft)]
[16Apr2025 19:03:15.298] [main/DEBUG] [mixin/]: Adding mixin platform agents for container SecureJarResource(voicechat)
[16Apr2025 19:03:15.298] [main/DEBUG] [mixin/]: Instancing new MixinPlatformAgentMinecraftForge for SecureJarResource(voicechat)
[16Apr2025 19:03:15.298] [main/DEBUG] [mixin/]: MixinPlatformAgentMinecraftForge rejected container SecureJarResource(voicechat)
[16Apr2025 19:03:15.298] [main/DEBUG] [mixin/]: Instancing new MixinPlatformAgentDefault for SecureJarResource(voicechat)
[16Apr2025 19:03:15.299] [main/DEBUG] [mixin/]: MixinPlatformAgentDefault accepted container SecureJarResource(voicechat)
[16Apr2025 19:03:15.299] [main/DEBUG] [mixin/]: Processing prepare() for PlatformAgent[MixinPlatformAgentDefault:SecureJarResource(voicechat)]
[16Apr2025 19:03:15.299] [main/DEBUG] [mixin/]: Adding mixin platform agents for container SecureJarResource(mutantmonsters)
[16Apr2025 19:03:15.299] [main/DEBUG] [mixin/]: Instancing new MixinPlatformAgentMinecraftForge for SecureJarResource(mutantmonsters)
[16Apr2025 19:03:15.299] [main/DEBUG] [mixin/]: MixinPlatformAgentMinecraftForge rejected container SecureJarResource(mutantmonsters)
[16Apr2025 19:03:15.299] [main/DEBUG] [mixin/]: Instancing new MixinPlatformAgentDefault for SecureJarResource(mutantmonsters)
[16Apr2025 19:03:15.299] [main/DEBUG] [mixin/]: MixinPlatformAgentDefault accepted container SecureJarResource(mutantmonsters)
[16Apr2025 19:03:15.299] [main/DEBUG] [mixin/]: Processing prepare() for PlatformAgent[MixinPlatformAgentDefault:SecureJarResource(mutantmonsters)]
[16Apr2025 19:03:15.299] [main/DEBUG] [mixin/]: Registering mixin config: mutantmonsters.common.mixins.json
[16Apr2025 19:03:15.319] [main/DEBUG] [mixin/]: Compatibility level JAVA_17 specified by mutantmonsters.common.mixins.json is higher than the maximum level supported by this version of mixin (JAVA_13).
[16Apr2025 19:03:15.323] [main/INFO] [mixin/]: Compatibility level set to JAVA_17
[16Apr2025 19:03:15.324] [main/DEBUG] [mixin/]: Adding mixin platform agents for container SecureJarResource(creativecore)
[16Apr2025 19:03:15.324] [main/DEBUG] [mixin/]: Instancing new MixinPlatformAgentMinecraftForge for SecureJarResource(creativecore)
[16Apr2025 19:03:15.324] [main/DEBUG] [mixin/]: MixinPlatformAgentMinecraftForge rejected container SecureJarResource(creativecore)
[16Apr2025 19:03:15.324] [main/DEBUG] [mixin/]: Instancing new MixinPlatformAgentDefault for SecureJarResource(creativecore)
[16Apr2025 19:03:15.324] [main/DEBUG] [mixin/]: MixinPlatformAgentDefault accepted container SecureJarResource(creativecore)
[16Apr2025 19:03:15.324] [main/DEBUG] [mixin/]: Processing prepare() for PlatformAgent[MixinPlatformAgentDefault:SecureJarResource(creativecore)]
[16Apr2025 19:03:15.324] [main/DEBUG] [mixin/]: Registering mixin config: creativecore.mixins.json
[16Apr2025 19:03:15.326] [main/DEBUG] [mixin/]: Registering mixin config: creativecore.forge.mixins.json
[16Apr2025 19:03:15.328] [main/DEBUG] [mixin/]: Adding mixin platform agents for container SecureJarResource(jei)
[16Apr2025 19:03:15.329] [main/DEBUG] [mixin/]: Instancing new MixinPlatformAgentMinecraftForge for SecureJarResource(jei)
[16Apr2025 19:03:15.329] [main/DEBUG] [mixin/]: MixinPlatformAgentMinecraftForge rejected container SecureJarResource(jei)
[16Apr2025 19:03:15.329] [main/DEBUG] [mixin/]: Instancing new MixinPlatformAgentDefault for SecureJarResource(jei)
[16Apr2025 19:03:15.330] [main/DEBUG] [mixin/]: MixinPlatformAgentDefault accepted container SecureJarResource(jei)
[16Apr2025 19:03:15.330] [main/DEBUG] [mixin/]: Processing prepare() for PlatformAgent[MixinPlatformAgentDefault:SecureJarResource(jei)]
[16Apr2025 19:03:15.330] [main/DEBUG] [mixin/]: Adding mixin platform agents for container SecureJarResource(dungeons_enhanced)
[16Apr2025 19:03:15.330] [main/DEBUG] [mixin/]: Instancing new MixinPlatformAgentMinecraftForge for SecureJarResource(dungeons_enhanced)
[16Apr2025 19:03:15.330] [main/DEBUG] [mixin/]: MixinPlatformAgentMinecraftForge rejected container SecureJarResource(dungeons_enhanced)
[16Apr2025 19:03:15.330] [main/DEBUG] [mixin/]: Instancing new MixinPlatformAgentDefault for SecureJarResource(dungeons_enhanced)
[16Apr2025 19:03:15.330] [main/DEBUG] [mixin/]: MixinPlatformAgentDefault accepted container SecureJarResource(dungeons_enhanced)
[16Apr2025 19:03:15.330] [main/DEBUG] [mixin/]: Processing prepare() for PlatformAgent[MixinPlatformAgentDefault:SecureJarResource(dungeons_enhanced)]
[16Apr2025 19:03:15.331] [main/DEBUG] [mixin/]: Adding mixin platform agents for container SecureJarResource(wthit)
[16Apr2025 19:03:15.331] [main/DEBUG] [mixin/]: Instancing new MixinPlatformAgentMinecraftForge for SecureJarResource(wthit)
[16Apr2025 19:03:15.331] [main/DEBUG] [mixin/]: MixinPlatformAgentMinecraftForge rejected container SecureJarResource(wthit)
[16Apr2025 19:03:15.331] [main/DEBUG] [mixin/]: Instancing new MixinPlatformAgentDefault for SecureJarResource(wthit)
[16Apr2025 19:03:15.331] [main/DEBUG] [mixin/]: MixinPlatformAgentDefault accepted container SecureJarResource(wthit)
[16Apr2025 19:03:15.332] [main/DEBUG] [mixin/]: Processing prepare() for PlatformAgent[MixinPlatformAgentDefault:SecureJarResource(wthit)]
[16Apr2025 19:03:15.332] [main/DEBUG] [mixin/]: Registering mixin config: wthit.mixins.json
[16Apr2025 19:03:15.335] [main/DEBUG] [mixin/]: Compatibility level JAVA_16 specified by wthit.mixins.json is higher than the maximum level supported by this version of mixin (JAVA_13).
[16Apr2025 19:03:15.335] [main/DEBUG] [mixin/]: Adding mixin platform agents for container SecureJarResource(simplybackpacks)
[16Apr2025 19:03:15.335] [main/DEBUG] [mixin/]: Instancing new MixinPlatformAgentMinecraftForge for SecureJarResource(simplybackpacks)
[16Apr2025 19:03:15.335] [main/DEBUG] [mixin/]: MixinPlatformAgentMinecraftForge rejected container SecureJarResource(simplybackpacks)
[16Apr2025 19:03:15.335] [main/DEBUG] [mixin/]: Instancing new MixinPlatformAgentDefault for SecureJarResource(simplybackpacks)
[16Apr2025 19:03:15.335] [main/DEBUG] [mixin/]: MixinPlatformAgentDefault accepted container SecureJarResource(simplybackpacks)
[16Apr2025 19:03:15.335] [main/DEBUG] [mixin/]: Processing prepare() for PlatformAgent[MixinPlatformAgentDefault:SecureJarResource(simplybackpacks)]
[16Apr2025 19:03:15.336] [main/DEBUG] [mixin/]: Adding mixin platform agents for container SecureJarResource(reap)
[16Apr2025 19:03:15.336] [main/DEBUG] [mixin/]: Instancing new MixinPlatformAgentMinecraftForge for SecureJarResource(reap)
[16Apr2025 19:03:15.336] [main/DEBUG] [mixin/]: MixinPlatformAgentMinecraftForge rejected container SecureJarResource(reap)
[16Apr2025 19:03:15.336] [main/DEBUG] [mixin/]: Instancing new MixinPlatformAgentDefault for SecureJarResource(reap)
[16Apr2025 19:03:15.336] [main/DEBUG] [mixin/]: MixinPlatformAgentDefault accepted container SecureJarResource(reap)
[16Apr2025 19:03:15.336] [main/DEBUG] [mixin/]: Processing prepare() for PlatformAgent[MixinPlatformAgentDefault:SecureJarResource(reap)]
[16Apr2025 19:03:15.337] [main/DEBUG] [mixin/]: Adding mixin platform agents for container SecureJarResource(journeymap)
[16Apr2025 19:03:15.337] [main/DEBUG] [mixin/]: Instancing new MixinPlatformAgentMinecraftForge for SecureJarResource(journeymap)
[16Apr2025 19:03:15.337] [main/DEBUG] [mixin/]: MixinPlatformAgentMinecraftForge rejected container SecureJarResource(journeymap)
[16Apr2025 19:03:15.337] [main/DEBUG] [mixin/]: Instancing new MixinPlatformAgentDefault for SecureJarResource(journeymap)
[16Apr2025 19:03:15.337] [main/DEBUG] [mixin/]: MixinPlatformAgentDefault accepted container SecureJarResource(journeymap)
[16Apr2025 19:03:15.337] [main/DEBUG] [mixin/]: Processing prepare() for PlatformAgent[MixinPlatformAgentDefault:SecureJarResource(journeymap)]
[16Apr2025 19:03:15.337] [main/DEBUG] [mixin/]: Registering mixin config: journeymap.mixins.json
[16Apr2025 19:03:15.341] [main/DEBUG] [mixin/]: Adding mixin platform agents for container SecureJarResource(badpackets)
[16Apr2025 19:03:15.341] [main/DEBUG] [mixin/]: Instancing new MixinPlatformAgentMinecraftForge for SecureJarResource(badpackets)
[16Apr2025 19:03:15.341] [main/DEBUG] [mixin/]: MixinPlatformAgentMinecraftForge rejected container SecureJarResource(badpackets)
[16Apr2025 19:03:15.341] [main/DEBUG] [mixin/]: Instancing new MixinPlatformAgentDefault for SecureJarResource(badpackets)
[16Apr2025 19:03:15.341] [main/DEBUG] [mixin/]: MixinPlatformAgentDefault accepted container SecureJarResource(badpackets)
[16Apr2025 19:03:15.341] [main/DEBUG] [mixin/]: Processing prepare() for PlatformAgent[MixinPlatformAgentDefault:SecureJarResource(badpackets)]
[16Apr2025 19:03:15.342] [main/DEBUG] [mixin/]: Registering mixin config: badpackets.mixins.json
[16Apr2025 19:03:15.343] [main/DEBUG] [mixin/]: Compatibility level JAVA_16 specified by badpackets.mixins.json is higher than the maximum level supported by this version of mixin (JAVA_13).
[16Apr2025 19:03:15.344] [main/DEBUG] [mixin/]: Adding mixin platform agents for container SecureJarResource(mixinextras)
[16Apr2025 19:03:15.344] [main/DEBUG] [mixin/]: Instancing new MixinPlatformAgentMinecraftForge for SecureJarResource(mixinextras)
[16Apr2025 19:03:15.344] [main/DEBUG] [mixin/]: MixinPlatformAgentMinecraftForge rejected container SecureJarResource(mixinextras)
[16Apr2025 19:03:15.344] [main/DEBUG] [mixin/]: Instancing new MixinPlatformAgentDefault for SecureJarResource(mixinextras)
[16Apr2025 19:03:15.344] [main/DEBUG] [mixin/]: MixinPlatformAgentDefault accepted container SecureJarResource(mixinextras)
[16Apr2025 19:03:15.344] [main/DEBUG] [mixin/]: Processing prepare() for PlatformAgent[MixinPlatformAgentDefault:SecureJarResource(mixinextras)]
[16Apr2025 19:03:15.344] [main/DEBUG] [mixin/]: Registering mixin config: mixinextras.init.mixins.json
[16Apr2025 19:03:15.345] [main/DEBUG] [mixin/]: Adding mixin platform agents for container SecureJarResource(tombstone)
[16Apr2025 19:03:15.346] [main/DEBUG] [mixin/]: Instancing new MixinPlatformAgentMinecraftForge for SecureJarResource(tombstone)
[16Apr2025 19:03:15.346] [main/DEBUG] [mixin/]: MixinPlatformAgentMinecraftForge rejected container SecureJarResource(tombstone)
[16Apr2025 19:03:15.346] [main/DEBUG] [mixin/]: Instancing new MixinPlatformAgentDefault for SecureJarResource(tombstone)
[16Apr2025 19:03:15.346] [main/DEBUG] [mixin/]: MixinPlatformAgentDefault accepted container SecureJarResource(tombstone)
[16Apr2025 19:03:15.346] [main/DEBUG] [mixin/]: Processing prepare() for PlatformAgent[MixinPlatformAgentDefault:SecureJarResource(tombstone)]
[16Apr2025 19:03:15.346] [main/DEBUG] [mixin/]: Registering mixin config: tombstone.mixins.json
[16Apr2025 19:03:15.348] [main/DEBUG] [mixin/]: Adding mixin platform agents for container SecureJarResource(tlc)
[16Apr2025 19:03:15.348] [main/DEBUG] [mixin/]: Instancing new MixinPlatformAgentMinecraftForge for SecureJarResource(tlc)
[16Apr2025 19:03:15.348] [main/DEBUG] [mixin/]: MixinPlatformAgentMinecraftForge rejected container SecureJarResource(tlc)
[16Apr2025 19:03:15.349] [main/DEBUG] [mixin/]: Instancing new MixinPlatformAgentDefault for SecureJarResource(tlc)
[16Apr2025 19:03:15.349] [main/DEBUG] [mixin/]: MixinPlatformAgentDefault accepted container SecureJarResource(tlc)
[16Apr2025 19:03:15.349] [main/DEBUG] [mixin/]: Processing prepare() for PlatformAgent[MixinPlatformAgentDefault:SecureJarResource(tlc)]
[16Apr2025 19:03:15.349] [main/DEBUG] [mixin/]: Registering mixin config: tlc.mixins.json
[16Apr2025 19:03:15.350] [main/DEBUG] [mixin/]: Adding mixin platform agents for container SecureJarResource(puzzleslib)
[16Apr2025 19:03:15.350] [main/DEBUG] [mixin/]: Instancing new MixinPlatformAgentMinecraftForge for SecureJarResource(puzzleslib)
[16Apr2025 19:03:15.351] [main/DEBUG] [mixin/]: MixinPlatformAgentMinecraftForge rejected container SecureJarResource(puzzleslib)
[16Apr2025 19:03:15.351] [main/DEBUG] [mixin/]: Instancing new MixinPlatformAgentDefault for SecureJarResource(puzzleslib)
[16Apr2025 19:03:15.351] [main/DEBUG] [mixin/]: MixinPlatformAgentDefault accepted container SecureJarResource(puzzleslib)
[16Apr2025 19:03:15.351] [main/DEBUG] [mixin/]: Processing prepare() for PlatformAgent[MixinPlatformAgentDefault:SecureJarResource(puzzleslib)]
[16Apr2025 19:03:15.352] [main/DEBUG] [mixin/]: Registering mixin config: puzzleslib.common.mixins.json
[16Apr2025 19:03:15.353] [main/DEBUG] [mixin/]: Registering mixin config: puzzleslib.forge.mixins.json
[16Apr2025 19:03:15.354] [main/DEBUG] [mixin/]: Adding mixin platform agents for container SecureJarResource(puzzlesaccessapi)
[16Apr2025 19:03:15.355] [main/DEBUG] [mixin/]: Instancing new MixinPlatformAgentMinecraftForge for SecureJarResource(puzzlesaccessapi)
[16Apr2025 19:03:15.355] [main/DEBUG] [mixin/]: MixinPlatformAgentMinecraftForge rejected container SecureJarResource(puzzlesaccessapi)
[16Apr2025 19:03:15.355] [main/DEBUG] [mixin/]: Instancing new MixinPlatformAgentDefault for SecureJarResource(puzzlesaccessapi)
[16Apr2025 19:03:15.355] [main/DEBUG] [mixin/]: MixinPlatformAgentDefault accepted container SecureJarResource(puzzlesaccessapi)
[16Apr2025 19:03:15.355] [main/DEBUG] [mixin/]: Processing prepare() for PlatformAgent[MixinPlatformAgentDefault:SecureJarResource(puzzlesaccessapi)]
[16Apr2025 19:03:15.356] [main/DEBUG] [mixin/]: Registering mixin config: puzzlesaccessapi.common.mixins.json
[16Apr2025 19:03:15.357] [main/DEBUG] [mixin/]: Registering mixin config: puzzlesaccessapi.forge.mixins.json
[16Apr2025 19:03:15.359] [main/DEBUG] [mixin/]: Adding mixin platform agents for container SecureJarResource(forge)
[16Apr2025 19:03:15.359] [main/DEBUG] [mixin/]: Instancing new MixinPlatformAgentMinecraftForge for SecureJarResource(forge)
[16Apr2025 19:03:15.359] [main/DEBUG] [mixin/]: MixinPlatformAgentMinecraftForge rejected container SecureJarResource(forge)
[16Apr2025 19:03:15.360] [main/DEBUG] [mixin/]: Instancing new MixinPlatformAgentDefault for SecureJarResource(forge)
[16Apr2025 19:03:15.360] [main/DEBUG] [mixin/]: MixinPlatformAgentDefault accepted container SecureJarResource(forge)
[16Apr2025 19:03:15.360] [main/DEBUG] [mixin/]: Processing prepare() for PlatformAgent[MixinPlatformAgentDefault:SecureJarResource(forge)]
[16Apr2025 19:03:15.360] [main/DEBUG] [mixin/]: Adding mixin platform agents for container SecureJarResource(t_and_t)
[16Apr2025 19:03:15.360] [main/DEBUG] [mixin/]: Instancing new MixinPlatformAgentMinecraftForge for SecureJarResource(t_and_t)
[16Apr2025 19:03:15.360] [main/DEBUG] [mixin/]: MixinPlatformAgentMinecraftForge rejected container SecureJarResource(t_and_t)
[16Apr2025 19:03:15.360] [main/DEBUG] [mixin/]: Instancing new MixinPlatformAgentDefault for SecureJarResource(t_and_t)
[16Apr2025 19:03:15.360] [main/DEBUG] [mixin/]: MixinPlatformAgentDefault accepted container SecureJarResource(t_and_t)
[16Apr2025 19:03:15.360] [main/DEBUG] [mixin/]: Processing prepare() for PlatformAgent[MixinPlatformAgentDefault:SecureJarResource(t_and_t)]
[16Apr2025 19:03:15.360] [main/DEBUG] [mixin/]: Adding mixin platform agents for container SecureJarResource(twilightforest)
[16Apr2025 19:03:15.360] [main/DEBUG] [mixin/]: Instancing new MixinPlatformAgentMinecraftForge for SecureJarResource(twilightforest)
[16Apr2025 19:03:15.360] [main/DEBUG] [mixin/]: MixinPlatformAgentMinecraftForge rejected container SecureJarResource(twilightforest)
[16Apr2025 19:03:15.360] [main/DEBUG] [mixin/]: Instancing new MixinPlatformAgentDefault for SecureJarResource(twilightforest)
[16Apr2025 19:03:15.361] [main/DEBUG] [mixin/]: MixinPlatformAgentDefault accepted container SecureJarResource(twilightforest)
[16Apr2025 19:03:15.361] [main/DEBUG] [mixin/]: Processing prepare() for PlatformAgent[MixinPlatformAgentDefault:SecureJarResource(twilightforest)]
[16Apr2025 19:03:15.362] [main/DEBUG] [mixin/]: Adding mixin platform agents for container SecureJarResource(playerrevive)
[16Apr2025 19:03:15.362] [main/DEBUG] [mixin/]: Instancing new MixinPlatformAgentMinecraftForge for SecureJarResource(playerrevive)
[16Apr2025 19:03:15.362] [main/DEBUG] [mixin/]: MixinPlatformAgentMinecraftForge rejected container SecureJarResource(playerrevive)
[16Apr2025 19:03:15.362] [main/DEBUG] [mixin/]: Instancing new MixinPlatformAgentDefault for SecureJarResource(playerrevive)
[16Apr2025 19:03:15.362] [main/DEBUG] [mixin/]: MixinPlatformAgentDefault accepted container SecureJarResource(playerrevive)
[16Apr2025 19:03:15.362] [main/DEBUG] [mixin/]: Processing prepare() for PlatformAgent[MixinPlatformAgentDefault:SecureJarResource(playerrevive)]
[16Apr2025 19:03:15.362] [main/DEBUG] [mixin/]: Registering mixin config: playerrevive.mixins.json
[16Apr2025 19:03:15.364] [main/DEBUG] [mixin/]: Adding mixin platform agents for container SecureJarResource(structure_gel)
[16Apr2025 19:03:15.364] [main/DEBUG] [mixin/]: Instancing new MixinPlatformAgentMinecraftForge for SecureJarResource(structure_gel)
[16Apr2025 19:03:15.364] [main/DEBUG] [mixin/]: MixinPlatformAgentMinecraftForge rejected container SecureJarResource(structure_gel)
[16Apr2025 19:03:15.364] [main/DEBUG] [mixin/]: Instancing new MixinPlatformAgentDefault for SecureJarResource(structure_gel)
[16Apr2025 19:03:15.364] [main/DEBUG] [mixin/]: MixinPlatformAgentDefault accepted container SecureJarResource(structure_gel)
[16Apr2025 19:03:15.364] [main/DEBUG] [mixin/]: Processing prepare() for PlatformAgent[MixinPlatformAgentDefault:SecureJarResource(structure_gel)]
[16Apr2025 19:03:15.364] [main/DEBUG] [mixin/]: Registering mixin config: structure_gel.mixins.json
[16Apr2025 19:03:15.366] [main/DEBUG] [mixin/]: Adding mixin platform agents for container SecureJarResource(infernalmobs)
[16Apr2025 19:03:15.366] [main/DEBUG] [mixin/]: Instancing new MixinPlatformAgentMinecraftForge for SecureJarResource(infernalmobs)
[16Apr2025 19:03:15.366] [main/DEBUG] [mixin/]: MixinPlatformAgentMinecraftForge rejected container SecureJarResource(infernalmobs)
[16Apr2025 19:03:15.366] [main/DEBUG] [mixin/]: Instancing new MixinPlatformAgentDefault for SecureJarResource(infernalmobs)
[16Apr2025 19:03:15.366] [main/DEBUG] [mixin/]: MixinPlatformAgentDefault accepted container SecureJarResource(infernalmobs)
[16Apr2025 19:03:15.367] [main/DEBUG] [mixin/]: Processing prepare() for PlatformAgent[MixinPlatformAgentDefault:SecureJarResource(infernalmobs)]
[16Apr2025 19:03:15.367] [main/DEBUG] [mixin/]: Adding mixin platform agents for container SecureJarResource(cristellib)
[16Apr2025 19:03:15.367] [main/DEBUG] [mixin/]: Instancing new MixinPlatformAgentMinecraftForge for SecureJarResource(cristellib)
[16Apr2025 19:03:15.367] [main/DEBUG] [mixin/]: MixinPlatformAgentMinecraftForge rejected container SecureJarResource(cristellib)
[16Apr2025 19:03:15.367] [main/DEBUG] [mixin/]: Instancing new MixinPlatformAgentDefault for SecureJarResource(cristellib)
[16Apr2025 19:03:15.367] [main/DEBUG] [mixin/]: MixinPlatformAgentDefault accepted container SecureJarResource(cristellib)
[16Apr2025 19:03:15.368] [main/DEBUG] [mixin/]: Processing prepare() for PlatformAgent[MixinPlatformAgentDefault:SecureJarResource(cristellib)]
[16Apr2025 19:03:15.368] [main/DEBUG] [mixin/]: Registering mixin config: cristellib-common.mixins.json
[16Apr2025 19:03:15.369] [main/DEBUG] [mixin/]: Registering mixin config: cristellib.mixins.json
[16Apr2025 19:03:15.371] [main/DEBUG] [mixin/]: Adding mixin platform agents for container SecureJarResource(jankson)
[16Apr2025 19:03:15.371] [main/DEBUG] [mixin/]: Instancing new MixinPlatformAgentMinecraftForge for SecureJarResource(jankson)
[16Apr2025 19:03:15.371] [main/DEBUG] [mixin/]: MixinPlatformAgentMinecraftForge rejected container SecureJarResource(jankson)
[16Apr2025 19:03:15.371] [main/DEBUG] [mixin/]: Instancing new MixinPlatformAgentDefault for SecureJarResource(jankson)
[16Apr2025 19:03:15.371] [main/DEBUG] [mixin/]: MixinPlatformAgentDefault accepted container SecureJarResource(jankson)
[16Apr2025 19:03:15.371] [main/DEBUG] [mixin/]: Processing prepare() for PlatformAgent[MixinPlatformAgentDefault:SecureJarResource(jankson)]
[16Apr2025 19:03:15.372] [main/DEBUG] [mixin/]: Adding mixin platform agents for container SecureJarResource(MixinExtras)
[16Apr2025 19:03:15.372] [main/DEBUG] [mixin/]: Instancing new MixinPlatformAgentMinecraftForge for SecureJarResource(MixinExtras)
[16Apr2025 19:03:15.372] [main/DEBUG] [mixin/]: MixinPlatformAgentMinecraftForge rejected container SecureJarResource(MixinExtras)
[16Apr2025 19:03:15.372] [main/DEBUG] [mixin/]: Instancing new MixinPlatformAgentDefault for SecureJarResource(MixinExtras)
[16Apr2025 19:03:15.372] [main/DEBUG] [mixin/]: MixinPlatformAgentDefault accepted container SecureJarResource(MixinExtras)
[16Apr2025 19:03:15.372] [main/DEBUG] [mixin/]: Processing prepare() for PlatformAgent[MixinPlatformAgentDefault:SecureJarResource(MixinExtras)]
[16Apr2025 19:03:15.373] [main/DEBUG] [mixin/]: inject() running with 26 agents
[16Apr2025 19:03:15.373] [main/DEBUG] [mixin/]: Processing inject() for PlatformAgent[MixinPlatformAgentDefault:ModLauncher Root Container(ModLauncher:4f56a0a2)]
[16Apr2025 19:03:15.373] [main/DEBUG] [mixin/]: Processing inject() for PlatformAgent[MixinPlatformAgentDefault:SecureJarResource(minecraft)]
[16Apr2025 19:03:15.373] [main/DEBUG] [mixin/]: Processing inject() for PlatformAgent[MixinPlatformAgentDefault:SecureJarResource(voicechat)]
[16Apr2025 19:03:15.373] [main/DEBUG] [mixin/]: Processing inject() for PlatformAgent[MixinPlatformAgentDefault:SecureJarResource(mutantmonsters)]
[16Apr2025 19:03:15.373] [main/DEBUG] [mixin/]: Processing inject() for PlatformAgent[MixinPlatformAgentDefault:SecureJarResource(creativecore)]
[16Apr2025 19:03:15.374] [main/DEBUG] [mixin/]: Processing inject() for PlatformAgent[MixinPlatformAgentDefault:SecureJarResource(jei)]
[16Apr2025 19:03:15.374] [main/DEBUG] [mixin/]: Processing inject() for PlatformAgent[MixinPlatformAgentDefault:SecureJarResource(dungeons_enhanced)]
[16Apr2025 19:03:15.374] [main/DEBUG] [mixin/]: Processing inject() for PlatformAgent[MixinPlatformAgentDefault:SecureJarResource(wthit)]
[16Apr2025 19:03:15.374] [main/DEBUG] [mixin/]: Processing inject() for PlatformAgent[MixinPlatformAgentDefault:SecureJarResource(simplybackpacks)]
[16Apr2025 19:03:15.374] [main/DEBUG] [mixin/]: Processing inject() for PlatformAgent[MixinPlatformAgentDefault:SecureJarResource(reap)]
[16Apr2025 19:03:15.374] [main/DEBUG] [mixin/]: Processing inject() for PlatformAgent[MixinPlatformAgentDefault:SecureJarResource(journeymap)]
[16Apr2025 19:03:15.374] [main/DEBUG] [mixin/]: Processing inject() for PlatformAgent[MixinPlatformAgentDefault:SecureJarResource(badpackets)]
[16Apr2025 19:03:15.375] [main/DEBUG] [mixin/]: Processing inject() for PlatformAgent[MixinPlatformAgentDefault:SecureJarResource(mixinextras)]
[16Apr2025 19:03:15.375] [main/DEBUG] [mixin/]: Processing inject() for PlatformAgent[MixinPlatformAgentDefault:SecureJarResource(tombstone)]
[16Apr2025 19:03:15.375] [main/DEBUG] [mixin/]: Processing inject() for PlatformAgent[MixinPlatformAgentDefault:SecureJarResource(tlc)]
[16Apr2025 19:03:15.375] [main/DEBUG] [mixin/]: Processing inject() for PlatformAgent[MixinPlatformAgentDefault:SecureJarResource(puzzleslib)]
[16Apr2025 19:03:15.375] [main/DEBUG] [mixin/]: Processing inject() for PlatformAgent[MixinPlatformAgentDefault:SecureJarResource(puzzlesaccessapi)]
[16Apr2025 19:03:15.375] [main/DEBUG] [mixin/]: Processing inject() for PlatformAgent[MixinPlatformAgentDefault:SecureJarResource(forge)]
[16Apr2025 19:03:15.375] [main/DEBUG] [mixin/]: Processing inject() for PlatformAgent[MixinPlatformAgentDefault:SecureJarResource(t_and_t)]
[16Apr2025 19:03:15.375] [main/DEBUG] [mixin/]: Processing inject() for PlatformAgent[MixinPlatformAgentDefault:SecureJarResource(twilightforest)]
[16Apr2025 19:03:15.375] [main/DEBUG] [mixin/]: Processing inject() for PlatformAgent[MixinPlatformAgentDefault:SecureJarResource(playerrevive)]
[16Apr2025 19:03:15.375] [main/DEBUG] [mixin/]: Processing inject() for PlatformAgent[MixinPlatformAgentDefault:SecureJarResource(structure_gel)]
[16Apr2025 19:03:15.376] [main/DEBUG] [mixin/]: Processing inject() for PlatformAgent[MixinPlatformAgentDefault:SecureJarResource(infernalmobs)]
[16Apr2025 19:03:15.376] [main/DEBUG] [mixin/]: Processing inject() for PlatformAgent[MixinPlatformAgentDefault:SecureJarResource(cristellib)]
[16Apr2025 19:03:15.376] [main/DEBUG] [mixin/]: Processing inject() for PlatformAgent[MixinPlatformAgentDefault:SecureJarResource(jankson)]
[16Apr2025 19:03:15.376] [main/DEBUG] [mixin/]: Processing inject() for PlatformAgent[MixinPlatformAgentDefault:SecureJarResource(MixinExtras)]
[16Apr2025 19:03:15.376] [main/INFO] [cpw.mods.modlauncher.LaunchServiceHandler/MODLAUNCHER]: Launching target 'forgeserver' with arguments [nogui]
[16Apr2025 19:03:15.415] [main/DEBUG] [mixin/]: Error cleaning class output directory: .mixin.out
[16Apr2025 19:03:15.417] [main/DEBUG] [mixin/]: Preparing mixins for MixinEnvironment[DEFAULT]
[16Apr2025 19:03:15.418] [main/DEBUG] [mixin/]: Selecting config mutantmonsters.common.mixins.json
[16Apr2025 19:03:15.434] [main/DEBUG] [mixin/]: Selecting config creativecore.mixins.json
[16Apr2025 19:03:15.436] [main/DEBUG] [mixin/]: Selecting config creativecore.forge.mixins.json
[16Apr2025 19:03:15.438] [main/DEBUG] [mixin/]: Selecting config wthit.mixins.json
[16Apr2025 19:03:15.440] [main/DEBUG] [mixin/]: Selecting config journeymap.mixins.json
[16Apr2025 19:03:15.441] [main/DEBUG] [mixin/]: Selecting config badpackets.mixins.json
[16Apr2025 19:03:15.441] [main/DEBUG] [mixin/]: Selecting config mixinextras.init.mixins.json
[16Apr2025 19:03:15.483] [main/DEBUG] [MixinExtras|Service/]: com.llamalad7.mixinextras.service.MixinExtrasServiceImpl(version=0.4.1) is taking over from null
[16Apr2025 19:03:15.520] [main/DEBUG] [mixin/]: Registering new injector for @Inject with org.spongepowered.asm.mixin.injection.struct.CallbackInjectionInfo
[16Apr2025 19:03:15.522] [main/DEBUG] [mixin/]: Registering new injector for @ModifyArg with org.spongepowered.asm.mixin.injection.struct.ModifyArgInjectionInfo
[16Apr2025 19:03:15.523] [main/DEBUG] [mixin/]: Registering new injector for @ModifyArgs with org.spongepowered.asm.mixin.injection.struct.ModifyArgsInjectionInfo
[16Apr2025 19:03:15.526] [main/DEBUG] [mixin/]: Registering new injector for @Redirect with org.spongepowered.asm.mixin.injection.struct.RedirectInjectionInfo
[16Apr2025 19:03:15.528] [main/DEBUG] [mixin/]: Registering new injector for @ModifyVariable with org.spongepowered.asm.mixin.injection.struct.ModifyVariableInjectionInfo
[16Apr2025 19:03:15.529] [main/DEBUG] [mixin/]: Registering new injector for @ModifyConstant with org.spongepowered.asm.mixin.injection.struct.ModifyConstantInjectionInfo
[16Apr2025 19:03:15.545] [main/DEBUG] [mixin/]: Selecting config tombstone.mixins.json
[16Apr2025 19:03:15.549] [main/DEBUG] [mixin/]: Selecting config tlc.mixins.json
[16Apr2025 19:03:15.550] [main/DEBUG] [mixin/]: Selecting config puzzleslib.common.mixins.json
[16Apr2025 19:03:15.586] [main/INFO] [Puzzles Lib/]: Loading 23 mods:
	- badpackets 0.4.3
	- creativecore 2.12.31
	- cristellib 1.1.6
	- dungeons_enhanced 5.3.0
	- forge 47.3.7
	- infernalmobs 1.20.1.6
	- jei 15.20.0.106
	- journeymap 5.10.3
	- minecraft 1.20.1
	- mutantmonsters 8.0.7
	- playerrevive 2.0.31
	- puzzleslib 8.1.29
		|-- mixinextras 0.4.1
		\-- puzzlesaccessapi 20.1.1
	- reap 1.20.1-1.0.2
	- simplybackpacks 1.20.1-2.1.5-build.51
	- structure_gel 2.16.2
	- t_and_t 0.0NONE
	- tlc 1.0.2
	- tombstone 8.9.2
	- twilightforest 4.3.2508
	- voicechat 1.20.1-2.5.26
	- wthit 8.16.1
		\-- waila 8.16.1
[16Apr2025 19:03:15.588] [main/DEBUG] [mixin/]: Selecting config puzzleslib.forge.mixins.json
[16Apr2025 19:03:15.596] [main/DEBUG] [mixin/]: Selecting config puzzlesaccessapi.common.mixins.json
[16Apr2025 19:03:15.597] [main/WARN] [mixin/]: Reference map 'puzzlesaccessapi.common.refmap.json' for puzzlesaccessapi.common.mixins.json could not be read. If this is a development environment you can ignore this message
[16Apr2025 19:03:15.600] [main/DEBUG] [mixin/]: Selecting config puzzlesaccessapi.forge.mixins.json
[16Apr2025 19:03:15.601] [main/DEBUG] [mixin/]: Selecting config playerrevive.mixins.json
[16Apr2025 19:03:15.602] [main/DEBUG] [mixin/]: Selecting config structure_gel.mixins.json
[16Apr2025 19:03:15.606] [main/DEBUG] [mixin/]: Selecting config cristellib-common.mixins.json
[16Apr2025 19:03:15.618] [main/DEBUG] [mixin/]: Selecting config cristellib.mixins.json
[16Apr2025 19:03:15.621] [main/WARN] [mixin/]: Reference map 'cristellib-forge-refmap.json' for cristellib.mixins.json could not be read. If this is a development environment you can ignore this message
[16Apr2025 19:03:15.622] [main/DEBUG] [mixin/]: Preparing mutantmonsters.common.mixins.json (2)
[16Apr2025 19:03:15.676] [main/DEBUG] [mixin/]: Preparing creativecore.mixins.json (8)
[16Apr2025 19:03:15.714] [main/DEBUG] [mixin/]: Preparing creativecore.forge.mixins.json (3)
[16Apr2025 19:03:15.718] [main/DEBUG] [mixin/]: Preparing wthit.mixins.json (21)
[16Apr2025 19:03:15.824] [main/DEBUG] [mixin/]: Preparing journeymap.mixins.json (3)
[16Apr2025 19:03:15.824] [main/DEBUG] [mixin/]: Preparing badpackets.mixins.json (4)
[16Apr2025 19:03:15.860] [main/DEBUG] [mixin/]: Preparing mixinextras.init.mixins.json (0)
[16Apr2025 19:03:15.860] [main/DEBUG] [mixin/]: Preparing tombstone.mixins.json (27)
[16Apr2025 19:03:15.887] [main/DEBUG] [net.minecraftforge.coremod.transformer.CoreModBaseTransformer/COREMOD]: Transforming net/minecraft/world/item/ItemStack
[16Apr2025 19:03:15.971] [main/DEBUG] [net.minecraftforge.coremod.transformer.CoreModBaseTransformer/COREMOD]: Transforming m_41435_ with desc (Lnet/minecraft/world/level/Level;Lnet/minecraft/world/entity/player/Player;Lnet/minecraft/world/level/ClipContext$Fluid;)Lnet/minecraft/world/phys/BlockHitResult;
[16Apr2025 19:03:16.086] [main/DEBUG] [net.minecraftforge.coremod.transformer.CoreModBaseTransformer/COREMOD]: Transforming net/minecraft/world/entity/npc/Villager
[16Apr2025 19:03:16.340] [main/DEBUG] [mixin/]: Preparing tlc.mixins.json (1)
[16Apr2025 19:03:16.355] [main/DEBUG] [mixin/]: Preparing puzzleslib.common.mixins.json (5)
[16Apr2025 19:03:16.366] [main/DEBUG] [mixin/]: Preparing puzzleslib.forge.mixins.json (13)
[16Apr2025 19:03:16.397] [main/DEBUG] [mixin/]: Preparing puzzlesaccessapi.common.mixins.json (0)
[16Apr2025 19:03:16.397] [main/DEBUG] [mixin/]: Preparing puzzlesaccessapi.forge.mixins.json (0)
[16Apr2025 19:03:16.397] [main/DEBUG] [mixin/]: Preparing playerrevive.mixins.json (5)
[16Apr2025 19:03:16.413] [main/DEBUG] [mixin/]: Preparing structure_gel.mixins.json (0)
[16Apr2025 19:03:16.414] [main/DEBUG] [mixin/]: Preparing cristellib-common.mixins.json (1)
[16Apr2025 19:03:16.417] [main/DEBUG] [mixin/]: Preparing cristellib.mixins.json (0)
[16Apr2025 19:03:16.478] [main/DEBUG] [net.minecraftforge.coremod.transformer.CoreModBaseTransformer/COREMOD]: Transforming net/minecraft/world/level/levelgen/structure/Structure
[16Apr2025 19:03:16.510] [main/DEBUG] [net.minecraftforge.coremod.transformer.CoreModBaseTransformer/COREMOD]: Transforming net/minecraft/world/level/levelgen/structure/templatesystem/StructureTemplate
[16Apr2025 19:03:16.744] [main/DEBUG] [mixin/]: Prepared 58 mixins in 1.326 sec (22.9ms avg) (0ms load, 0ms transform, 0ms plugin)
[16Apr2025 19:03:16.784] [main/INFO] [MixinExtras|Service/]: Initializing MixinExtras via com.llamalad7.mixinextras.service.MixinExtrasServiceImpl(version=0.4.1).
[16Apr2025 19:03:16.786] [main/DEBUG] [mixin/]: Registering new injector for @SugarWrapper with com.llamalad7.mixinextras.sugar.impl.SugarWrapperInjectionInfo
[16Apr2025 19:03:16.787] [main/DEBUG] [mixin/]: Registering new injector for @FactoryRedirectWrapper with com.llamalad7.mixinextras.wrapper.factory.FactoryRedirectWrapperInjectionInfo
[16Apr2025 19:03:16.794] [main/DEBUG] [mixin/]: Mixing DedicatedServerMixin from tombstone.mixins.json into net.minecraft.server.dedicated.DedicatedServer
[16Apr2025 19:03:16.841] [main/DEBUG] [net.minecraftforge.coremod.transformer.CoreModBaseTransformer/COREMOD]: Transforming m_46758_ with desc (Lnet/minecraft/core/BlockPos;)Z
[16Apr2025 19:03:16.957] [main/DEBUG] [io.netty.util.internal.logging.InternalLoggerFactory/]: Using SLF4J as the default logging framework
[16Apr2025 19:03:16.962] [main/DEBUG] [io.netty.util.ResourceLeakDetector/]: -Dio.netty.leakDetection.level: simple
[16Apr2025 19:03:16.963] [main/DEBUG] [io.netty.util.ResourceLeakDetector/]: -Dio.netty.leakDetection.targetRecords: 4
[16Apr2025 19:03:17.176] [main/WARN] [net.minecraft.SystemReport/]: Failed retrieving info for group hardware
java.lang.NoClassDefFoundError: com/sun/jna/Platform
	at oshi.SystemInfo.<clinit>(SystemInfo.java:60) ~[oshi-core-6.2.2.jar%2369!/:6.2.2]
	at net.minecraft.SystemReport.m_143564_(SystemReport.java:52) ~[server-1.20.1-20230612.114412-srg.jar%23135!/:?]
	at net.minecraft.SystemReport.m_143516_(SystemReport.java:82) ~[server-1.20.1-20230612.114412-srg.jar%23135!/:?]
	at net.minecraft.SystemReport.<init>(SystemReport.java:52) ~[server-1.20.1-20230612.114412-srg.jar%23135!/:?]
	at net.minecraft.CrashReport.<init>(CrashReport.java:31) ~[server-1.20.1-20230612.114412-srg.jar%23135!/:?]
	at net.minecraft.CrashReport.m_127529_(CrashReport.java:216) ~[server-1.20.1-20230612.114412-srg.jar%23135!/:?]
	at net.minecraft.server.Main.main(Main.java:116) ~[server-1.20.1-20230612.114412-srg.jar%23135!/:?]
	at jdk.internal.reflect.NativeMethodAccessorImpl.invoke0(Native Method) ~[?:?]
	at jdk.internal.reflect.NativeMethodAccessorImpl.invoke(NativeMethodAccessorImpl.java:77) ~[?:?]
	at jdk.internal.reflect.DelegatingMethodAccessorImpl.invoke(DelegatingMethodAccessorImpl.java:43) ~[?:?]
	at java.lang.reflect.Method.invoke(Method.java:569) ~[?:?]
	at net.minecraftforge.fml.loading.targets.CommonLaunchHandler.runTarget(CommonLaunchHandler.java:111) ~[fmlloader-1.20.1-47.3.7.jar%2367!/:?]
	at net.minecraftforge.fml.loading.targets.CommonLaunchHandler.serverService(CommonLaunchHandler.java:103) ~[fmlloader-1.20.1-47.3.7.jar%2367!/:?]
	at net.minecraftforge.fml.loading.targets.CommonServerLaunchHandler.lambda$makeService$0(CommonServerLaunchHandler.java:27) ~[fmlloader-1.20.1-47.3.7.jar%2367!/:?]
	at cpw.mods.modlauncher.LaunchServiceHandlerDecorator.launch(LaunchServiceHandlerDecorator.java:30) ~[modlauncher-10.0.9.jar%2353!/:?]
	at cpw.mods.modlauncher.LaunchServiceHandler.launch(LaunchServiceHandler.java:53) ~[modlauncher-10.0.9.jar%2353!/:?]
	at cpw.mods.modlauncher.LaunchServiceHandler.launch(LaunchServiceHandler.java:71) ~[modlauncher-10.0.9.jar%2353!/:?]
	at cpw.mods.modlauncher.Launcher.run(Launcher.java:108) ~[modlauncher-10.0.9.jar%2353!/:?]
	at cpw.mods.modlauncher.Launcher.main(Launcher.java:78) ~[modlauncher-10.0.9.jar%2353!/:?]
	at cpw.mods.modlauncher.BootstrapLaunchConsumer.accept(BootstrapLaunchConsumer.java:26) ~[modlauncher-10.0.9.jar%2353!/:?]
	at cpw.mods.modlauncher.BootstrapLaunchConsumer.accept(BootstrapLaunchConsumer.java:23) ~[modlauncher-10.0.9.jar%2353!/:?]
	at cpw.mods.bootstraplauncher.BootstrapLauncher.main(BootstrapLauncher.java:141) ~[bootstraplauncher-1.1.2.jar:?]
Caused by: java.lang.ClassNotFoundException: com.sun.jna.Platform
	at jdk.internal.loader.BuiltinClassLoader.loadClass(BuiltinClassLoader.java:641) ~[?:?]
	at java.lang.ClassLoader.loadClass(ClassLoader.java:525) ~[?:?]
	at cpw.mods.cl.ModuleClassLoader.loadClass(ModuleClassLoader.java:137) ~[securejarhandler-2.1.10.jar:?]
	at java.lang.ClassLoader.loadClass(ClassLoader.java:525) ~[?:?]
	... 22 more
[16Apr2025 19:03:17.325] [main/DEBUG] [mixin/]: Mixing accessor.ForgeRegistryForgeAccessor from puzzleslib.forge.mixins.json into net.minecraftforge.registries.ForgeRegistry
[16Apr2025 19:03:17.359] [main/DEBUG] [mixin/]: Mixing accessor.BlockAccessor from puzzleslib.common.mixins.json into net.minecraft.world.level.block.Block
[16Apr2025 19:03:17.362] [main/DEBUG] [mixin/]: Mixing BlockMixin from structure_gel.mixins.json into net.minecraft.world.level.block.Block
[16Apr2025 19:03:17.413] [main/DEBUG] [mixin/]: Mixing EntityAccess from wthit.mixins.json into net.minecraft.world.entity.Entity
[16Apr2025 19:03:17.414] [main/DEBUG] [mixin/]: wthit.mixins.json:EntityAccess: Class version 61 required is higher than the class version supported by the current version of Mixin (JAVA_16 supports class version 60)
[16Apr2025 19:03:17.415] [main/DEBUG] [mixin/]: Mixing EntityMixin from tombstone.mixins.json into net.minecraft.world.entity.Entity
[16Apr2025 19:03:17.430] [main/DEBUG] [mixin/]: Mixing EntityMixin from structure_gel.mixins.json into net.minecraft.world.entity.Entity
[16Apr2025 19:03:17.521] [main/DEBUG] [mixin/]: Mixing LivingEntityMixin from tombstone.mixins.json into net.minecraft.world.entity.LivingEntity
[16Apr2025 19:03:17.592] [main/DEBUG] [net.minecraftforge.coremod.transformer.CoreModBaseTransformer/COREMOD]: Transforming m_46758_ with desc (Lnet/minecraft/core/BlockPos;)Z
[16Apr2025 19:03:17.649] [main/DEBUG] [mixin/]: Mixing PlayerMixin from playerrevive.mixins.json into net.minecraft.world.entity.player.Player
[16Apr2025 19:03:17.667] [main/DEBUG] [net.minecraftforge.coremod.transformer.CoreModBaseTransformer/COREMOD]: Transforming net/minecraft/world/entity/EntityType
[16Apr2025 19:03:17.849] [main/DEBUG] [net.minecraftforge.coremod.transformer.CoreModBaseTransformer/COREMOD]: Transforming m_41435_ with desc (Lnet/minecraft/world/level/Level;Lnet/minecraft/world/entity/player/Player;Lnet/minecraft/world/level/ClipContext$Fluid;)Lnet/minecraft/world/phys/BlockHitResult;
[16Apr2025 19:03:17.850] [main/DEBUG] [mixin/]: Mixing ItemMixin from tombstone.mixins.json into net.minecraft.world.item.Item
[16Apr2025 19:03:17.850] [main/DEBUG] [mixin/]: Renaming synthetic method lambda$methodIsFoil$1(Lnet/minecraft/world/item/ItemStack;Lovh/corail/tombstone/api/capability/ISoulConsumer;)Ljava/lang/Boolean; to mdcbbc4c$lambda$methodIsFoil$1$0 in tombstone.mixins.json:ItemMixin
[16Apr2025 19:03:17.850] [main/DEBUG] [mixin/]: Renaming synthetic method lambda$methodGetName$0(Lnet/minecraft/world/item/ItemStack;Lovh/corail/tombstone/api/capability/ISoulConsumer;)Ljava/lang/Boolean; to mdcbbc4c$lambda$methodGetName$0$1 in tombstone.mixins.json:ItemMixin
[16Apr2025 19:03:17.905] [main/DEBUG] [net.minecraftforge.coremod.transformer.CoreModBaseTransformer/COREMOD]: Transforming net/minecraft/world/effect/MobEffectInstance
[16Apr2025 19:03:17.968] [main/DEBUG] [net.minecraftforge.coremod.transformer.CoreModBaseTransformer/COREMOD]: Transforming net/minecraft/world/entity/EntityType
[16Apr2025 19:03:18.180] [main/DEBUG] [mixin/]: Mixing accessor.FireBlockForgeAccessor from puzzleslib.forge.mixins.json into net.minecraft.world.level.block.FireBlock
[16Apr2025 19:03:18.216] [main/DEBUG] [mixin/]: Mixing ShapesMixin from creativecore.mixins.json into net.minecraft.world.phys.shapes.Shapes
[16Apr2025 19:03:18.373] [main/DEBUG] [mixin/]: Mixing VoxelShapeAccessor from creativecore.mixins.json into net.minecraft.world.phys.shapes.VoxelShape
[16Apr2025 19:03:18.601] [main/DEBUG] [net.minecraftforge.coremod.transformer.CoreModBaseTransformer/COREMOD]: Transforming net/minecraft/world/level/block/LiquidBlock
[16Apr2025 19:03:18.614] [main/DEBUG] [mixin/]: Mixing ShearableBlocksMixin from wthit.mixins.json into net.minecraft.world.level.block.LeavesBlock
[16Apr2025 19:03:18.614] [main/DEBUG] [mixin/]: wthit.mixins.json:ShearableBlocksMixin: Class version 61 required is higher than the class version supported by the current version of Mixin (JAVA_16 supports class version 60)
[16Apr2025 19:03:18.620] [main/DEBUG] [mixin/]: Mixing ShearableBlocksMixin from wthit.mixins.json into net.minecraft.world.level.block.CherryLeavesBlock
[16Apr2025 19:03:18.620] [main/DEBUG] [mixin/]: wthit.mixins.json:ShearableBlocksMixin: Class version 61 required is higher than the class version supported by the current version of Mixin (JAVA_16 supports class version 60)
[16Apr2025 19:03:18.625] [main/DEBUG] [mixin/]: Mixing ShearableBlocksMixin from wthit.mixins.json into net.minecraft.world.level.block.MangroveLeavesBlock
[16Apr2025 19:03:18.625] [main/DEBUG] [mixin/]: wthit.mixins.json:ShearableBlocksMixin: Class version 61 required is higher than the class version supported by the current version of Mixin (JAVA_16 supports class version 60)
[16Apr2025 19:03:18.636] [main/DEBUG] [mixin/]: Mixing NoteBlockAccess from wthit.mixins.json into net.minecraft.world.level.block.NoteBlock
[16Apr2025 19:03:18.637] [main/DEBUG] [mixin/]: wthit.mixins.json:NoteBlockAccess: Class version 61 required is higher than the class version supported by the current version of Mixin (JAVA_16 supports class version 60)
[16Apr2025 19:03:18.648] [main/DEBUG] [mixin/]: Mixing ShearableBlocksMixin from wthit.mixins.json into net.minecraft.world.level.block.WebBlock
[16Apr2025 19:03:18.648] [main/DEBUG] [mixin/]: wthit.mixins.json:ShearableBlocksMixin: Class version 61 required is higher than the class version supported by the current version of Mixin (JAVA_16 supports class version 60)
[16Apr2025 19:03:18.650] [main/DEBUG] [mixin/]: Mixing ShearableBlocksMixin from wthit.mixins.json into net.minecraft.world.level.block.TallGrassBlock
[16Apr2025 19:03:18.651] [main/DEBUG] [mixin/]: wthit.mixins.json:ShearableBlocksMixin: Class version 61 required is higher than the class version supported by the current version of Mixin (JAVA_16 supports class version 60)
[16Apr2025 19:03:18.655] [main/DEBUG] [mixin/]: Mixing ShearableBlocksMixin from wthit.mixins.json into net.minecraft.world.level.block.DeadBushBlock
[16Apr2025 19:03:18.655] [main/DEBUG] [mixin/]: wthit.mixins.json:ShearableBlocksMixin: Class version 61 required is higher than the class version supported by the current version of Mixin (JAVA_16 supports class version 60)
[16Apr2025 19:03:18.657] [main/DEBUG] [mixin/]: Mixing ShearableBlocksMixin from wthit.mixins.json into net.minecraft.world.level.block.SeagrassBlock
[16Apr2025 19:03:18.657] [main/DEBUG] [mixin/]: wthit.mixins.json:ShearableBlocksMixin: Class version 61 required is higher than the class version supported by the current version of Mixin (JAVA_16 supports class version 60)
[16Apr2025 19:03:18.665] [main/DEBUG] [net.minecraftforge.coremod.transformer.CoreModBaseTransformer/COREMOD]: Transforming m_7898_ with desc (Lnet/minecraft/world/level/block/state/BlockState;Lnet/minecraft/world/level/LevelReader;Lnet/minecraft/core/BlockPos;)Z
[16Apr2025 19:03:18.678] [main/DEBUG] [mixin/]: Mixing ChiseledBookShelfBlockAccess from wthit.mixins.json into net.minecraft.world.level.block.ChiseledBookShelfBlock
[16Apr2025 19:03:18.679] [main/DEBUG] [mixin/]: wthit.mixins.json:ChiseledBookShelfBlockAccess: Class version 61 required is higher than the class version supported by the current version of Mixin (JAVA_16 supports class version 60)
[16Apr2025 19:03:18.679] [main/DEBUG] [mixin/]: Renaming @Invoker method wthit_getRelativeHitCoordinatesForBlockFace(Lnet/minecraft/world/phys/BlockHitResult;Lnet/minecraft/core/Direction;)Ljava/util/Optional; to wthit_getRelativeHitCoordinatesForBlockFace_$md$cbbc4c$0 in wthit.mixins.json:ChiseledBookShelfBlockAccess
[16Apr2025 19:03:18.679] [main/DEBUG] [mixin/]: Renaming @Invoker method wthit_getHitSlot(Lnet/minecraft/world/phys/Vec2;)I to wthit_getHitSlot_$md$cbbc4c$1 in wthit.mixins.json:ChiseledBookShelfBlockAccess
[16Apr2025 19:03:18.686] [main/DEBUG] [net.minecraftforge.coremod.transformer.CoreModBaseTransformer/COREMOD]: Transforming net/minecraft/world/level/block/StairBlock
[16Apr2025 19:03:18.697] [main/DEBUG] [mixin/]: Mixing ChestBlockMixin from tombstone.mixins.json into net.minecraft.world.level.block.ChestBlock
[16Apr2025 19:03:18.771] [main/DEBUG] [mixin/]: Mixing ShearableBlocksMixin from wthit.mixins.json into net.minecraft.world.level.block.VineBlock
[16Apr2025 19:03:18.771] [main/DEBUG] [mixin/]: wthit.mixins.json:ShearableBlocksMixin: Class version 61 required is higher than the class version supported by the current version of Mixin (JAVA_16 supports class version 60)
[16Apr2025 19:03:18.799] [main/DEBUG] [net.minecraftforge.coremod.transformer.CoreModBaseTransformer/COREMOD]: Transforming net/minecraft/world/level/block/FlowerPotBlock
[16Apr2025 19:03:19.130] [main/DEBUG] [mixin/]: Mixing BrushableBlockEntityMixin from tombstone.mixins.json into net.minecraft.world.level.block.entity.BrushableBlockEntity
[16Apr2025 19:03:19.229] [main/DEBUG] [mixin/]: Mixing RandomizableContainerBlockEntityAccess from wthit.mixins.json into net.minecraft.world.level.block.entity.RandomizableContainerBlockEntity
[16Apr2025 19:03:19.230] [main/DEBUG] [mixin/]: wthit.mixins.json:RandomizableContainerBlockEntityAccess: Class version 61 required is higher than the class version supported by the current version of Mixin (JAVA_16 supports class version 60)
[16Apr2025 19:03:19.232] [main/DEBUG] [mixin/]: Mixing BaseContainerBlockEntityAccess from wthit.mixins.json into net.minecraft.world.level.block.entity.BaseContainerBlockEntity
[16Apr2025 19:03:19.232] [main/DEBUG] [mixin/]: wthit.mixins.json:BaseContainerBlockEntityAccess: Class version 61 required is higher than the class version supported by the current version of Mixin (JAVA_16 supports class version 60)
[16Apr2025 19:03:19.556] [main/DEBUG] [mixin/]: Mixing ChiseledBookShelfBlockEntityAccess from wthit.mixins.json into net.minecraft.world.level.block.entity.ChiseledBookShelfBlockEntity
[16Apr2025 19:03:19.556] [main/DEBUG] [mixin/]: wthit.mixins.json:ChiseledBookShelfBlockEntityAccess: Class version 61 required is higher than the class version supported by the current version of Mixin (JAVA_16 supports class version 60)
[16Apr2025 19:03:19.966] [main/DEBUG] [mixin/]: Mixing AbstractFurnaceBlockEntityAccess from wthit.mixins.json into net.minecraft.world.level.block.entity.AbstractFurnaceBlockEntity
[16Apr2025 19:03:19.966] [main/DEBUG] [mixin/]: wthit.mixins.json:AbstractFurnaceBlockEntityAccess: Class version 61 required is higher than the class version supported by the current version of Mixin (JAVA_16 supports class version 60)
[16Apr2025 19:03:20.131] [main/DEBUG] [mixin/]: Mixing MobMixin from tombstone.mixins.json into net.minecraft.world.entity.Mob
[16Apr2025 19:03:20.133] [main/DEBUG] [mixin/]: Renaming synthetic method lambda$methodSetTarget$2(Lnet/minecraft/world/entity/LivingEntity;Ljava/util/UUID;)Ljava/lang/Boolean; to mdcbbc4c$lambda$methodSetTarget$2$0 in tombstone.mixins.json:MobMixin
[16Apr2025 19:03:20.133] [main/DEBUG] [mixin/]: Renaming synthetic method lambda$methodCanBeLeashed$1(Lnet/minecraft/world/entity/player/Player;Ljava/util/UUID;)Ljava/lang/Boolean; to mdcbbc4c$lambda$methodCanBeLeashed$1$1 in tombstone.mixins.json:MobMixin
[16Apr2025 19:03:20.134] [main/DEBUG] [mixin/]: Renaming synthetic method lambda$methodTick$0(Lnet/minecraft/world/entity/Mob;Lovh/corail/tombstone/api/capability/ISpellCaster;)V to mdcbbc4c$lambda$methodTick$0$2 in tombstone.mixins.json:MobMixin
[16Apr2025 19:03:20.217] [main/DEBUG] [mixin/]: Mixing MonsterMixin from tombstone.mixins.json into net.minecraft.world.entity.monster.Monster
[16Apr2025 19:03:20.315] [main/DEBUG] [net.minecraftforge.coremod.transformer.CoreModBaseTransformer/COREMOD]: Transforming net/minecraft/world/item/ItemStack
[16Apr2025 19:03:20.316] [main/DEBUG] [mixin/]: Mixing ItemStackMixin from tombstone.mixins.json into net.minecraft.world.item.ItemStack
[16Apr2025 19:03:20.360] [main/DEBUG] [mixin/]: Mixing BeaconBlockEntityAccess from wthit.mixins.json into net.minecraft.world.level.block.entity.BeaconBlockEntity
[16Apr2025 19:03:20.360] [main/DEBUG] [mixin/]: wthit.mixins.json:BeaconBlockEntityAccess: Class version 61 required is higher than the class version supported by the current version of Mixin (JAVA_16 supports class version 60)
[16Apr2025 19:03:21.406] [main/DEBUG] [mixin/]: Mixing StructureBlockEntityMixin from structure_gel.mixins.json into net.minecraft.world.level.block.entity.StructureBlockEntity
[16Apr2025 19:03:21.412] [main/DEBUG] [mixin/]: Mixing TemplateMixins$StructureBlockEntityMixin from structure_gel.mixins.json into net.minecraft.world.level.block.entity.StructureBlockEntity
[16Apr2025 19:03:21.444] [main/DEBUG] [mixin/]: Mixing BeehiveBlockEntityAccess from wthit.mixins.json into net.minecraft.world.level.block.entity.BeehiveBlockEntity
[16Apr2025 19:03:21.445] [main/DEBUG] [mixin/]: wthit.mixins.json:BeehiveBlockEntityAccess: Class version 61 required is higher than the class version supported by the current version of Mixin (JAVA_16 supports class version 60)
[16Apr2025 19:03:21.813] [main/DEBUG] [net.minecraftforge.coremod.transformer.CoreModBaseTransformer/COREMOD]: Transforming net/minecraft/world/entity/animal/frog/Tadpole
[16Apr2025 19:03:21.845] [main/DEBUG] [mixin/]: Mixing accessor.BlockItemAccessor from puzzleslib.common.mixins.json into net.minecraft.world.item.BlockItem
[16Apr2025 19:03:21.860] [main/DEBUG] [net.minecraftforge.coremod.transformer.CoreModBaseTransformer/COREMOD]: Transforming net/minecraft/world/item/BucketItem
[16Apr2025 19:03:21.868] [main/DEBUG] [mixin/]: Mixing BundleItemMixin from tombstone.mixins.json into net.minecraft.world.item.BundleItem
[16Apr2025 19:03:21.868] [main/DEBUG] [mixin/]: Renaming synthetic method lambda$getEnchantmentLevel$0(Lnet/minecraft/world/item/ItemStack;Lovh/corail/tombstone/api/capability/ISoulConsumer;)Ljava/lang/Boolean; to mdcbbc4c$lambda$getEnchantmentLevel$0$0 in tombstone.mixins.json:BundleItemMixin
[16Apr2025 19:03:21.878] [main/DEBUG] [net.minecraftforge.coremod.transformer.CoreModBaseTransformer/COREMOD]: Transforming m_7373_ with desc (Lnet/minecraft/world/item/ItemStack;Lnet/minecraft/world/level/Level;Ljava/util/List;Lnet/minecraft/world/item/TooltipFlag;)V
[16Apr2025 19:03:21.889] [main/DEBUG] [mixin/]: Mixing PotionItemMixin from tombstone.mixins.json into net.minecraft.world.item.PotionItem
[16Apr2025 19:03:21.890] [main/DEBUG] [mixin/]: Renaming synthetic method lambda$methodFinishUsingItemReturn$1(Lnet/minecraft/world/entity/LivingEntity;Lovh/corail/tombstone/api/capability/ITBCapability;)V to mdcbbc4c$lambda$methodFinishUsingItemReturn$1$0 in tombstone.mixins.json:PotionItemMixin
[16Apr2025 19:03:21.893] [main/DEBUG] [mixin/]: Renaming synthetic method lambda$effectList$0(Lnet/minecraft/world/effect/MobEffectInstance;)Ljava/lang/Integer; to mdcbbc4c$lambda$effectList$0$1 in tombstone.mixins.json:PotionItemMixin
[16Apr2025 19:03:21.919] [main/DEBUG] [net.minecraftforge.coremod.transformer.CoreModBaseTransformer/COREMOD]: Transforming m_7626_ with desc (Lnet/minecraft/world/item/ItemStack;)Lnet/minecraft/network/chat/Component;
[16Apr2025 19:03:22.067] [main/DEBUG] [net.minecraftforge.coremod.transformer.CoreModBaseTransformer/COREMOD]: Transforming m_7088_ with desc ()Z
[16Apr2025 19:03:22.840] [main/DEBUG] [mixin/]: Mixing HurtByTargetGoalMixin from tombstone.mixins.json into net.minecraft.world.entity.ai.goal.target.HurtByTargetGoal
[16Apr2025 19:03:22.844] [main/DEBUG] [mixin/]: Mixing accessor.TargetGoalAccessor from tombstone.mixins.json into net.minecraft.world.entity.ai.goal.target.TargetGoal
[16Apr2025 19:03:22.885] [main/DEBUG] [net.minecraftforge.coremod.transformer.CoreModBaseTransformer/COREMOD]: Transforming net/minecraft/world/entity/monster/Spider
[16Apr2025 19:03:22.941] [main/DEBUG] [net.minecraftforge.coremod.transformer.CoreModBaseTransformer/COREMOD]: Transforming net/minecraft/world/entity/monster/Zombie
[16Apr2025 19:03:23.007] [main/DEBUG] [net.minecraftforge.coremod.transformer.CoreModBaseTransformer/COREMOD]: Transforming net/minecraft/world/entity/monster/ZombieVillager
[16Apr2025 19:03:23.078] [main/DEBUG] [net.minecraftforge.coremod.transformer.CoreModBaseTransformer/COREMOD]: Transforming net/minecraft/world/entity/monster/Evoker$EvokerSummonSpellGoal
[16Apr2025 19:03:23.112] [main/DEBUG] [net.minecraftforge.coremod.transformer.CoreModBaseTransformer/COREMOD]: Transforming m_218868_ with desc ()Ljava/util/OptionalInt;
[16Apr2025 19:03:23.197] [main/DEBUG] [mixin/]: Mixing accessor.RavagerAccessor from mutantmonsters.common.mixins.json into net.minecraft.world.entity.monster.Ravager
[16Apr2025 19:03:23.216] [main/DEBUG] [net.minecraftforge.coremod.transformer.CoreModBaseTransformer/COREMOD]: Transforming net/minecraft/world/entity/animal/horse/SkeletonTrapGoal
[16Apr2025 19:03:23.236] [main/DEBUG] [net.minecraftforge.coremod.transformer.CoreModBaseTransformer/COREMOD]: Transforming net/minecraft/world/entity/monster/Strider
[16Apr2025 19:03:23.349] [main/DEBUG] [mixin/]: Mixing ServerPlayerMixin from playerrevive.mixins.json into net.minecraft.server.level.ServerPlayer
[16Apr2025 19:03:23.351] [main/DEBUG] [mixin/]: Mixing ServerPlayerMixin from tombstone.mixins.json into net.minecraft.server.level.ServerPlayer
[16Apr2025 19:03:23.385] [main/DEBUG] [mixin/]: Mixing ChunkAccessMixin$Access from structure_gel.mixins.json into net.minecraft.world.level.chunk.ChunkAccess
[16Apr2025 19:03:23.412] [main/DEBUG] [net.minecraftforge.coremod.transformer.CoreModBaseTransformer/COREMOD]: Transforming net/minecraft/world/entity/npc/Villager
[16Apr2025 19:03:23.494] [main/DEBUG] [mixin/]: Mixing accessor.VillagerAccessor from tombstone.mixins.json into net.minecraft.world.entity.npc.Villager
[16Apr2025 19:03:23.543] [main/DEBUG] [net.minecraftforge.coremod.transformer.CoreModBaseTransformer/COREMOD]: Transforming net/minecraft/world/effect/MobEffectInstance
[16Apr2025 19:03:23.568] [main/DEBUG] [mixin/]: Mixing MixinServerGamePacketListenerImpl from badpackets.mixins.json into net.minecraft.server.network.ServerGamePacketListenerImpl
[16Apr2025 19:03:23.568] [main/DEBUG] [mixin/]: badpackets.mixins.json:MixinServerGamePacketListenerImpl: Class version 61 required is higher than the class version supported by the current version of Mixin (JAVA_16 supports class version 60)
[16Apr2025 19:03:23.593] [main/DEBUG] [mixin/]: Mixing accessor.PotionBrewingForgeAccessor from puzzleslib.forge.mixins.json into net.minecraft.world.item.alchemy.PotionBrewing
[16Apr2025 19:03:23.593] [main/DEBUG] [mixin/]: Renaming @Accessor method puzzleslib$getPotionMixes()Ljava/util/List; to puzzleslib$getPotionMixes_$md$cbbc4c$0 in puzzleslib.forge.mixins.json:accessor.PotionBrewingForgeAccessor
[16Apr2025 19:03:23.593] [main/DEBUG] [mixin/]: Renaming @Accessor method puzzleslib$getContainerMixes()Ljava/util/List; to puzzleslib$getContainerMixes_$md$cbbc4c$1 in puzzleslib.forge.mixins.json:accessor.PotionBrewingForgeAccessor
[16Apr2025 19:03:23.594] [main/DEBUG] [mixin/]: Renaming @Accessor method puzzleslib$getAllowedContainers()Ljava/util/List; to puzzleslib$getAllowedContainers_$md$cbbc4c$2 in puzzleslib.forge.mixins.json:accessor.PotionBrewingForgeAccessor
[16Apr2025 19:03:23.697] [main/DEBUG] [mixin/]: Mixing StructureTemplateManagerMixin from structure_gel.mixins.json into net.minecraft.world.level.levelgen.structure.templatesystem.StructureTemplateManager
[16Apr2025 19:03:23.705] [main/DEBUG] [mixin/]: Mixing DisableVanillaStrongholdsMixin from tlc.mixins.json into net.minecraft.world.level.chunk.ChunkGenerator
[16Apr2025 19:03:23.706] [main/DEBUG] [mixin/]: Mixing ChunkGeneratorMixin from structure_gel.mixins.json into net.minecraft.world.level.chunk.ChunkGenerator
[16Apr2025 19:03:23.707] [main/DEBUG] [mixin/]: Renaming synthetic method lambda$stopIfNotInDimension$0(Lnet/minecraft/resources/ResourceKey;Ljava/util/Optional;)Z to mdcbbc4c$lambda$stopIfNotInDimension$0$0 in structure_gel.mixins.json:ChunkGeneratorMixin
[16Apr2025 19:03:23.770] [main/DEBUG] [mixin/]: Mixing accessor.ShapedRecipeAccessor from tombstone.mixins.json into net.minecraft.world.item.crafting.ShapedRecipe
[16Apr2025 19:03:24.081] [main/DEBUG] [mixin/]: Mixing LakeFeatureMixin from structure_gel.mixins.json into net.minecraft.world.level.levelgen.feature.LakeFeature
[16Apr2025 19:03:24.235] [main/DEBUG] [net.minecraftforge.coremod.transformer.CoreModBaseTransformer/COREMOD]: Transforming net/minecraft/world/level/levelgen/structure/Structure
[16Apr2025 19:03:24.235] [main/DEBUG] [mixin/]: Mixing StructureMixin from structure_gel.mixins.json into net.minecraft.world.level.levelgen.structure.Structure
[16Apr2025 19:03:24.240] [main/DEBUG] [net.minecraftforge.coremod.transformer.CoreModBaseTransformer/COREMOD]: Transforming m_226857_ with desc (Lnet/minecraft/world/level/levelgen/structure/pieces/StructurePieceSerializationContext;Lnet/minecraft/nbt/CompoundTag;J)Lnet/minecraft/world/level/levelgen/structure/StructureStart;
[16Apr2025 19:03:24.296] [main/DEBUG] [net.minecraftforge.coremod.transformer.CoreModBaseTransformer/COREMOD]: Transforming net/minecraft/world/level/levelgen/structure/structures/OceanRuinPieces$OceanRuinPiece
[16Apr2025 19:03:24.313] [main/DEBUG] [mixin/]: Mixing TemplateStructurePieceMixin from structure_gel.mixins.json into net.minecraft.world.level.levelgen.structure.TemplateStructurePiece
[16Apr2025 19:03:24.324] [main/DEBUG] [net.minecraftforge.coremod.transformer.CoreModBaseTransformer/COREMOD]: Transforming net/minecraft/world/level/levelgen/structure/structures/SwampHutPiece
[16Apr2025 19:03:24.344] [main/DEBUG] [net.minecraftforge.coremod.transformer.CoreModBaseTransformer/COREMOD]: Transforming net/minecraft/world/level/levelgen/structure/structures/OceanMonumentPieces$OceanMonumentPiece
[16Apr2025 19:03:24.371] [main/DEBUG] [net.minecraftforge.coremod.transformer.CoreModBaseTransformer/COREMOD]: Transforming net/minecraft/world/level/levelgen/structure/structures/WoodlandMansionPieces$WoodlandMansionPiece
[16Apr2025 19:03:24.386] [main/DEBUG] [mixin/]: Mixing PoolElementStructurePieceMixin from structure_gel.mixins.json into net.minecraft.world.level.levelgen.structure.PoolElementStructurePiece
[16Apr2025 19:03:24.484] [main/DEBUG] [net.minecraftforge.coremod.transformer.CoreModBaseTransformer/COREMOD]: Transforming net/minecraft/world/level/biome/Biome
[16Apr2025 19:03:24.515] [main/DEBUG] [mixin/]: Mixing accessor.MobSpawnSettingsBuilderForgeAccessor from puzzleslib.forge.mixins.json into net.minecraft.world.level.biome.MobSpawnSettings$Builder
[16Apr2025 19:03:24.648] [main/DEBUG] [mixin/]: Mixing SinglePoolElementMixin from structure_gel.mixins.json into net.minecraft.world.level.levelgen.structure.pools.SinglePoolElement
[16Apr2025 19:03:24.682] [main/DEBUG] [mixin/]: Mixing LanguageMixin from wthit.mixins.json into net.minecraft.locale.Language
[16Apr2025 19:03:24.682] [main/DEBUG] [mixin/]: wthit.mixins.json:LanguageMixin: Class version 61 required is higher than the class version supported by the current version of Mixin (JAVA_16 supports class version 60)
[16Apr2025 19:03:24.807] [main/DEBUG] [net.minecraftforge.common.ForgeI18n/CORE]: Loading I18N data entries: 6430
[16Apr2025 19:03:24.830] [main/DEBUG] [net.minecraftforge.fml.ModWorkManager/LOADING]: Using 4 threads for parallel mod-loading
[16Apr2025 19:03:24.838] [main/DEBUG] [net.minecraftforge.fml.javafmlmod.FMLJavaModLanguageProvider/LOADING]: Loading FMLModContainer from classloader cpw.mods.modlauncher.TransformingClassLoader@68b734a8 - got cpw.mods.cl.ModuleClassLoader@5c41d037
[16Apr2025 19:03:24.838] [main/DEBUG] [net.minecraftforge.fml.javafmlmod.FMLModContainer/LOADING]: Creating FMLModContainer instance for de.maxhenkel.voicechat.ForgeVoicechatMod
[16Apr2025 19:03:24.843] [main/DEBUG] [net.minecraftforge.fml.javafmlmod.FMLJavaModLanguageProvider/LOADING]: Loading FMLModContainer from classloader cpw.mods.modlauncher.TransformingClassLoader@68b734a8 - got cpw.mods.cl.ModuleClassLoader@5c41d037
[16Apr2025 19:03:24.843] [main/DEBUG] [net.minecraftforge.fml.javafmlmod.FMLModContainer/LOADING]: Creating FMLModContainer instance for fuzs.mutantmonsters.MutantMonstersForge
[16Apr2025 19:03:24.844] [main/DEBUG] [net.minecraftforge.fml.javafmlmod.FMLJavaModLanguageProvider/LOADING]: Loading FMLModContainer from classloader cpw.mods.modlauncher.TransformingClassLoader@68b734a8 - got cpw.mods.cl.ModuleClassLoader@5c41d037
[16Apr2025 19:03:24.844] [main/DEBUG] [net.minecraftforge.fml.javafmlmod.FMLModContainer/LOADING]: Creating FMLModContainer instance for team.creative.creativecore.CreativeCore
[16Apr2025 19:03:24.845] [main/DEBUG] [net.minecraftforge.fml.javafmlmod.FMLJavaModLanguageProvider/LOADING]: Loading FMLModContainer from classloader cpw.mods.modlauncher.TransformingClassLoader@68b734a8 - got cpw.mods.cl.ModuleClassLoader@5c41d037
[16Apr2025 19:03:24.845] [main/DEBUG] [net.minecraftforge.fml.javafmlmod.FMLModContainer/LOADING]: Creating FMLModContainer instance for mezz.jei.forge.JustEnoughItems
[16Apr2025 19:03:24.845] [main/DEBUG] [net.minecraftforge.fml.javafmlmod.FMLJavaModLanguageProvider/LOADING]: Loading FMLModContainer from classloader cpw.mods.modlauncher.TransformingClassLoader@68b734a8 - got cpw.mods.cl.ModuleClassLoader@5c41d037
[16Apr2025 19:03:24.845] [main/DEBUG] [net.minecraftforge.fml.javafmlmod.FMLModContainer/LOADING]: Creating FMLModContainer instance for com.barion.dungeons_enhanced.DungeonsEnhanced
[16Apr2025 19:03:24.846] [main/DEBUG] [net.minecraftforge.fml.javafmlmod.FMLJavaModLanguageProvider/LOADING]: Loading FMLModContainer from classloader cpw.mods.modlauncher.TransformingClassLoader@68b734a8 - got cpw.mods.cl.ModuleClassLoader@5c41d037
[16Apr2025 19:03:24.846] [main/DEBUG] [net.minecraftforge.fml.javafmlmod.FMLModContainer/LOADING]: Creating FMLModContainer instance for mcp.mobius.waila.forge.ForgeWailaClient$HahaBorgeGoBrrrr
[16Apr2025 19:03:24.846] [main/DEBUG] [net.minecraftforge.fml.javafmlmod.FMLJavaModLanguageProvider/LOADING]: Loading FMLModContainer from classloader cpw.mods.modlauncher.TransformingClassLoader@68b734a8 - got cpw.mods.cl.ModuleClassLoader@5c41d037
[16Apr2025 19:03:24.846] [main/DEBUG] [net.minecraftforge.fml.javafmlmod.FMLModContainer/LOADING]: Creating FMLModContainer instance for mcp.mobius.waila.forge.ForgeWaila
[16Apr2025 19:03:24.847] [main/DEBUG] [net.minecraftforge.fml.javafmlmod.FMLJavaModLanguageProvider/LOADING]: Loading FMLModContainer from classloader cpw.mods.modlauncher.TransformingClassLoader@68b734a8 - got cpw.mods.cl.ModuleClassLoader@5c41d037
[16Apr2025 19:03:24.847] [main/DEBUG] [net.minecraftforge.fml.javafmlmod.FMLModContainer/LOADING]: Creating FMLModContainer instance for com.flanks255.simplybackpacks.SimplyBackpacks
[16Apr2025 19:03:24.848] [main/DEBUG] [net.minecraftforge.fml.javafmlmod.FMLJavaModLanguageProvider/LOADING]: Loading FMLModContainer from classloader cpw.mods.modlauncher.TransformingClassLoader@68b734a8 - got cpw.mods.cl.ModuleClassLoader@5c41d037
[16Apr2025 19:03:24.848] [main/DEBUG] [net.minecraftforge.fml.javafmlmod.FMLModContainer/LOADING]: Creating FMLModContainer instance for de.maxhenkel.reap.Main
[16Apr2025 19:03:24.849] [main/DEBUG] [net.minecraftforge.fml.javafmlmod.FMLJavaModLanguageProvider/LOADING]: Loading FMLModContainer from classloader cpw.mods.modlauncher.TransformingClassLoader@68b734a8 - got cpw.mods.cl.ModuleClassLoader@5c41d037
[16Apr2025 19:03:24.849] [main/DEBUG] [net.minecraftforge.fml.javafmlmod.FMLModContainer/LOADING]: Creating FMLModContainer instance for journeymap.common.Journeymap
[16Apr2025 19:03:24.849] [main/DEBUG] [net.minecraftforge.fml.javafmlmod.FMLJavaModLanguageProvider/LOADING]: Loading FMLModContainer from classloader cpw.mods.modlauncher.TransformingClassLoader@68b734a8 - got cpw.mods.cl.ModuleClassLoader@5c41d037
[16Apr2025 19:03:24.849] [main/DEBUG] [net.minecraftforge.fml.javafmlmod.FMLModContainer/LOADING]: Creating FMLModContainer instance for lol.bai.badpackets.impl.forge.ForgeBadPackets
[16Apr2025 19:03:24.850] [main/DEBUG] [net.minecraftforge.fml.javafmlmod.FMLJavaModLanguageProvider/LOADING]: Loading FMLModContainer from classloader cpw.mods.modlauncher.TransformingClassLoader@68b734a8 - got cpw.mods.cl.ModuleClassLoader@5c41d037
[16Apr2025 19:03:24.850] [main/DEBUG] [net.minecraftforge.fml.javafmlmod.FMLModContainer/LOADING]: Creating FMLModContainer instance for com.llamalad7.mixinextras.platform.forge.MixinExtrasMod
[16Apr2025 19:03:24.851] [main/DEBUG] [net.minecraftforge.fml.javafmlmod.FMLJavaModLanguageProvider/LOADING]: Loading FMLModContainer from classloader cpw.mods.modlauncher.TransformingClassLoader@68b734a8 - got cpw.mods.cl.ModuleClassLoader@5c41d037
[16Apr2025 19:03:24.851] [main/DEBUG] [net.minecraftforge.fml.javafmlmod.FMLModContainer/LOADING]: Creating FMLModContainer instance for ovh.corail.tombstone.ModTombstone
[16Apr2025 19:03:24.851] [main/DEBUG] [net.minecraftforge.fml.javafmlmod.FMLJavaModLanguageProvider/LOADING]: Loading FMLModContainer from classloader cpw.mods.modlauncher.TransformingClassLoader@68b734a8 - got cpw.mods.cl.ModuleClassLoader@5c41d037
[16Apr2025 19:03:24.851] [main/DEBUG] [net.minecraftforge.fml.javafmlmod.FMLModContainer/LOADING]: Creating FMLModContainer instance for com.teamremastered.tlc.TheLostCastle
[16Apr2025 19:03:24.852] [main/DEBUG] [net.minecraftforge.fml.javafmlmod.FMLJavaModLanguageProvider/LOADING]: Loading FMLModContainer from classloader cpw.mods.modlauncher.TransformingClassLoader@68b734a8 - got cpw.mods.cl.ModuleClassLoader@5c41d037
[16Apr2025 19:03:24.852] [main/DEBUG] [net.minecraftforge.fml.javafmlmod.FMLModContainer/LOADING]: Creating FMLModContainer instance for fuzs.puzzleslib.impl.PuzzlesLibForge
[16Apr2025 19:03:24.852] [main/DEBUG] [net.minecraftforge.fml.javafmlmod.FMLJavaModLanguageProvider/LOADING]: Loading FMLModContainer from classloader cpw.mods.modlauncher.TransformingClassLoader@68b734a8 - got cpw.mods.cl.ModuleClassLoader@5c41d037
[16Apr2025 19:03:24.853] [main/DEBUG] [net.minecraftforge.fml.javafmlmod.FMLModContainer/LOADING]: Creating FMLModContainer instance for fuzs.puzzlesaccessapi.forge.PuzzlesAccessApiForge
[16Apr2025 19:03:24.853] [main/DEBUG] [net.minecraftforge.fml.javafmlmod.FMLJavaModLanguageProvider/LOADING]: Loading FMLModContainer from classloader cpw.mods.modlauncher.TransformingClassLoader@68b734a8 - got cpw.mods.cl.ModuleClassLoader@5c41d037
[16Apr2025 19:03:24.853] [main/DEBUG] [net.minecraftforge.fml.javafmlmod.FMLModContainer/LOADING]: Creating FMLModContainer instance for net.minecraftforge.common.ForgeMod
[16Apr2025 19:03:24.856] [main/DEBUG] [net.minecraftforge.fml.javafmlmod.FMLJavaModLanguageProvider/LOADING]: Loading FMLModContainer from classloader cpw.mods.modlauncher.TransformingClassLoader@68b734a8 - got cpw.mods.cl.ModuleClassLoader@5c41d037
[16Apr2025 19:03:24.856] [main/DEBUG] [net.minecraftforge.fml.javafmlmod.FMLModContainer/LOADING]: Creating FMLModContainer instance for de.cristelknight999.t_and_t.TT
[16Apr2025 19:03:24.856] [main/DEBUG] [net.minecraftforge.fml.javafmlmod.FMLJavaModLanguageProvider/LOADING]: Loading FMLModContainer from classloader cpw.mods.modlauncher.TransformingClassLoader@68b734a8 - got cpw.mods.cl.ModuleClassLoader@5c41d037
[16Apr2025 19:03:24.856] [main/DEBUG] [net.minecraftforge.fml.javafmlmod.FMLModContainer/LOADING]: Creating FMLModContainer instance for twilightforest.TwilightForestMod
[16Apr2025 19:03:24.858] [main/DEBUG] [net.minecraftforge.fml.javafmlmod.FMLJavaModLanguageProvider/LOADING]: Loading FMLModContainer from classloader cpw.mods.modlauncher.TransformingClassLoader@68b734a8 - got cpw.mods.cl.ModuleClassLoader@5c41d037
[16Apr2025 19:03:24.858] [main/DEBUG] [net.minecraftforge.fml.javafmlmod.FMLModContainer/LOADING]: Creating FMLModContainer instance for team.creative.playerrevive.PlayerRevive
[16Apr2025 19:03:24.860] [main/DEBUG] [net.minecraftforge.fml.javafmlmod.FMLJavaModLanguageProvider/LOADING]: Loading FMLModContainer from classloader cpw.mods.modlauncher.TransformingClassLoader@68b734a8 - got cpw.mods.cl.ModuleClassLoader@5c41d037
[16Apr2025 19:03:24.860] [main/DEBUG] [net.minecraftforge.fml.javafmlmod.FMLModContainer/LOADING]: Creating FMLModContainer instance for com.legacy.structure_gel.core.StructureGelMod
[16Apr2025 19:03:24.860] [main/DEBUG] [net.minecraftforge.fml.javafmlmod.FMLJavaModLanguageProvider/LOADING]: Loading FMLModContainer from classloader cpw.mods.modlauncher.TransformingClassLoader@68b734a8 - got cpw.mods.cl.ModuleClassLoader@5c41d037
[16Apr2025 19:03:24.860] [main/DEBUG] [net.minecraftforge.fml.javafmlmod.FMLModContainer/LOADING]: Creating FMLModContainer instance for atomicstryker.infernalmobs.common.InfernalMobsCore
[16Apr2025 19:03:24.862] [main/DEBUG] [net.minecraftforge.fml.javafmlmod.FMLJavaModLanguageProvider/LOADING]: Loading FMLModContainer from classloader cpw.mods.modlauncher.TransformingClassLoader@68b734a8 - got cpw.mods.cl.ModuleClassLoader@5c41d037
[16Apr2025 19:03:24.862] [main/DEBUG] [net.minecraftforge.fml.javafmlmod.FMLModContainer/LOADING]: Creating FMLModContainer instance for net.cristellib.forge.CristelLibForge
[16Apr2025 19:03:24.892] [modloading-worker-0/DEBUG] [net.minecraftforge.fml.javafmlmod.AutomaticEventSubscriber/LOADING]: Attempting to inject @EventBusSubscriber classes into the eventbus for mutantmonsters
[16Apr2025 19:03:24.908] [modloading-worker-0/DEBUG] [net.minecraftforge.fml.javafmlmod.AutomaticEventSubscriber/LOADING]: Auto-subscribing fuzs.mutantmonsters.MutantMonstersForge to MOD
[16Apr2025 19:03:24.910] [modloading-worker-0/DEBUG] [net.minecraftforge.fml.javafmlmod.AutomaticEventSubscriber/LOADING]: Attempting to inject @EventBusSubscriber classes into the eventbus for voicechat
[16Apr2025 19:03:24.944] [modloading-worker-0/DEBUG] [net.minecraftforge.fml.config.ConfigTracker/CONFIG]: Config file jei-server.toml for jei tracking
[16Apr2025 19:03:24.974] [modloading-worker-0/DEBUG] [net.minecraftforge.fml.javafmlmod.AutomaticEventSubscriber/LOADING]: Attempting to inject @EventBusSubscriber classes into the eventbus for jei
[16Apr2025 19:03:24.982] [modloading-worker-0/DEBUG] [net.minecraftforge.fml.javafmlmod.AutomaticEventSubscriber/LOADING]: Attempting to inject @EventBusSubscriber classes into the eventbus for wthit
[16Apr2025 19:03:25.025] [modloading-worker-0/INFO] [Puzzles Lib/]: Constructing common components for mutantmonsters:main
[16Apr2025 19:03:25.034] [modloading-worker-0/DEBUG] [creativecore/]: Created network creativecore:main
[16Apr2025 19:03:25.049] [modloading-worker-0/DEBUG] [net.minecraftforge.fml.javafmlmod.AutomaticEventSubscriber/LOADING]: Attempting to inject @EventBusSubscriber classes into the eventbus for waila
[16Apr2025 19:03:25.051] [modloading-worker-0/DEBUG] [net.minecraftforge.fml.javafmlmod.AutomaticEventSubscriber/LOADING]: Auto-subscribing mcp.mobius.waila.forge.ForgeWailaDedicatedServer$Subscriber to FORGE
[16Apr2025 19:03:25.055] [modloading-worker-0/DEBUG] [net.minecraftforge.fml.javafmlmod.AutomaticEventSubscriber/LOADING]: Auto-subscribing mcp.mobius.waila.forge.ForgeWaila to MOD
[16Apr2025 19:03:25.059] [modloading-worker-0/DEBUG] [net.minecraftforge.fml.javafmlmod.AutomaticEventSubscriber/LOADING]: Auto-subscribing mcp.mobius.waila.forge.ForgeWaila$Subscriber to FORGE
[16Apr2025 19:03:25.064] [modloading-worker-0/DEBUG] [net.minecraftforge.fml.config.ConfigTracker/CONFIG]: Config file mutantmonsters-server.toml for mutantmonsters tracking
[16Apr2025 19:03:25.065] [modloading-worker-0/DEBUG] [net.minecraftforge.fml.javafmlmod.AutomaticEventSubscriber/LOADING]: Attempting to inject @EventBusSubscriber classes into the eventbus for creativecore
[16Apr2025 19:03:25.070] [modloading-worker-0/DEBUG] [net.minecraftforge.fml.config.ConfigTracker/CONFIG]: Config file mutantmonsters-common.toml for mutantmonsters tracking
[16Apr2025 19:03:25.076] [modloading-worker-0/DEBUG] [net.minecraftforge.fml.config.ConfigTracker/CONFIG]: Config file dungeons_enhanced-common.toml for dungeons_enhanced tracking
[16Apr2025 19:03:25.090] [modloading-worker-0/DEBUG] [net.minecraftforge.fml.config.ConfigTracker/CONFIG]: Config file simplybackpacks-common.toml for simplybackpacks tracking
[16Apr2025 19:03:25.093] [modloading-worker-0/DEBUG] [net.minecraftforge.fml.config.ConfigTracker/CONFIG]: Config file reap-server.toml for reap tracking
[16Apr2025 19:03:25.093] [modloading-worker-0/DEBUG] [net.minecraftforge.fml.javafmlmod.AutomaticEventSubscriber/LOADING]: Attempting to inject @EventBusSubscriber classes into the eventbus for reap
[16Apr2025 19:03:25.104] [modloading-worker-0/DEBUG] [net.minecraftforge.fml.javafmlmod.AutomaticEventSubscriber/LOADING]: Attempting to inject @EventBusSubscriber classes into the eventbus for dungeons_enhanced
[16Apr2025 19:03:25.104] [modloading-worker-0/DEBUG] [net.minecraftforge.fml.javafmlmod.AutomaticEventSubscriber/LOADING]: Auto-subscribing com.barion.dungeons_enhanced.event.DEModEvents to MOD
[16Apr2025 19:03:25.106] [modloading-worker-0/DEBUG] [mixin/]: Mixing TagsProviderForgeMixin from puzzleslib.forge.mixins.json into net.minecraft.data.tags.TagsProvider
[16Apr2025 19:03:25.118] [modloading-worker-0/DEBUG] [net.minecraftforge.fml.javafmlmod.AutomaticEventSubscriber/LOADING]: Auto-subscribing com.barion.dungeons_enhanced.event.DEGameEvents to FORGE
[16Apr2025 19:03:25.120] [modloading-worker-0/DEBUG] [net.minecraftforge.fml.config.ConfigTracker/CONFIG]: Config file journeymap-server.toml for journeymap tracking
[16Apr2025 19:03:25.121] [modloading-worker-0/DEBUG] [net.minecraftforge.fml.javafmlmod.AutomaticEventSubscriber/LOADING]: Attempting to inject @EventBusSubscriber classes into the eventbus for badpackets
[16Apr2025 19:03:25.122] [modloading-worker-0/DEBUG] [net.minecraftforge.fml.javafmlmod.AutomaticEventSubscriber/LOADING]: Attempting to inject @EventBusSubscriber classes into the eventbus for mixinextras
[16Apr2025 19:03:25.121] [modloading-worker-0/DEBUG] [net.minecraftforge.fml.javafmlmod.AutomaticEventSubscriber/LOADING]: Attempting to inject @EventBusSubscriber classes into the eventbus for journeymap
[16Apr2025 19:03:25.125] [modloading-worker-0/DEBUG] [net.minecraftforge.fml.javafmlmod.AutomaticEventSubscriber/LOADING]: Auto-subscribing journeymap.common.config.forge.ForgeConfig to MOD
[16Apr2025 19:03:25.125] [modloading-worker-0/DEBUG] [net.minecraftforge.fml.javafmlmod.AutomaticEventSubscriber/LOADING]: Auto-subscribing journeymap.common.Journeymap to FORGE
[16Apr2025 19:03:25.132] [modloading-worker-0/DEBUG] [net.minecraftforge.fml.javafmlmod.AutomaticEventSubscriber/LOADING]: Attempting to inject @EventBusSubscriber classes into the eventbus for simplybackpacks
[16Apr2025 19:03:25.133] [modloading-worker-0/DEBUG] [net.minecraftforge.fml.javafmlmod.AutomaticEventSubscriber/LOADING]: Attempting to inject @EventBusSubscriber classes into the eventbus for puzzleslib
[16Apr2025 19:03:25.133] [modloading-worker-0/DEBUG] [net.minecraftforge.fml.javafmlmod.AutomaticEventSubscriber/LOADING]: Auto-subscribing fuzs.puzzleslib.impl.PuzzlesLibForge to MOD
[16Apr2025 19:03:25.144] [modloading-worker-0/DEBUG] [net.minecraftforge.fml.config.ConfigTracker/CONFIG]: Config file tlc.toml for tlc tracking
[16Apr2025 19:03:25.153] [modloading-worker-0/DEBUG] [mixin/]: Mixing ReloadableServerResourcesMixin from wthit.mixins.json into net.minecraft.server.ReloadableServerResources
[16Apr2025 19:03:25.154] [modloading-worker-0/DEBUG] [net.minecraftforge.fml.javafmlmod.AutomaticEventSubscriber/LOADING]: Attempting to inject @EventBusSubscriber classes into the eventbus for tlc
[16Apr2025 19:03:25.154] [modloading-worker-0/DEBUG] [net.minecraftforge.fml.javafmlmod.AutomaticEventSubscriber/LOADING]: Auto-subscribing com.teamremastered.tlc.utils.LCMap to FORGE
[16Apr2025 19:03:25.154] [modloading-worker-0/DEBUG] [mixin/]: wthit.mixins.json:ReloadableServerResourcesMixin: Class version 61 required is higher than the class version supported by the current version of Mixin (JAVA_16 supports class version 60)
[16Apr2025 19:03:25.162] [modloading-worker-0/DEBUG] [net.minecraftforge.fml.javafmlmod.AutomaticEventSubscriber/LOADING]: Attempting to inject @EventBusSubscriber classes into the eventbus for puzzlesaccessapi
[16Apr2025 19:03:25.193] [modloading-worker-0/INFO] [Puzzles Lib/]: Constructing common components for puzzleslib:main
[16Apr2025 19:03:25.214] [modloading-worker-0/DEBUG] [net.minecraftforge.versions.forge.ForgeVersion/CORE]: Forge Version package package net.minecraftforge.versions.forge, Forge, version 47.3 from cpw.mods.modlauncher.TransformingClassLoader@68b734a8
[16Apr2025 19:03:25.215] [modloading-worker-0/DEBUG] [net.minecraftforge.versions.forge.ForgeVersion/CORE]: Found Forge version 47.3.7
[16Apr2025 19:03:25.215] [modloading-worker-0/DEBUG] [net.minecraftforge.versions.forge.ForgeVersion/CORE]: Found Forge spec 47.3
[16Apr2025 19:03:25.215] [modloading-worker-0/DEBUG] [net.minecraftforge.versions.forge.ForgeVersion/CORE]: Found Forge group net.minecraftforge
[16Apr2025 19:03:25.222] [modloading-worker-0/DEBUG] [net.minecraftforge.versions.mcp.MCPVersion/CORE]: MCP Version package package net.minecraftforge.versions.mcp, Minecraft, version 1.20.1 from cpw.mods.modlauncher.TransformingClassLoader@68b734a8
[16Apr2025 19:03:25.222] [modloading-worker-0/DEBUG] [net.minecraftforge.versions.mcp.MCPVersion/CORE]: Found MC version information 1.20.1
[16Apr2025 19:03:25.222] [modloading-worker-0/DEBUG] [net.minecraftforge.versions.mcp.MCPVersion/CORE]: Found MCP version information 20230612.114412
[16Apr2025 19:03:25.222] [modloading-worker-0/INFO] [net.minecraftforge.common.ForgeMod/FORGEMOD]: Forge mod loading, version 47.3.7, for MC 1.20.1 with MCP 20230612.114412
[16Apr2025 19:03:25.222] [modloading-worker-0/INFO] [net.minecraftforge.common.MinecraftForge/FORGE]: MinecraftForge v47.3.7 Initialized
[16Apr2025 19:03:25.244] [modloading-worker-0/DEBUG] [net.minecraftforge.fml.config.ConfigTracker/CONFIG]: Config file tombstone-client.toml for tombstone tracking
[16Apr2025 19:03:25.248] [modloading-worker-0/DEBUG] [net.minecraftforge.fml.config.ConfigTracker/CONFIG]: Config file tombstone-common.toml for tombstone tracking
[16Apr2025 19:03:25.279] [modloading-worker-0/DEBUG] [mixin/]: Mixing accessor.LootContextParamSetsAccessor from mutantmonsters.common.mixins.json into net.minecraft.world.level.storage.loot.parameters.LootContextParamSets
[16Apr2025 19:03:25.288] [modloading-worker-0/DEBUG] [net.minecraftforge.fml.config.ConfigTracker/CONFIG]: Config file tombstone-server.toml for tombstone tracking
[16Apr2025 19:03:25.297] [modloading-worker-0/DEBUG] [net.minecraftforge.fml.javafmlmod.AutomaticEventSubscriber/LOADING]: Attempting to inject @EventBusSubscriber classes into the eventbus for tombstone
[16Apr2025 19:03:25.298] [modloading-worker-0/DEBUG] [net.minecraftforge.fml.javafmlmod.AutomaticEventSubscriber/LOADING]: Auto-subscribing ovh.corail.tombstone.registry.Registration to MOD
[16Apr2025 19:03:25.304] [modloading-worker-0/DEBUG] [net.minecraftforge.fml.javafmlmod.AutomaticEventSubscriber/LOADING]: Auto-subscribing ovh.corail.tombstone.perk.PerkRegistry to MOD
[16Apr2025 19:03:25.307] [modloading-worker-0/DEBUG] [net.minecraftforge.fml.javafmlmod.AutomaticEventSubscriber/LOADING]: Auto-subscribing ovh.corail.tombstone.helper.LootHelper to FORGE
[16Apr2025 19:03:25.321] [modloading-worker-0/DEBUG] [io.netty.util.internal.PlatformDependent0/]: -Dio.netty.noUnsafe: false
[16Apr2025 19:03:25.322] [modloading-worker-0/DEBUG] [io.netty.util.internal.PlatformDependent0/]: Java version: 17
[16Apr2025 19:03:25.324] [modloading-worker-0/DEBUG] [io.netty.util.internal.PlatformDependent0/]: sun.misc.Unsafe.theUnsafe: available
[16Apr2025 19:03:25.325] [modloading-worker-0/DEBUG] [io.netty.util.internal.PlatformDependent0/]: sun.misc.Unsafe.copyMemory: available
[16Apr2025 19:03:25.326] [modloading-worker-0/DEBUG] [io.netty.util.internal.PlatformDependent0/]: sun.misc.Unsafe.storeFence: available
[16Apr2025 19:03:25.327] [modloading-worker-0/DEBUG] [io.netty.util.internal.PlatformDependent0/]: java.nio.Buffer.address: available
[16Apr2025 19:03:25.327] [modloading-worker-0/DEBUG] [io.netty.util.internal.PlatformDependent0/]: direct buffer constructor: unavailable
java.lang.UnsupportedOperationException: Reflective setAccessible(true) disabled
	at io.netty.util.internal.ReflectionUtil.trySetAccessible(ReflectionUtil.java:31) ~[netty-common-4.1.82.Final.jar%2380!/:4.1.82.Final]
	at io.netty.util.internal.PlatformDependent0$5.run(PlatformDependent0.java:288) ~[netty-common-4.1.82.Final.jar%2380!/:4.1.82.Final]
	at java.security.AccessController.doPrivileged(AccessController.java:318) ~[?:?]
	at io.netty.util.internal.PlatformDependent0.<clinit>(PlatformDependent0.java:282) ~[netty-common-4.1.82.Final.jar%2380!/:4.1.82.Final]
	at io.netty.util.internal.PlatformDependent.isAndroid(PlatformDependent.java:333) ~[netty-common-4.1.82.Final.jar%2380!/:4.1.82.Final]
	at io.netty.util.internal.PlatformDependent.<clinit>(PlatformDependent.java:88) ~[netty-common-4.1.82.Final.jar%2380!/:4.1.82.Final]
	at io.netty.util.ConstantPool.<init>(ConstantPool.java:34) ~[netty-common-4.1.82.Final.jar%2380!/:4.1.82.Final]
	at io.netty.util.AttributeKey$1.<init>(AttributeKey.java:27) ~[netty-common-4.1.82.Final.jar%2380!/:4.1.82.Final]
	at io.netty.util.AttributeKey.<clinit>(AttributeKey.java:27) ~[netty-common-4.1.82.Final.jar%2380!/:4.1.82.Final]
	at net.minecraftforge.network.NetworkConstants.<clinit>(NetworkConstants.java:34) ~[forge-1.20.1-47.3.7-universal.jar%23140!/:?]
	at net.minecraftforge.common.ForgeMod.<init>(ForgeMod.java:429) ~[forge-1.20.1-47.3.7-universal.jar%23140!/:?]
	at jdk.internal.reflect.NativeConstructorAccessorImpl.newInstance0(Native Method) ~[?:?]
	at jdk.internal.reflect.NativeConstructorAccessorImpl.newInstance(NativeConstructorAccessorImpl.java:77) ~[?:?]
	at jdk.internal.reflect.DelegatingConstructorAccessorImpl.newInstance(DelegatingConstructorAccessorImpl.java:45) ~[?:?]
	at java.lang.reflect.Constructor.newInstanceWithCaller(Constructor.java:500) ~[?:?]
	at java.lang.reflect.Constructor.newInstance(Constructor.java:481) ~[?:?]
	at net.minecraftforge.fml.javafmlmod.FMLModContainer.constructMod(FMLModContainer.java:70) ~[javafmllanguage-1.20.1-47.3.7.jar%23137!/:?]
	at net.minecraftforge.fml.ModContainer.lambda$buildTransitionHandler$4(ModContainer.java:124) ~[fmlcore-1.20.1-47.3.7.jar%23136!/:?]
	at java.util.concurrent.CompletableFuture$AsyncRun.run(CompletableFuture.java:1804) ~[?:?]
	at java.util.concurrent.CompletableFuture$AsyncRun.exec(CompletableFuture.java:1796) ~[?:?]
	at java.util.concurrent.ForkJoinTask.doExec(ForkJoinTask.java:373) ~[?:?]
	at java.util.concurrent.ForkJoinPool$WorkQueue.topLevelExec(ForkJoinPool.java:1182) ~[?:?]
	at java.util.concurrent.ForkJoinPool.scan(ForkJoinPool.java:1655) ~[?:?]
	at java.util.concurrent.ForkJoinPool.runWorker(ForkJoinPool.java:1622) ~[?:?]
	at java.util.concurrent.ForkJoinWorkerThread.run(ForkJoinWorkerThread.java:165) ~[?:?]
[16Apr2025 19:03:25.331] [modloading-worker-0/DEBUG] [io.netty.util.internal.PlatformDependent0/]: java.nio.Bits.unaligned: available, true
[16Apr2025 19:03:25.333] [modloading-worker-0/DEBUG] [io.netty.util.internal.PlatformDependent0/]: jdk.internal.misc.Unsafe.allocateUninitializedArray(int): unavailable
java.lang.IllegalAccessException: class io.netty.util.internal.PlatformDependent0$7 (in module io.netty.common) cannot access class jdk.internal.misc.Unsafe (in module java.base) because module java.base does not export jdk.internal.misc to module io.netty.common
	at jdk.internal.reflect.Reflection.newIllegalAccessException(Reflection.java:392) ~[?:?]
	at java.lang.reflect.AccessibleObject.checkAccess(AccessibleObject.java:674) ~[?:?]
	at java.lang.reflect.Method.invoke(Method.java:561) ~[?:?]
	at io.netty.util.internal.PlatformDependent0$7.run(PlatformDependent0.java:410) ~[netty-common-4.1.82.Final.jar%2380!/:4.1.82.Final]
	at java.security.AccessController.doPrivileged(AccessController.java:318) ~[?:?]
	at io.netty.util.internal.PlatformDependent0.<clinit>(PlatformDependent0.java:401) ~[netty-common-4.1.82.Final.jar%2380!/:4.1.82.Final]
	at io.netty.util.internal.PlatformDependent.isAndroid(PlatformDependent.java:333) ~[netty-common-4.1.82.Final.jar%2380!/:4.1.82.Final]
	at io.netty.util.internal.PlatformDependent.<clinit>(PlatformDependent.java:88) ~[netty-common-4.1.82.Final.jar%2380!/:4.1.82.Final]
	at io.netty.util.ConstantPool.<init>(ConstantPool.java:34) ~[netty-common-4.1.82.Final.jar%2380!/:4.1.82.Final]
	at io.netty.util.AttributeKey$1.<init>(AttributeKey.java:27) ~[netty-common-4.1.82.Final.jar%2380!/:4.1.82.Final]
	at io.netty.util.AttributeKey.<clinit>(AttributeKey.java:27) ~[netty-common-4.1.82.Final.jar%2380!/:4.1.82.Final]
	at net.minecraftforge.network.NetworkConstants.<clinit>(NetworkConstants.java:34) ~[forge-1.20.1-47.3.7-universal.jar%23140!/:?]
	at net.minecraftforge.common.ForgeMod.<init>(ForgeMod.java:429) ~[forge-1.20.1-47.3.7-universal.jar%23140!/:?]
	at jdk.internal.reflect.NativeConstructorAccessorImpl.newInstance0(Native Method) ~[?:?]
	at jdk.internal.reflect.NativeConstructorAccessorImpl.newInstance(NativeConstructorAccessorImpl.java:77) ~[?:?]
	at jdk.internal.reflect.DelegatingConstructorAccessorImpl.newInstance(DelegatingConstructorAccessorImpl.java:45) ~[?:?]
	at java.lang.reflect.Constructor.newInstanceWithCaller(Constructor.java:500) ~[?:?]
	at java.lang.reflect.Constructor.newInstance(Constructor.java:481) ~[?:?]
	at net.minecraftforge.fml.javafmlmod.FMLModContainer.constructMod(FMLModContainer.java:70) ~[javafmllanguage-1.20.1-47.3.7.jar%23137!/:?]
	at net.minecraftforge.fml.ModContainer.lambda$buildTransitionHandler$4(ModContainer.java:124) ~[fmlcore-1.20.1-47.3.7.jar%23136!/:?]
	at java.util.concurrent.CompletableFuture$AsyncRun.run(CompletableFuture.java:1804) ~[?:?]
	at java.util.concurrent.CompletableFuture$AsyncRun.exec(CompletableFuture.java:1796) ~[?:?]
	at java.util.concurrent.ForkJoinTask.doExec(ForkJoinTask.java:373) ~[?:?]
	at java.util.concurrent.ForkJoinPool$WorkQueue.topLevelExec(ForkJoinPool.java:1182) ~[?:?]
	at java.util.concurrent.ForkJoinPool.scan(ForkJoinPool.java:1655) ~[?:?]
	at java.util.concurrent.ForkJoinPool.runWorker(ForkJoinPool.java:1622) ~[?:?]
	at java.util.concurrent.ForkJoinWorkerThread.run(ForkJoinWorkerThread.java:165) ~[?:?]
[16Apr2025 19:03:25.338] [modloading-worker-0/DEBUG] [io.netty.util.internal.PlatformDependent0/]: java.nio.DirectByteBuffer.<init>(long, int): unavailable
[16Apr2025 19:03:25.339] [modloading-worker-0/DEBUG] [io.netty.util.internal.PlatformDependent/]: sun.misc.Unsafe: available
[16Apr2025 19:03:25.340] [modloading-worker-0/DEBUG] [io.netty.util.internal.PlatformDependent/]: maxDirectMemory: 15032385536 bytes (maybe)
[16Apr2025 19:03:25.343] [modloading-worker-0/DEBUG] [io.netty.util.internal.PlatformDependent/]: -Dio.netty.tmpdir: /tmp (java.io.tmpdir)
[16Apr2025 19:03:25.343] [modloading-worker-0/DEBUG] [io.netty.util.internal.PlatformDependent/]: -Dio.netty.bitMode: 64 (sun.arch.data.model)
[16Apr2025 19:03:25.343] [modloading-worker-0/DEBUG] [io.netty.util.internal.PlatformDependent/]: -Dio.netty.maxDirectMemory: -1 bytes
[16Apr2025 19:03:25.343] [modloading-worker-0/DEBUG] [io.netty.util.internal.PlatformDependent/]: -Dio.netty.uninitializedArrayAllocationThreshold: -1
[16Apr2025 19:03:25.345] [modloading-worker-0/DEBUG] [io.netty.util.internal.CleanerJava9/]: java.nio.ByteBuffer.cleaner(): available
[16Apr2025 19:03:25.345] [modloading-worker-0/DEBUG] [io.netty.util.internal.PlatformDependent/]: -Dio.netty.noPreferDirect: false
[16Apr2025 19:03:25.348] [modloading-worker-0/DEBUG] [net.minecraftforge.fml.javafmlmod.AutomaticEventSubscriber/LOADING]: Attempting to inject @EventBusSubscriber classes into the eventbus for t_and_t
[16Apr2025 19:03:25.364] [modloading-worker-0/DEBUG] [mixin/]: Mixing accessor.LootTableForgeAccessor from puzzleslib.forge.mixins.json into net.minecraft.world.level.storage.loot.LootTable
[16Apr2025 19:03:25.390] [modloading-worker-0/DEBUG] [net.minecraftforge.fml.javafmlmod.AutomaticEventSubscriber/LOADING]: Auto-subscribing ovh.corail.tombstone.event.EventHandler to FORGE
[16Apr2025 19:03:25.407] [modloading-worker-0/DEBUG] [net.minecraftforge.fml.config.ConfigTracker/CONFIG]: Config file twilightforest-common.toml for twilightforest tracking
[16Apr2025 19:03:25.418] [modloading-worker-0/DEBUG] [net.minecraftforge.fml.config.ConfigTracker/CONFIG]: Config file twilightforest-client.toml for twilightforest tracking
[16Apr2025 19:03:25.430] [modloading-worker-0/DEBUG] [playerrevive/]: Created network playerrevive:main
[16Apr2025 19:03:25.433] [modloading-worker-0/DEBUG] [net.minecraftforge.fml.javafmlmod.AutomaticEventSubscriber/LOADING]: Attempting to inject @EventBusSubscriber classes into the eventbus for playerrevive
[16Apr2025 19:03:25.440] [modloading-worker-0/DEBUG] [net.minecraftforge.common.ForgeMod/FORGEMOD]: Loading Network data for FML net version: FML3
[16Apr2025 19:03:25.461] [modloading-worker-0/DEBUG] [net.minecraftforge.fml.config.ConfigTracker/CONFIG]: Config file structure_gel-common.toml for structure_gel tracking
[16Apr2025 19:03:25.480] [modloading-worker-0/DEBUG] [net.minecraftforge.fml.config.ConfigTracker/CONFIG]: Config file forge-client.toml for forge tracking
[16Apr2025 19:03:25.480] [modloading-worker-0/DEBUG] [net.minecraftforge.fml.config.ConfigTracker/CONFIG]: Config file forge-server.toml for forge tracking
[16Apr2025 19:03:25.480] [modloading-worker-0/DEBUG] [net.minecraftforge.fml.ModLoadingContext/]: Attempted to register an empty config for type COMMON on mod forge
[16Apr2025 19:03:25.529] [modloading-worker-0/DEBUG] [net.minecraftforge.fml.javafmlmod.AutomaticEventSubscriber/LOADING]: Attempting to inject @EventBusSubscriber classes into the eventbus for forge
[16Apr2025 19:03:25.529] [modloading-worker-0/DEBUG] [net.minecraftforge.fml.javafmlmod.AutomaticEventSubscriber/LOADING]: Auto-subscribing net.minecraftforge.common.ForgeSpawnEggItem$CommonHandler to MOD
[16Apr2025 19:03:25.581] [modloading-worker-0/DEBUG] [mixin/]: Mixing DamageSourcesMixin from tombstone.mixins.json into net.minecraft.world.damagesource.DamageSources
[16Apr2025 19:03:25.621] [modloading-worker-0/DEBUG] [net.minecraftforge.fml.javafmlmod.AutomaticEventSubscriber/LOADING]: Attempting to inject @EventBusSubscriber classes into the eventbus for infernalmobs
[16Apr2025 19:03:25.622] [modloading-worker-0/DEBUG] [net.minecraftforge.fml.javafmlmod.AutomaticEventSubscriber/LOADING]: Auto-subscribing atomicstryker.infernalmobs.common.InfernalMobsCore to FORGE
[16Apr2025 19:03:25.626] [modloading-worker-0/DEBUG] [net.minecraftforge.fml.javafmlmod.AutomaticEventSubscriber/LOADING]: Auto-subscribing ovh.corail.tombstone.config.ConfigTombstone$ConfigEvent to MOD
[16Apr2025 19:03:25.640] [modloading-worker-0/DEBUG] [net.minecraftforge.fml.javafmlmod.AutomaticEventSubscriber/LOADING]: Attempting to inject @EventBusSubscriber classes into the eventbus for structure_gel
[16Apr2025 19:03:25.640] [modloading-worker-0/DEBUG] [net.minecraftforge.fml.javafmlmod.AutomaticEventSubscriber/LOADING]: Auto-subscribing com.legacy.structure_gel.core.events.SGCommonEvents$ModBus to MOD
[16Apr2025 19:03:25.648] [modloading-worker-0/DEBUG] [net.minecraftforge.fml.javafmlmod.AutomaticEventSubscriber/LOADING]: Auto-subscribing com.legacy.structure_gel.core.events.SGCommonEvents$ForgeBus to FORGE
[16Apr2025 19:03:25.695] [modloading-worker-0/DEBUG] [Cristel Lib/]: Couldn't parse: "T&T Waystone Patch Pack" to a component
com.mojang.brigadier.exceptions.CommandSyntaxException: Invalid chat component: Use JsonReader.setLenient(true) to accept malformed JSON at line 1 column 1 path $ at position 0: <--[HERE]
[16Apr2025 19:03:25.696] [modloading-worker-0/DEBUG] [mixin/]: Mixing PathPackResourcesAccessor from creativecore.mixins.json into net.minecraft.server.packs.PathPackResources
[16Apr2025 19:03:25.824] [modloading-worker-0/DEBUG] [net.minecraftforge.fml.javafmlmod.AutomaticEventSubscriber/LOADING]: Attempting to inject @EventBusSubscriber classes into the eventbus for cristellib
[16Apr2025 19:03:26.352] [modloading-worker-0/DEBUG] [net.minecraftforge.fml.javafmlmod.AutomaticEventSubscriber/LOADING]: Attempting to inject @EventBusSubscriber classes into the eventbus for twilightforest
[16Apr2025 19:03:26.352] [modloading-worker-0/DEBUG] [net.minecraftforge.fml.javafmlmod.AutomaticEventSubscriber/LOADING]: Auto-subscribing twilightforest.util.TFRemapper to FORGE
[16Apr2025 19:03:26.354] [modloading-worker-0/DEBUG] [net.minecraftforge.fml.javafmlmod.AutomaticEventSubscriber/LOADING]: Auto-subscribing twilightforest.loot.modifiers.GiantToolGroupingModifier to FORGE
[16Apr2025 19:03:26.357] [modloading-worker-0/DEBUG] [net.minecraftforge.fml.javafmlmod.AutomaticEventSubscriber/LOADING]: Auto-subscribing twilightforest.item.OreMagnetItem to FORGE
[16Apr2025 19:03:26.362] [modloading-worker-0/DEBUG] [net.minecraftforge.fml.javafmlmod.AutomaticEventSubscriber/LOADING]: Auto-subscribing twilightforest.item.FierySwordItem to FORGE
[16Apr2025 19:03:26.362] [modloading-worker-0/DEBUG] [net.minecraftforge.fml.javafmlmod.AutomaticEventSubscriber/LOADING]: Auto-subscribing twilightforest.init.TFEntities to MOD
[16Apr2025 19:03:26.363] [modloading-worker-0/DEBUG] [net.minecraftforge.fml.javafmlmod.AutomaticEventSubscriber/LOADING]: Auto-subscribing twilightforest.init.TFCaveCarvers to MOD
[16Apr2025 19:03:26.365] [modloading-worker-0/DEBUG] [net.minecraftforge.fml.javafmlmod.AutomaticEventSubscriber/LOADING]: Auto-subscribing twilightforest.events.ToolEvents to FORGE
[16Apr2025 19:03:26.368] [modloading-worker-0/DEBUG] [net.minecraftforge.fml.javafmlmod.AutomaticEventSubscriber/LOADING]: Auto-subscribing twilightforest.events.ProgressionEvents to FORGE
[16Apr2025 19:03:26.369] [modloading-worker-0/DEBUG] [net.minecraftforge.fml.javafmlmod.AutomaticEventSubscriber/LOADING]: Auto-subscribing twilightforest.events.MiscEvents to FORGE
[16Apr2025 19:03:26.371] [modloading-worker-0/DEBUG] [net.minecraftforge.fml.javafmlmod.AutomaticEventSubscriber/LOADING]: Auto-subscribing twilightforest.events.HostileMountEvents to FORGE
[16Apr2025 19:03:26.373] [modloading-worker-0/DEBUG] [net.minecraftforge.fml.javafmlmod.AutomaticEventSubscriber/LOADING]: Auto-subscribing twilightforest.events.EntityEvents to FORGE
[16Apr2025 19:03:26.380] [modloading-worker-0/DEBUG] [net.minecraftforge.fml.javafmlmod.AutomaticEventSubscriber/LOADING]: Auto-subscribing twilightforest.events.CharmEvents to FORGE
[16Apr2025 19:03:26.382] [modloading-worker-0/DEBUG] [net.minecraftforge.fml.javafmlmod.AutomaticEventSubscriber/LOADING]: Auto-subscribing twilightforest.events.CapabilityEvents to FORGE
[16Apr2025 19:03:26.385] [modloading-worker-0/DEBUG] [net.minecraftforge.fml.javafmlmod.AutomaticEventSubscriber/LOADING]: Auto-subscribing twilightforest.data.DataGenerators to MOD
[16Apr2025 19:03:26.388] [modloading-worker-0/DEBUG] [net.minecraftforge.fml.javafmlmod.AutomaticEventSubscriber/LOADING]: Auto-subscribing twilightforest.TFTickHandler to FORGE
[16Apr2025 19:03:26.390] [modloading-worker-0/DEBUG] [net.minecraftforge.fml.javafmlmod.AutomaticEventSubscriber/LOADING]: Auto-subscribing twilightforest.TFConfig to MOD
[16Apr2025 19:03:26.390] [modloading-worker-0/DEBUG] [net.minecraftforge.fml.javafmlmod.AutomaticEventSubscriber/LOADING]: Auto-subscribing twilightforest.TFConfig$ConfigSync to FORGE
[16Apr2025 19:03:26.443] [main/DEBUG] [net.minecraftforge.common.capabilities.CapabilityManager/CAPABILITIES]: Attempting to automatically register: Lnet/minecraftforge/energy/IEnergyStorage;
[16Apr2025 19:03:26.443] [main/DEBUG] [net.minecraftforge.common.capabilities.CapabilityManager/CAPABILITIES]: Attempting to automatically register: Lnet/minecraftforge/fluids/capability/IFluidHandler;
[16Apr2025 19:03:26.443] [main/DEBUG] [net.minecraftforge.common.capabilities.CapabilityManager/CAPABILITIES]: Attempting to automatically register: Lnet/minecraftforge/fluids/capability/IFluidHandlerItem;
[16Apr2025 19:03:26.443] [main/DEBUG] [net.minecraftforge.common.capabilities.CapabilityManager/CAPABILITIES]: Attempting to automatically register: Lnet/minecraftforge/items/IItemHandler;
[16Apr2025 19:03:27.456] [main/DEBUG] [mixin/]: Mixing accessor.ShapelessRecipeAccessor from tombstone.mixins.json into net.minecraft.world.item.crafting.ShapelessRecipe
[16Apr2025 19:03:27.606] [main/INFO] [ModdingLegacy/StructureGel/]: [structure_gel] Registering data for structure_gel:loot_table_alias
[16Apr2025 19:03:27.618] [main/INFO] [ModdingLegacy/StructureGel/]: [structure_gel] Registering data for structure_gel:data_handler_type
[16Apr2025 19:03:27.621] [main/INFO] [ModdingLegacy/StructureGel/]: [structure_gel] Registering data for structure_gel:dynamic_spawner
[16Apr2025 19:03:27.623] [main/INFO] [ModdingLegacy/StructureGel/]: [structure_gel] Registering data for structure_gel:jigsaw_type
[16Apr2025 19:03:27.653] [main/DEBUG] [mixin/]: Mixing ForgeHooksMixin from tombstone.mixins.json into net.minecraftforge.common.ForgeHooks
[16Apr2025 19:03:27.707] [main/DEBUG] [io.netty.util.internal.InternalThreadLocalMap/]: -Dio.netty.threadLocalMap.stringBuilder.initialSize: 1024
[16Apr2025 19:03:27.707] [main/DEBUG] [io.netty.util.internal.InternalThreadLocalMap/]: -Dio.netty.threadLocalMap.stringBuilder.maxSize: 4096
[16Apr2025 19:03:27.708] [main/DEBUG] [io.netty.util.internal.ThreadLocalRandom/]: -Dio.netty.initialSeedUniquifier: 0x0c6c9181565e22df
[16Apr2025 19:03:27.735] [main/DEBUG] [net.minecraftforge.fml.config.ConfigTracker/CONFIG]: Loading configs type COMMON
[16Apr2025 19:03:27.737] [main/DEBUG] [fuzs.puzzleslib.impl.config.core.ForgeConfigFileTypeHandler/CONFIG]: Built TOML config for /workspaces/SV_MNCFT_1/servidor_minecraft/config/mutantmonsters-common.toml
[16Apr2025 19:03:27.738] [main/DEBUG] [fuzs.puzzleslib.impl.config.core.ForgeConfigFileTypeHandler/CONFIG]: Loaded TOML config file /workspaces/SV_MNCFT_1/servidor_minecraft/config/mutantmonsters-common.toml
[16Apr2025 19:03:27.743] [main/DEBUG] [fuzs.puzzleslib.impl.config.core.ForgeConfigFileTypeHandler/CONFIG]: Watching TOML config file /workspaces/SV_MNCFT_1/servidor_minecraft/config/mutantmonsters-common.toml for changes
[16Apr2025 19:03:27.744] [main/INFO] [Puzzles Lib/]: Loading common config for mutantmonsters
[16Apr2025 19:03:27.745] [main/DEBUG] [net.minecraftforge.fml.config.ConfigFileTypeHandler/CONFIG]: Built TOML config for /workspaces/SV_MNCFT_1/servidor_minecraft/config/dungeons_enhanced-common.toml
[16Apr2025 19:03:27.748] [main/DEBUG] [net.minecraftforge.fml.config.ConfigFileTypeHandler/CONFIG]: Loaded TOML config file /workspaces/SV_MNCFT_1/servidor_minecraft/config/dungeons_enhanced-common.toml
[16Apr2025 19:03:27.748] [main/DEBUG] [net.minecraftforge.fml.config.ConfigFileTypeHandler/CONFIG]: Watching TOML config file /workspaces/SV_MNCFT_1/servidor_minecraft/config/dungeons_enhanced-common.toml for changes
[16Apr2025 19:03:27.751] [Thread-0/DEBUG] [net.minecraftforge.fml.config.ConfigFileTypeHandler/CONFIG]: Config file dungeons_enhanced-common.toml changed, sending notifies
[16Apr2025 19:03:27.753] [main/DEBUG] [net.minecraftforge.fml.config.ConfigFileTypeHandler/CONFIG]: Built TOML config for /workspaces/SV_MNCFT_1/servidor_minecraft/config/simplybackpacks-common.toml
[16Apr2025 19:03:27.753] [main/DEBUG] [net.minecraftforge.fml.config.ConfigFileTypeHandler/CONFIG]: Loaded TOML config file /workspaces/SV_MNCFT_1/servidor_minecraft/config/simplybackpacks-common.toml
[16Apr2025 19:03:27.753] [main/DEBUG] [net.minecraftforge.fml.config.ConfigFileTypeHandler/CONFIG]: Watching TOML config file /workspaces/SV_MNCFT_1/servidor_minecraft/config/simplybackpacks-common.toml for changes
[16Apr2025 19:03:27.755] [Thread-0/DEBUG] [net.minecraftforge.fml.config.ConfigFileTypeHandler/CONFIG]: Config file simplybackpacks-common.toml changed, sending notifies
[16Apr2025 19:03:27.755] [main/DEBUG] [net.minecraftforge.fml.config.ConfigFileTypeHandler/CONFIG]: Built TOML config for /workspaces/SV_MNCFT_1/servidor_minecraft/config/tlc.toml
[16Apr2025 19:03:27.755] [main/DEBUG] [net.minecraftforge.fml.config.ConfigFileTypeHandler/CONFIG]: Loaded TOML config file /workspaces/SV_MNCFT_1/servidor_minecraft/config/tlc.toml
[16Apr2025 19:03:27.755] [main/DEBUG] [net.minecraftforge.fml.config.ConfigFileTypeHandler/CONFIG]: Watching TOML config file /workspaces/SV_MNCFT_1/servidor_minecraft/config/tlc.toml for changes
[16Apr2025 19:03:27.755] [main/DEBUG] [net.minecraftforge.fml.config.ConfigFileTypeHandler/CONFIG]: Built TOML config for /workspaces/SV_MNCFT_1/servidor_minecraft/config/tombstone-common.toml
[16Apr2025 19:03:27.755] [Thread-0/DEBUG] [net.minecraftforge.fml.config.ConfigFileTypeHandler/CONFIG]: Config file simplybackpacks-common.toml changed, sending notifies
[16Apr2025 19:03:27.756] [Thread-0/DEBUG] [net.minecraftforge.fml.config.ConfigFileTypeHandler/CONFIG]: Config file tlc.toml changed, sending notifies
[16Apr2025 19:03:27.757] [main/DEBUG] [net.minecraftforge.fml.config.ConfigFileTypeHandler/CONFIG]: Loaded TOML config file /workspaces/SV_MNCFT_1/servidor_minecraft/config/tombstone-common.toml
[16Apr2025 19:03:27.757] [main/DEBUG] [net.minecraftforge.fml.config.ConfigFileTypeHandler/CONFIG]: Watching TOML config file /workspaces/SV_MNCFT_1/servidor_minecraft/config/tombstone-common.toml for changes
[16Apr2025 19:03:27.759] [Thread-0/DEBUG] [net.minecraftforge.fml.config.ConfigFileTypeHandler/CONFIG]: Config file tombstone-common.toml changed, sending notifies
[16Apr2025 19:03:27.761] [main/DEBUG] [net.minecraftforge.fml.config.ConfigFileTypeHandler/CONFIG]: Built TOML config for /workspaces/SV_MNCFT_1/servidor_minecraft/config/twilightforest-common.toml
[16Apr2025 19:03:27.761] [main/DEBUG] [net.minecraftforge.fml.config.ConfigFileTypeHandler/CONFIG]: Loaded TOML config file /workspaces/SV_MNCFT_1/servidor_minecraft/config/twilightforest-common.toml
[16Apr2025 19:03:27.762] [main/DEBUG] [net.minecraftforge.fml.config.ConfigFileTypeHandler/CONFIG]: Watching TOML config file /workspaces/SV_MNCFT_1/servidor_minecraft/config/twilightforest-common.toml for changes
[16Apr2025 19:03:27.763] [main/DEBUG] [net.minecraftforge.fml.config.ConfigFileTypeHandler/CONFIG]: Built TOML config for /workspaces/SV_MNCFT_1/servidor_minecraft/config/structure_gel-common.toml
[16Apr2025 19:03:27.764] [main/DEBUG] [net.minecraftforge.fml.config.ConfigFileTypeHandler/CONFIG]: Loaded TOML config file /workspaces/SV_MNCFT_1/servidor_minecraft/config/structure_gel-common.toml
[16Apr2025 19:03:27.764] [main/DEBUG] [net.minecraftforge.fml.config.ConfigFileTypeHandler/CONFIG]: Watching TOML config file /workspaces/SV_MNCFT_1/servidor_minecraft/config/structure_gel-common.toml for changes
[16Apr2025 19:03:27.765] [Thread-0/DEBUG] [net.minecraftforge.fml.config.ConfigFileTypeHandler/CONFIG]: Config file tombstone-common.toml changed, sending notifies
[16Apr2025 19:03:27.770] [modloading-worker-0/INFO] [voicechat/]: [voicechat] Compatibility version 18
[16Apr2025 19:03:27.880] [modloading-worker-0/INFO] [voicechat/]: [voicechat] Loading plugins
[16Apr2025 19:03:27.896] [modloading-worker-0/INFO] [voicechat/]: [voicechat] Loaded 0 plugin(s)
[16Apr2025 19:03:27.896] [modloading-worker-0/INFO] [voicechat/]: [voicechat] Initializing plugins
[16Apr2025 19:03:27.896] [modloading-worker-0/INFO] [voicechat/]: [voicechat] Initialized 0 plugin(s)
[16Apr2025 19:03:27.905] [modloading-worker-0/DEBUG] [mixin/]: Mixing MixinPlayerList from badpackets.mixins.json into net.minecraft.server.players.PlayerList
[16Apr2025 19:03:27.905] [modloading-worker-0/DEBUG] [mixin/]: badpackets.mixins.json:MixinPlayerList: Class version 61 required is higher than the class version supported by the current version of Mixin (JAVA_16 supports class version 60)
[16Apr2025 19:03:27.988] [main/DEBUG] [net.minecraftforge.fml.DeferredWorkQueue/LOADING]: Dispatching synchronous work for work queue COMMON_SETUP: 6 jobs
[16Apr2025 19:03:28.030] [main/INFO] [journeymap/]: Initializing Packet Registries
[16Apr2025 19:03:28.060] [main/DEBUG] [net.minecraftforge.fml.DeferredWorkQueue/LOADING]: Synchronous work queue completed in 70.43 ms
[16Apr2025 19:03:28.117] [modloading-worker-0/INFO] [mcp.mobius.waila.plugin.PluginLoader/]: [WTHIT] Initializing common plugin waila:core at mcp.mobius.waila.plugin.core.CoreCommonPlugin
[16Apr2025 19:03:28.147] [modloading-worker-0/INFO] [mcp.mobius.waila.plugin.PluginLoader/]: [WTHIT] Initializing common plugin waila:vanilla at mcp.mobius.waila.plugin.vanilla.VanillaCommonPlugin
[16Apr2025 19:03:28.182] [modloading-worker-0/INFO] [mcp.mobius.waila.plugin.PluginLoader/]: [WTHIT] Initializing common plugin waila:harvest at mcp.mobius.waila.plugin.harvest.HarvestCommonPlugin
[16Apr2025 19:03:28.184] [modloading-worker-0/INFO] [mcp.mobius.waila.plugin.PluginLoader/]: [WTHIT] Initializing common plugin waila:forge at mcp.mobius.waila.plugin.forge.ForgeCommonPlugin
[16Apr2025 19:03:28.186] [modloading-worker-0/INFO] [mcp.mobius.waila.plugin.PluginLoader/]: [WTHIT] Initializing common plugin waila:extra at mcp.mobius.waila.plugin.extra.ExtraPlugin
[16Apr2025 19:03:28.273] [modloading-worker-0/INFO] [mcp.mobius.waila.config.PluginConfig/]: [WTHIT] Plugin config reloaded
[16Apr2025 19:03:28.371] [Forge Version Check/INFO] [net.minecraftforge.fml.VersionChecker/]: [voicechat] Starting version check at https://update.maxhenkel.de/forge/voicechat
[16Apr2025 19:03:29.125] [Forge Version Check/DEBUG] [net.minecraftforge.fml.VersionChecker/]: [voicechat] Received version check data:
{"1.21":{"1.21-2.5.20":"Added Vietnamese translation"},"1.20":{"1.20-2.4.9":"Fixed group not getting deleted when disconnecting\nFixed group in LeaveGroupEvent always null\nFixed builtin resource pack format version"},"1.18":{"1.18-2.1.17":"Updated Forge\nFixed sound physics compatibility","1.18-2.1.22":"Fixed untranslated command feedback"},"1.19":{"1.19-2.4.8":"Added audio senders to the voice chat API"},"1.20.4":{"1.20.4-2.5.22":"Updated Traditional Chinese translation\nAdded Portuguese translation\nUpdated Ukrainian translation","1.20.4-2.4.32":"Fixed compatibility with Sound Physics Remastered\nUpdated French translation"},"1.21.3":{"1.21.3-2.5.29":"Updated Turkish translation\nUpdated Brazilian Portuguese translation"},"promos":{"1.18.1-latest":"1.18.1-2.2.52","1.21.4-latest":"1.21.4-2.5.29","1.21.3-latest":"1.21.3-2.5.29","1.18.2-latest":"1.18.2-2.5.29","1.19.3-recommended":"1.19.3-2.4.11","1.20-recommended":"1.20-2.4.9","1.19.1-recommended":"1.19.1-2.4.8","1.21.5-latest":"1.21.5-2.5.29","1.21.1-latest":"1.21.1-2.5.29","1.12.2-latest":"1.12.2-2.5.29","1.19.4-recommended":"1.19.4-2.4.32","1.12.2-recommended":"1.12.2-2.4.32","1.19-latest":"1.19-2.4.8","1.17.1-recommended":"1.17.1-2.4.32","1.19.2-recommended":"1.19.2-2.4.32","1.18-latest":"1.18-2.1.22","1.20.4-recommended":"1.20.4-2.4.32","1.21-latest":"1.21-2.5.20","1.16.5-recommended":"1.16.5-2.4.32","1.16.4-recommended":"1.16.4-1.1.7","1.20.1-recommended":"1.20.1-2.4.32","1.16.3-recommended":"1.16.3-1.0.1","1.15.2-latest":"1.15.2-1.0.2","1.20.2-recommended":"1.20.2-2.4.32","1.20-latest":"1.20-2.4.9","1.18.2-recommended":"1.18.2-2.4.32","1.17.1-latest":"1.17.1-2.5.12","1.18.1-recommended":"1.18.1-2.2.52","1.20.1-latest":"1.20.1-2.5.29","1.16.3-latest":"1.16.3-1.0.1","1.20.2-latest":"1.20.2-2.5.12","1.16.4-latest":"1.16.4-1.1.7","1.19.2-latest":"1.19.2-2.5.29","1.19.4-latest":"1.19.4-2.5.12","1.19.3-latest":"1.19.3-2.4.11","1.16.5-latest":"1.16.5-2.5.29","1.19-recommended":"1.19-2.4.8","1.18-recommended":"1.18-2.1.17","1.15.2-recommended":"1.15.2-1.0.2","1.20.4-latest":"1.20.4-2.5.22","1.19.1-latest":"1.19.1-2.4.8","1.20.6-latest":"1.20.6-2.5.22"},"1.20.6":{"1.20.6-2.5.22":"Updated Traditional Chinese translation\nAdded Portuguese translation\nUpdated Ukrainian translation"},"1.21.5":{"1.21.5-2.5.29":"Updated Turkish translation\nUpdated Brazilian Portuguese translation"},"1.21.4":{"1.21.4-2.5.29":"Updated Turkish translation\nUpdated Brazilian Portuguese translation"},"1.20.2":{"1.20.2-2.4.32":"Fixed compatibility with Sound Physics Remastered\nUpdated French translation","1.20.2-2.5.12":"Improved cloth config GUI translations"},"1.21.1":{"1.21.1-2.5.29":"Updated Turkish translation\nUpdated Brazilian Portuguese translation"},"1.20.1":{"1.20.1-2.4.32":"Fixed compatibility with Sound Physics Remastered\nUpdated French translation","1.20.1-2.5.29":"Updated Turkish translation\nUpdated Brazilian Portuguese translation"},"1.16.4":{"1.16.4-1.1.7":"Fixed ConcurrentModificationException when client times out"},"1.19.1":{"1.19.1-2.4.8":"Added audio senders to the voice chat API"},"1.18.2":{"1.18.2-2.4.32":"Fixed compatibility with Sound Physics Remastered\nUpdated French translation","1.18.2-2.5.29":"Updated Turkish translation\nUpdated Brazilian Portuguese translation"},"1.16.5":{"1.16.5-2.4.32":"Fixed compatibility with Sound Physics Remastered\nUpdated French translation","1.16.5-2.5.29":"Updated Turkish translation\nUpdated Brazilian Portuguese translation"},"1.19.2":{"1.19.2-2.5.29":"Updated Turkish translation\nUpdated Brazilian Portuguese translation","1.19.2-2.4.32":"Fixed compatibility with Sound Physics Remastered\nUpdated French translation"},"1.19.3":{"1.19.3-2.4.11":"Added config accessors to the API"},"1.19.4":{"1.19.4-2.4.32":"Fixed compatibility with Sound Physics Remastered\nUpdated French translation","1.19.4-2.5.12":"Improved cloth config GUI translations"},"1.15.2":{"1.15.2-1.0.2":"Fix crash on servers"},"1.17.1":{"1.17.1-2.4.32":"Fixed compatibility with Sound Physics Remastered\nUpdated French translation","1.17.1-2.5.12":"Improved cloth config GUI translations"},"1.16.3":{"1.16.3-1.0.1":"Fixed voice chat not working on servers with port"},"1.18.1":{"1.18.1-2.2.52":"Improved service loader compatibility\nFixed issues with QuestCraft\nFixed disconnected state being controlled by the client"},"1.12.2":{"1.12.2-2.4.32":"Fixed compatibility with Sound Physics Remastered\nUpdated French translation","1.12.2-2.5.29":"Updated Turkish translation\nUpdated Brazilian Portuguese translation\nFixed potential network threading issues"},"homepage":"https://modrepo.de/minecraft/voicechat"}
[16Apr2025 19:03:29.126] [Forge Version Check/INFO] [net.minecraftforge.fml.VersionChecker/]: [voicechat] Found status: OUTDATED Current: 1.20.1-2.5.26 Target: 1.20.1-2.5.29
[16Apr2025 19:03:29.126] [Forge Version Check/INFO] [net.minecraftforge.fml.VersionChecker/]: [mutantmonsters] Starting version check at https://raw.githubusercontent.com/Fuzss/modresources/main/update/mutantmonsters.json
[16Apr2025 19:03:29.182] [Forge Version Check/DEBUG] [net.minecraftforge.fml.VersionChecker/]: [mutantmonsters] Received version check data:
{
    "homepage": "https://github.com/Fuzss/mutantmonsters",
    "promos": {
        "1.19.2-latest": "4.0.6",
        "1.19.2-recommended": "4.0.6",
        "1.19.3-latest": "5.0.1",
        "1.19.3-recommended": "5.0.1",
        "1.19.4-latest": "6.0.2",
        "1.19.4-recommended": "6.0.2",
        "1.18.2-latest": "3.0.1",
        "1.18.2-recommended": "3.0.1",
        "1.20-latest": "7.0.0",
        "1.20-recommended": "7.0.0",
        "1.20.1-latest": "8.0.7",
        "1.20.1-recommended": "8.0.7",
        "1.20.4-latest": "20.4.1",
        "1.20.4-recommended": "20.4.1",
        "1.21.1-latest": "21.1.0",
        "1.21.1-recommended": "21.1.0",
        "1.21.3-latest": "21.3.1",
        "1.21.3-recommended": "21.3.1",
        "1.21.4-latest": "21.4.2",
        "1.21.4-recommended": "21.4.2"
    }
}
[16Apr2025 19:03:29.182] [Forge Version Check/INFO] [net.minecraftforge.fml.VersionChecker/]: [mutantmonsters] Found status: UP_TO_DATE Current: 8.0.7 Target: null
[16Apr2025 19:03:29.182] [Forge Version Check/INFO] [net.minecraftforge.fml.VersionChecker/]: [dungeons_enhanced] Starting version check at https://raw.githubusercontent.com/Ametrin-Studios/DungeonsEnhanced/refs/heads/master/update.json
[16Apr2025 19:03:29.193] [Forge Version Check/DEBUG] [net.minecraftforge.fml.VersionChecker/]: [dungeons_enhanced] Received version check data:
{
  "homepage": "https://www.curseforge.com/minecraft/mc-mods/dungeonsenhanced",
  "promos": {
    "1.21.4-latest": "6.1.1",
    "1.21.4-recommended": "6.0",
    "1.20.4-latest": "5.6",
    "1.20.4-recommended": "5.6",
    "1.20.1-latest": "5.4.0",
    "1.20.1-recommended": "5.3.0",
    "1.19.4-latest": "4.3.1",
    "1.19.4-recommended": "4.3.1",
    "1.19.2-latest": "4.1",
    "1.19.2-recommended": "4.1",
    "1.18.2-latest": "3.3",
    "1.18.2-recommended": "3.3",
    "1.18.1-latest": "3.0",
    "1.18.1-recommended": "3.0",
    "1.17.1-latest": "2.0",
    "1.17.1-recommended": "2.0",
    "1.16.5-latest": "1.9.2",
    "1.16.5-recommended": "1.8.2"
  },
  "1.21.4": {
    "6.1.1": "fixes",
    "6.1.0": "biome config via data packs",
    "6.0": "port, disable dimension checking"
  },
  "1.20.4": {
    "5.6": "new Dungeon Variant, loot table updates",
    "5.5": "Black Citadel",
    "5.4": "new Structure Backend",
    "5.3": "port, neoforge"
  },
  "1.20.1": {
    "5.4.0": "disable dimension checking, biome config via data packs, new Dungeon Variant, fixes",
    "5.3.0": "Black Citadel, loot table updates, update checker",
    "5.2.2": "new tall witch hut generation",
    "5.2.1": "fixes",
    "5.2": "fixes",
    "5.1": "crash fix",
    "5.0": "port"
  },
  "1.19.4": {
    "4.3.1": "fixes",
    "4.3": "Explorer Maps",
    "4.2.1": "biome config, Spanish, French, Romanian, Portuguese",
    "4.2": "port"
  },
  "1.19.2": {
    "4.1": "German",
    "4.0": "port"
  },
  "1.18.2": {
    "3.3": "fixes",
    "3.2": "Elders Temple, Fishing Ship, Flying Dutchman, Sunken Shrine, Pirate Ship, Italian",
    "3.1": "Pillager Camp rework"
  },
  "1.18.1": {
    "3.0": "Deep Crypt"
  },
  "1.17.1": {
    "2.0": "more variants / reworks"
  },
  "1.16.5": {
    "1.9.2": "crash fix",
    "1.9.1": "crash fix (#45)",
    "1.9.0": "Dungeon Variant, Sunken Shrine variant, update checker, experimental backend",
    "1.8.2": "German, Russian",
    "1.8.1": "fixes",
    "1.8": "Elders Temple, Fishing Ship, Flying Dutchman, Sunken Shrine, Pirate Ship, Italian, overhauls",
    "1.7": "fixes",
    "1.6": "fixes",
    "1.5": "huge pack-port",
    "1.4": "fixes",
    "1.3": "Monster Maze, Ice Pit variants",
    "1.2": "Structure Gel port, Config, Locate Command, Pillager Camp, Desert Temple, Large Dungeon, Tree House",
    "1.1": "Castle, Watch Tower, Battle Tower, Stables, Mushroom House",
    "1.0": "Desert Tomb, Mob Tower, Druid Circle, Ruined House, Ruined Barn, Witch Tower, Ice Pit, Jungle Monument, Miners House, Tall Witch Hut, Savanna Castle, Dungeon Variant"
  }
}
[16Apr2025 19:03:29.194] [Forge Version Check/INFO] [net.minecraftforge.fml.VersionChecker/]: [dungeons_enhanced] Found status: UP_TO_DATE Current: 5.3.0 Target: null
[16Apr2025 19:03:29.194] [Forge Version Check/INFO] [net.minecraftforge.fml.VersionChecker/]: [reap] Starting version check at https://maxhenkel.de/update/reap.json
[16Apr2025 19:03:29.787] [Forge Version Check/DEBUG] [net.minecraftforge.fml.VersionChecker/]: [reap] Received version check data:
{"1.18":{"1.18-1.0.1":"Fixed loader version requirement"},"1.19":{"1.19-1.0.1":"Updated Forge version"},"promos":{"1.14.4-recommended":"1.10.2","1.14.3-recommended":"1.9.0","1.19.3-recommended":"1.19.3-1.0.0","1.19.1-recommended":"1.19.1-1.0.0","1.19.4-recommended":"1.19.4-1.0.0","1.19.2-recommended":"1.19.2-1.0.0","1.10.2-latest":"1.3.5","1.14.2-recommended":"1.8.2","1.14.3-latest":"1.9.0","1.10.2-recommended":"1.3.5","1.20.1-latest":"1.20.1-1.1.2","1.16.4-latest":"1.16.4-1.0.3","1.11.2-recommended":"1.4.2","1.19.3-latest":"1.19.3-1.0.0","1.16.2-latest":"1.16.2-1.0.1","1.15.2-recommended":"1.12.4","1.19.1-latest":"1.19.1-1.0.0","1.15.1-recommended":"1.11.1","1.11.2-latest":"1.4.2","1.18.1-latest":"1.18.1-1.0.1","1.15.1-latest":"1.11.1","1.18.2-latest":"1.18.2-1.0.0","1.12.2-latest":"1.5.3","1.12.2-recommended":"1.5.2","1.19-latest":"1.19-1.0.1","1.17.1-recommended":"1.17.1-1.0.0","1.16.1-recommended":"1.16.1-1.0.2","1.16.2-recommended":"1.16.2-1.0.1","1.18-latest":"1.18-1.0.1","1.16.5-recommended":"1.16.5-1.0.0","1.16.4-recommended":"1.16.4-1.0.3","1.20.1-recommended":"1.20.1-1.0.2","1.16.3-recommended":"1.16.3-1.0.2","1.15.2-latest":"1.12.5","1.20.2-recommended":"1.20.2-1.0.2","1.14.4-latest":"1.10.2","1.13.2-recommended":"1.7.0","1.18.2-recommended":"1.18.2-1.0.0","1.17.1-latest":"1.17.1-1.0.0","1.13.2-latest":"1.7.0","1.18.1-recommended":"1.18.1-1.0.0","1.16.3-latest":"1.16.3-1.0.2","1.20.2-latest":"1.20.2-1.0.2","1.19.2-latest":"1.19.2-1.1.2","1.19.4-latest":"1.19.4-1.0.0","1.16.5-latest":"1.16.5-1.0.1","1.19-recommended":"1.19-1.0.1","1.16.1-latest":"1.16.1-1.0.3","1.18-recommended":"1.18-1.0.1","1.14.2-latest":"1.8.2"},"1.20.2":{"1.20.2-1.0.2":""},"1.20.1":{"1.20.1-1.1.2":"Added mod icon\nFixed too many seeds dropped","1.20.1-1.0.2":""},"1.16.4":{"1.16.4-1.0.3":"Fixed missing blocks not working in config"},"1.18.2":{"1.18.2-1.0.0":"Updated to 1.18.2"},"1.19.1":{"1.19.1-1.0.0":"Updated to 1.19.1"},"1.16.5":{"1.16.5-1.0.0":"Updated to 1.16.5","1.16.5-1.0.1":"Updated to official mappings"},"1.19.2":{"1.19.2-1.1.2":"Added mod icon\nFixed too many seeds dropped","1.19.2-1.0.0":"Updated to 1.19.2"},"1.19.3":{"1.19.3-1.0.0":"Updated to 1.19.3"},"1.19.4":{"1.19.4-1.0.0":"Updated to 1.19.4"},"1.14.2":{"1.8.2":"Fixed a crash on startup"},"1.15.1":{"1.11.1":"Fixed tree harvesting crouch issue"},"1.14.3":{"1.9.0":"Updated to 1.14.3"},"1.15.2":{"1.12.4":"Fixed tree tools not working","1.12.5":"Added dynamic tree breaking speed"},"1.16.1":{"1.16.1-1.0.3":"Internal changes","1.16.1-1.0.2":"Reorganized config\nAdded configurable breaking speed"},"1.14.4":{"1.10.2":"Added missing ground types to config"},"1.16.2":{"1.16.2-1.0.1":"Updated pack format"},"1.17.1":{"1.17.1-1.0.0":"Updated to 1.17.1"},"1.16.3":{"1.16.3-1.0.2":"Updated mods.toml"},"1.18.1":{"1.18.1-1.0.0":"Updated to 1.18.1","1.18.1-1.0.1":"Added Config option to specify the maximum amount of logs to get harvested in one go"},"1.10.2":{"1.3.5":"Fixed config error"},"1.11.2":{"1.4.2":"Fixed config error"},"1.12.2":{"1.5.2":"Fixed tree harvest config issue","1.5.3":"Fixed log axis harvesting issue"},"1.13.2":{"1.7.0":"Updated to 1.13.2"},"homepage":"https://www.curseforge.com/minecraft/mc-mods/reap-mod"}
[16Apr2025 19:03:29.788] [Forge Version Check/INFO] [net.minecraftforge.fml.VersionChecker/]: [reap] Found status: UP_TO_DATE Current: 1.20.1-1.0.2 Target: null
[16Apr2025 19:03:29.790] [Forge Version Check/INFO] [net.minecraftforge.fml.VersionChecker/]: [journeymap] Starting version check at https://forge.curseupdate.com/32274/journeymap
[16Apr2025 19:03:29.900] [Forge Version Check/DEBUG] [net.minecraftforge.fml.VersionChecker/]: [journeymap] Received version check data:
{"promos":{"1.10.2-latest":"1.10.2-5.5.2","1.10.2-recommended":"1.10.2-5.5.2","1.11-latest":"1.11-5.4.6","1.11-recommended":"1.11-5.4.6","1.11.2-latest":"1.11.2-5.5.2","1.11.2-recommended":"1.11.2-5.5.2","1.12-latest":"1.12-5.5.2","1.12-recommended":"1.12-5.5.2","1.12.1-latest":"1.12.1-5.5.2","1.12.1-recommended":"1.12.1-5.5.2","1.12.2-latest":"1.12.2-5.7.1p3","1.12.2-recommended":"1.12.2-5.7.1p3","1.14.4-latest":"5.7.0","1.14.4-recommended":"5.7.0","1.15.2-latest":"5.7.0","1.15.2-recommended":"5.7.0","1.16.2-latest":"5.7.3","1.16.2-recommended":"5.7.3","1.16.3-latest":"5.7.3","1.16.3-recommended":"5.7.3","1.16.4-latest":"5.7.3","1.16.4-recommended":"5.7.3","1.16.5-latest":"5.8.6","1.16.5-recommended":"5.8.6","1.17.1-latest":"5.8.0","1.17.1-recommended":"5.8.0","1.18-latest":"5.8.0alpha9","1.18.1-latest":"5.8.1","1.18.1-recommended":"5.8.1","1.18.2-latest":"5.9.8","1.18.2-recommended":"5.9.8","1.19-latest":"5.8.5","1.19-recommended":"5.8.5","1.19.1-latest":"5.9.0beta2","1.19.2-latest":"5.9.8","1.19.2-recommended":"5.9.8","1.19.3-latest":"5.9.7","1.19.3-recommended":"5.9.7","1.19.4-latest":"5.9.8","1.19.4-recommended":"5.9.8","1.20-latest":"5.9.8","1.20-recommended":"5.9.8","1.20.1-latest":"5.10.3","1.20.1-recommended":"5.10.3","1.20.2-latest":"5.9.21","1.20.2-recommended":"5.9.21","1.20.3-latest":"5.9.18","1.20.3-recommended":"5.9.18","1.20.4-latest":"5.10.0","1.20.4-recommended":"5.10.0","1.20.6-latest":"5.10.0","1.20.6-recommended":"5.10.0","1.21-latest":"1.21-6.0.0-beta.27","1.21.1-latest":"1.21.1-6.0.0-beta.35","1.21.4-latest":"1.21.4-6.0.0-beta.35","1.6.4-latest":"4.0.3","1.6.4-recommended":"4.0.3","1.7.10-latest":"5.2.8","1.7.10-recommended":"5.2.8","1.7.2-latest":"4.0.3","1.7.2-recommended":"4.0.3","1.8-latest":"1.8-5.1.3","1.8-recommended":"1.8-5.1.3","1.8.8-latest":"1.8.8-5.1.3","1.8.8-recommended":"1.8.8-5.1.3","1.8.9-latest":"1.8.9-5.2.4","1.8.9-recommended":"1.8.9-5.2.4","1.9-latest":"1.9-5.5.2","1.9-recommended":"1.9-5.5.2","1.9.4-latest":"1.9.4-5.5.2","1.9.4-recommended":"1.9.4-5.5.2"},"homepage":"https://www.curseforge.com/minecraft/mc-mods/journeymap"}
[16Apr2025 19:03:29.900] [Forge Version Check/INFO] [net.minecraftforge.fml.VersionChecker/]: [journeymap] Found status: UP_TO_DATE Current: 5.10.3 Target: null
[16Apr2025 19:03:29.901] [Forge Version Check/INFO] [net.minecraftforge.fml.VersionChecker/]: [tombstone] Starting version check at https://raw.githubusercontent.com/Corail31/tombstone_lite/master/update.json
[16Apr2025 19:03:29.913] [Forge Version Check/DEBUG] [net.minecraftforge.fml.VersionChecker/]: [tombstone] Received version check data:
{
	"homepage": "https://www.curseforge.com/minecraft/mc-mods/corail-tombstone",
	"promos": {
		"1.21.5-latest": "9.4.0",
		"1.21.5-recommended": "9.4.0",
		"1.21.4-latest": "9.3.7",
		"1.21.4-recommended": "9.3.7",
		"1.21.3-latest": "9.2.4",
		"1.21.3-recommended": "9.2.4",
		"1.21.1-latest": "9.1.10",
		"1.21.1-recommended": "9.1.10",
		"1.20.4-latest": "8.6.4",
		"1.20.4-recommended": "8.6.4",
		"1.20.2-latest": "8.6.3",
		"1.20.2-recommended": "8.6.3",
		"1.20.1-latest": "8.9.4",
		"1.20.1-recommended": "8.9.4",
		"1.19.4-latest": "8.4.2",
		"1.19.4-recommended": "8.4.2",
		"1.19.3-latest": "8.3.2",
		"1.19.3-recommended": "8.3.2",
		"1.19.2-latest": "8.3.7",
		"1.19.2-recommended": "8.3.7",
		"1.19.1-latest": "8.1.0",
		"1.19.1-recommended": "8.1.0",
		"1.18.2-latest": "7.7.6",
		"1.18.2-recommended": "7.7.6",
		"1.18.1-latest": "7.4.1",
		"1.18.1-recommended": "7.4.1",
		"1.17.1-latest": "7.3.0",
		"1.17.1-recommended": "7.3.0",
		"1.16.5-latest": "6.9.6",
		"1.16.5-recommended": "6.9.6",
		"1.15.2-latest": "4.6.0",
		"1.15.2-recommended": "4.6.0",
		"1.14.4-latest": "4.3.6",
		"1.14.4-recommended": "4.3.6",
		"1.13.2-latest": "3.5.2",
		"1.13.2-recommended": "3.5.2",
		"1.12.2-latest": "4.7.5",
		"1.12.2-recommended": "4.7.5",
		"1.11.2-latest": "2.9.0.1",
		"1.11.2-recommended": "2.9.0.1",
		"1.10.2-latest": "2.9.4",
		"1.10.2-recommended": "2.9.4",
		"1.9.4-latest": "1.4.1",
		"1.9.4-recommended": "1.4.1",
		"1.8.9-latest": "1.4.1",
		"1.8.9-recommended": "1.4.1"
	},
	"1.21.5": {
		"9.4.0": "initial port"
	},
	"1.21.4": {
		"9.3.7": "final version"
	},
	"1.21.3": {
		"9.2.4": "final version"
	},
	"1.21.1": {
		"9.1.10": "final version"
	},
	"1.20.4": {
		"8.6.4": "final version"
	},
	"1.20.2": {
		"8.6.3": "final version"
	},
	"1.20.1": {
		"8.9.4": "configs for special events",
		"8.9.3": "improvements",
		"8.9.2": "abandoned graves",
		"8.9.1": "improvements",
		"8.9.0": "improves enchantments",
		"8.8.6": "updates Christmas event"
	},
	"1.19.4": {
		"8.4.2": "final version"
	},
	"1.19.2": {
		"8.3.7": "final version"
	},
	"1.18.2": {
		"7.7.6": "final version"
	},
	"1.16.5": {
		"6.9.6": "final version"
	},
	"1.12.2": {
		"4.7.5": "final version"
	}
}
[16Apr2025 19:03:29.913] [Forge Version Check/INFO] [net.minecraftforge.fml.VersionChecker/]: [tombstone] Found status: OUTDATED Current: 8.9.2 Target: 8.9.4
[16Apr2025 19:03:29.913] [Forge Version Check/INFO] [net.minecraftforge.fml.VersionChecker/]: [puzzleslib] Starting version check at https://raw.githubusercontent.com/Fuzss/modresources/main/update/puzzleslib.json
[16Apr2025 19:03:29.932] [Forge Version Check/DEBUG] [net.minecraftforge.fml.VersionChecker/]: [puzzleslib] Received version check data:
{
    "homepage": "https://www.curseforge.com/minecraft/mc-mods/puzzles-lib",
    "promos": {
        "1.16.2-latest": "1.0.15",
        "1.16.2-recommended": "1.0.15",
        "1.16.3-latest": "1.0.15",
        "1.16.3-recommended": "1.0.15",
        "1.16.4-latest": "1.0.15",
        "1.16.4-recommended": "1.0.15",
        "1.16.5-latest": "1.0.15",
        "1.16.5-recommended": "1.0.15",
        "1.17.1-latest": "2.0.2",
        "1.17.1-recommended": "2.0.2",
        "1.18-latest": "3.2.1",
        "1.18-recommended": "3.2.1",
        "1.18.1-latest": "3.2.1",
        "1.18.1-recommended": "3.2.1",
        "1.18.2-latest": "3.5.10",
        "1.18.2-recommended": "3.5.10",
        "1.19-latest": "4.0.18",
        "1.19-recommended": "4.0.18",
        "1.19.1-latest": "4.2.4",
        "1.19.1-recommended": "4.2.4",
        "1.19.2-latest": "4.4.3",
        "1.19.2-recommended": "4.4.3",
        "1.19.3-latest": "5.0.33",
        "1.19.3-recommended": "5.0.33",
        "1.19.4-latest": "6.0.11",
        "1.19.4-recommended": "6.0.11",
        "1.20-latest": "7.0.9",
        "1.20-recommended": "7.0.9",
        "1.20.1-latest": "8.1.32",
        "1.20.1-recommended": "8.1.32",
        "1.20.4-latest": "20.4.52",
        "1.20.4-recommended": "20.4.52",
        "1.21-latest": "21.0.28",
        "1.21-recommended": "21.0.28",
        "1.21.1-latest": "21.1.33",
        "1.21.1-recommended": "21.1.33",
        "1.21.3-latest": "21.3.21",
        "1.21.3-recommended": "21.3.21",
        "1.21.4-latest": "21.4.13",
        "1.21.4-recommended": "21.4.13",
        "1.21.5-latest": "21.5.6",
        "1.21.5-recommended": "21.5.6"
    }
}
[16Apr2025 19:03:29.933] [Forge Version Check/INFO] [net.minecraftforge.fml.VersionChecker/]: [puzzleslib] Found status: OUTDATED Current: 8.1.29 Target: 8.1.32
[16Apr2025 19:03:29.934] [Forge Version Check/INFO] [net.minecraftforge.fml.VersionChecker/]: [puzzlesaccessapi] Starting version check at https://raw.githubusercontent.com/Fuzss/modresources/main/update/puzzlesaccessapi.json
[16Apr2025 19:03:29.950] [Forge Version Check/DEBUG] [net.minecraftforge.fml.VersionChecker/]: [puzzlesaccessapi] Received version check data:
{
    "homepage": "https://github.com/Fuzss/puzzlesaccessapi",
    "promos": {}
}
[16Apr2025 19:03:29.950] [Forge Version Check/INFO] [net.minecraftforge.fml.VersionChecker/]: [puzzlesaccessapi] Found status: BETA Current: 20.1.1 Target: null
[16Apr2025 19:03:29.951] [Forge Version Check/INFO] [net.minecraftforge.fml.VersionChecker/]: [forge] Starting version check at https://files.minecraftforge.net/net/minecraftforge/forge/promotions_slim.json
[16Apr2025 19:03:30.147] [Forge Version Check/DEBUG] [net.minecraftforge.fml.VersionChecker/]: [forge] Received version check data:
{
  "homepage": "https://files.minecraftforge.net/net/minecraftforge/forge/",
  "promos": {
    "1.1-latest": "1.3.4.29",
    "1.2.3-latest": "1.4.1.64",
    "1.2.4-latest": "2.0.0.68",
    "1.2.5-latest": "3.4.9.171",
    "1.3.2-latest": "4.3.5.318",
    "1.4.0-latest": "5.0.0.326",
    "1.4.1-latest": "6.0.0.329",
    "1.4.2-latest": "6.0.1.355",
    "1.4.3-latest": "6.2.1.358",
    "1.4.4-latest": "6.3.0.378",
    "1.4.5-latest": "6.4.2.448",
    "1.4.6-latest": "6.5.0.489",
    "1.4.7-latest": "6.6.2.534",
    "1.5-latest": "7.7.0.598",
    "1.5.1-latest": "7.7.2.682",
    "1.5.2-latest": "7.8.1.738",
    "1.5.2-recommended": "7.8.1.738",
    "1.6.1-latest": "8.9.0.775",
    "1.6.2-latest": "9.10.1.871",
    "1.6.2-recommended": "9.10.1.871",
    "1.6.3-latest": "9.11.0.878",
    "1.6.4-latest": "9.11.1.1345",
    "1.6.4-recommended": "9.11.1.1345",
    "1.7.2-latest": "10.12.2.1161",
    "1.7.2-recommended": "10.12.2.1161",
    "1.7.10_pre4-latest": "10.12.2.1149",
    "1.7.10-latest": "10.13.4.1614",
    "1.7.10-recommended": "10.13.4.1614",
    "1.8-latest": "11.14.4.1577",
    "1.8-recommended": "11.14.4.1563",
    "1.8.8-latest": "11.15.0.1655",
    "1.8.9-latest": "11.15.1.2318",
    "1.8.9-recommended": "11.15.1.2318",
    "1.9-latest": "12.16.1.1938",
    "1.9-recommended": "12.16.1.1887",
    "1.9.4-latest": "12.17.0.2317",
    "1.9.4-recommended": "12.17.0.2317",
    "1.10-latest": "12.18.0.2000",
    "1.10.2-latest": "12.18.3.2511",
    "1.10.2-recommended": "12.18.3.2511",
    "1.11-latest": "13.19.1.2199",
    "1.11-recommended": "13.19.1.2189",
    "1.11.2-latest": "13.20.1.2588",
    "1.11.2-recommended": "13.20.1.2588",
    "1.12-latest": "14.21.1.2443",
    "1.12-recommended": "14.21.1.2387",
    "1.12.1-latest": "14.22.1.2485",
    "1.12.1-recommended": "14.22.1.2478",
    "1.12.2-latest": "14.23.5.2860",
    "1.12.2-recommended": "14.23.5.2859",
    "1.13.2-latest": "25.0.223",
    "1.14.2-latest": "26.0.63",
    "1.14.3-latest": "27.0.60",
    "1.14.4-latest": "28.2.26",
    "1.14.4-recommended": "28.2.26",
    "1.15-latest": "29.0.4",
    "1.15.1-latest": "30.0.51",
    "1.15.2-latest": "31.2.57",
    "1.15.2-recommended": "31.2.57",
    "1.16.1-latest": "32.0.108",
    "1.16.2-latest": "33.0.61",
    "1.16.3-latest": "34.1.42",
    "1.16.3-recommended": "34.1.0",
    "1.16.4-latest": "35.1.37",
    "1.16.4-recommended": "35.1.4",
    "1.16.5-latest": "36.2.42",
    "1.16.5-recommended": "36.2.34",
    "1.17.1-latest": "37.1.1",
    "1.17.1-recommended": "37.1.1",
    "1.18-latest": "38.0.17",
    "1.18.1-latest": "39.1.2",
    "1.18.1-recommended": "39.1.0",
    "1.18.2-recommended": "40.3.0",
    "1.18.2-latest": "40.3.10",
    "1.19-latest": "41.1.0",
    "1.19-recommended": "41.1.0",
    "1.19.1-latest": "42.0.9",
    "1.19.2-recommended": "43.5.0",
    "1.19.2-latest": "43.5.0",
    "1.19.3-latest": "44.1.23",
    "1.19.3-recommended": "44.1.0",
    "1.19.4-recommended": "45.4.0",
    "1.19.4-latest": "45.4.0",
    "1.20-latest": "46.0.14",
    "1.20.1-recommended": "47.4.0",
    "1.20.1-latest": "47.4.0",
    "1.20.2-latest": "48.1.0",
    "1.20.2-recommended": "48.1.0",
    "1.20.3-latest": "49.0.2",
    "1.20.4-latest": "49.2.0",
    "1.20.4-recommended": "49.2.0",
    "1.20.6-latest": "50.2.0",
    "1.20.6-recommended": "50.2.0",
    "1.21-latest": "51.0.33",
    "1.21.1-latest": "52.1.0",
    "1.21.1-recommended": "52.1.0",
    "1.21.3-latest": "53.1.1",
    "1.21.3-recommended": "53.1.0",
    "1.21.4-latest": "54.1.3",
    "1.21.4-recommended": "54.1.0",
    "1.21.5-latest": "55.0.4"
  }
}
[16Apr2025 19:03:30.147] [Forge Version Check/INFO] [net.minecraftforge.fml.VersionChecker/]: [forge] Found status: OUTDATED Current: 47.3.7 Target: 47.4.0
[16Apr2025 19:03:30.147] [Forge Version Check/INFO] [net.minecraftforge.fml.VersionChecker/]: [twilightforest] Starting version check at https://gh.tamaized.com/TeamTwilight/twilightforest/update.json
[16Apr2025 19:03:30.362] [Forge Version Check/DEBUG] [net.minecraftforge.fml.VersionChecker/]: [twilightforest] Received version check data:
{
  "homepage": "https://minecraft.curseforge.com/projects/the-twilight-forest",
  "promos": {
	"1.20.2-latest": "4.4.1977",
	"1.20.2-recommended": "4.4.1977",
	"1.20.1-latest": "4.3.1893",
	"1.20.1-recommended": "4.3.1893",
	"1.19.4-latest": "4.2.1696",
	"1.19.4-recommended": "4.2.1696",
	"1.18.2-latest": "4.1.1494",
	"1.18.2-recommended": "4.1.1494",
	"1.17.1-latest": "4.0.943",
	"1.17.1-recommended": "4.0.943",
	"1.16.5-latest": "4.0.870",
	"1.16.5-recommended": "4.0.870",
	"1.12.2-latest": "3.11.1021",
	"1.12.2-recommended": "3.11.1021",
	"1.7.10-latest": "2.4.3",
	"1.7.10-recommended": "2.4.3"
  }
}
[16Apr2025 19:03:30.362] [Forge Version Check/INFO] [net.minecraftforge.fml.VersionChecker/]: [twilightforest] Found status: AHEAD Current: 4.3.2508 Target: null
[16Apr2025 19:03:30.365] [Forge Version Check/INFO] [net.minecraftforge.fml.VersionChecker/]: [structure_gel] Starting version check at http://changelogs.moddinglegacy.com/structure-gel.json
[16Apr2025 19:03:30.765] [Forge Version Check/DEBUG] [net.minecraftforge.fml.VersionChecker/]: [structure_gel] Received version check data:
{
  "homepage": "https://www.curseforge.com/minecraft/mc-mods/structure-gel-api",
  "promos": {
    "1.19.4-recommended": "2.12.0",
    "1.19.4-latest": "2.12.0",
    "1.19.3-recommended": "2.9.0",
    "1.19.3-latest": "2.9.0",
    "1.19.2-recommended": "2.7.2",
    "1.19.2-latest": "2.7.2",
    "1.19.1-recommended": "2.7.1",
    "1.19.1-latest": "2.7.1",
    "1.18.2-recommended": "2.4.7",
    "1.18.2-latest": "2.4.7",
    "1.17.1-recommended": "2.0.1",
    "1.17.1-latest": "2.0.1",
    "1.16.5-recommended": "1.7.8",
    "1.16.5-latest": "1.7.8",
    "1.16.4-recommended": "1.7.8",
    "1.16.4-latest": "1.7.8",
    "1.15.2-recommended": "1.1.0",
    "1.15.2-latest": "1.1.0",
    "1.14.4-recommended": "1.1.0",
    "1.14.4-latest": "1.1.0"
  },
  "1.19.4": {
    "2.12.0": "Made visual improvements to the Building Tool GUI and fixed some bugs.\n\nhttps://gitlab.com/modding-legacy/structure-gel-api/-/blob/1.19.x/changelogs/1.19.4-v2.12.0.md",
    "2.11.0": "- Added an archaeology data handler mode (requires 1.20 feature flags to use).\n- Added the ability to change a structure\u0027s biomes in the config.\n\nChangelog:\nhttps://gitlab.com/modding-legacy/structure-gel-api/-/blob/1.19.x/changelogs/1.19.4-v2.11.0.md",
    "2.10.0": "Updated to 1.19.4 with many QoL changes\n\nChangelog:\nhttps://gitlab.com/modding-legacy/structure-gel-api/-/blob/1.19.x/changelogs/1.19.4-v2.10.0.md\n"
  },
  "1.19.3": {
    "2.9.0": "This update comes with _many_ changes and additions to the Building Tool, Data Handlers, and Dynamic Spawners. This will be the last feature update to 1.19.3, unless major bugs are discovered.\n\nhttps://gitlab.com/modding-legacy/structure-gel-api/-/blob/1.19.x/changelogs/1.19.3-v2.9.0.md"
  },
  "1.19.2": {
    "2.7.2": "Fixed a lockup that could occur during worldgen"
  }
}
[16Apr2025 19:03:30.765] [Forge Version Check/INFO] [net.minecraftforge.fml.VersionChecker/]: [structure_gel] Found status: BETA Current: 2.16.2 Target: null
[16Apr2025 19:03:32.132] [main/DEBUG] [net.minecraftforge.coremod.transformer.CoreModBaseTransformer/COREMOD]: Transforming <init> with desc (JZZLjava/util/Optional;)V
[16Apr2025 19:03:32.142] [main/DEBUG] [net.minecraftforge.coremod.transformer.CoreModBaseTransformer/COREMOD]: Transforming m_226857_ with desc (Lnet/minecraft/world/level/levelgen/structure/pieces/StructurePieceSerializationContext;Lnet/minecraft/nbt/CompoundTag;J)Lnet/minecraft/world/level/levelgen/structure/StructureStart;
[16Apr2025 19:03:32.165] [main/INFO] [com.mojang.authlib.yggdrasil.YggdrasilAuthenticationService/]: Environment: authHost='https://authserver.mojang.com', accountsHost='https://api.mojang.com', sessionHost='https://sessionserver.mojang.com', servicesHost='https://api.minecraftservices.com', name='PROD'
[16Apr2025 19:03:34.724] [main/DEBUG] [mixin/]: Mixing VanillaPackResourcesAccessor from creativecore.mixins.json into net.minecraft.server.packs.VanillaPackResources
[16Apr2025 19:03:34.726] [main/WARN] [net.minecraft.server.packs.VanillaPackResourcesBuilder/]: Assets URL 'union:/workspaces/SV_MNCFT_1/servidor_minecraft/libraries/net/minecraft/server/1.20.1-20230612.114412/server-1.20.1-20230612.114412-srg.jar%23135!/assets/.mcassetsroot' uses unexpected schema
[16Apr2025 19:03:34.726] [main/WARN] [net.minecraft.server.packs.VanillaPackResourcesBuilder/]: Assets URL 'union:/workspaces/SV_MNCFT_1/servidor_minecraft/libraries/net/minecraft/server/1.20.1-20230612.114412/server-1.20.1-20230612.114412-srg.jar%23135!/data/.mcassetsroot' uses unexpected schema
[16Apr2025 19:03:34.888] [main/DEBUG] [net.minecraftforge.server.ServerLifecycleHooks/CORE]: Generating PackInfo named mod:voicechat for mod file /workspaces/SV_MNCFT_1/servidor_minecraft/mods/voicechat-forge-1.20.1-2.5.26.jar
[16Apr2025 19:03:34.889] [main/DEBUG] [net.minecraftforge.server.ServerLifecycleHooks/CORE]: Generating PackInfo named mod:mutantmonsters for mod file /workspaces/SV_MNCFT_1/servidor_minecraft/mods/MutantMonsters-v8.0.7-1.20.1-Forge.jar
[16Apr2025 19:03:34.889] [main/DEBUG] [net.minecraftforge.server.ServerLifecycleHooks/CORE]: Generating PackInfo named mod:creativecore for mod file /workspaces/SV_MNCFT_1/servidor_minecraft/mods/CreativeCore_FORGE_v2.12.31_mc1.20.1.jar
[16Apr2025 19:03:34.889] [main/DEBUG] [net.minecraftforge.server.ServerLifecycleHooks/CORE]: Generating PackInfo named mod:jei for mod file /workspaces/SV_MNCFT_1/servidor_minecraft/mods/jei-1.20.1-forge-15.20.0.106.jar
[16Apr2025 19:03:34.890] [main/DEBUG] [net.minecraftforge.server.ServerLifecycleHooks/CORE]: Generating PackInfo named mod:dungeons_enhanced for mod file /workspaces/SV_MNCFT_1/servidor_minecraft/mods/dungeons_enhanced-1.20.1-5.3.0.jar
[16Apr2025 19:03:34.890] [main/DEBUG] [net.minecraftforge.server.ServerLifecycleHooks/CORE]: Generating PackInfo named mod:wthit for mod file /workspaces/SV_MNCFT_1/servidor_minecraft/mods/wthit-forge-8.16.1.jar
[16Apr2025 19:03:34.890] [main/DEBUG] [net.minecraftforge.server.ServerLifecycleHooks/CORE]: Generating PackInfo named mod:simplybackpacks for mod file /workspaces/SV_MNCFT_1/servidor_minecraft/mods/simplybackpacks-1.20.1-2.1.5-build.51.jar
[16Apr2025 19:03:34.891] [main/DEBUG] [net.minecraftforge.server.ServerLifecycleHooks/CORE]: Generating PackInfo named mod:reap for mod file /workspaces/SV_MNCFT_1/servidor_minecraft/mods/reap-1.20.1-1.0.2.jar
[16Apr2025 19:03:34.891] [main/DEBUG] [net.minecraftforge.server.ServerLifecycleHooks/CORE]: Generating PackInfo named mod:journeymap for mod file /workspaces/SV_MNCFT_1/servidor_minecraft/mods/journeymap-1.20.1-5.10.3-forge.jar
[16Apr2025 19:03:34.891] [main/DEBUG] [net.minecraftforge.server.ServerLifecycleHooks/CORE]: Generating PackInfo named mod:badpackets for mod file /workspaces/SV_MNCFT_1/servidor_minecraft/mods/badpackets-forge-0.4.3.jar
[16Apr2025 19:03:34.891] [main/DEBUG] [net.minecraftforge.server.ServerLifecycleHooks/CORE]: Generating PackInfo named mod:mixinextras for mod file 
[16Apr2025 19:03:34.891] [main/DEBUG] [net.minecraftforge.server.ServerLifecycleHooks/CORE]: Generating PackInfo named mod:tombstone for mod file /workspaces/SV_MNCFT_1/servidor_minecraft/mods/tombstone-1.20.1-8.9.2.jar
[16Apr2025 19:03:34.892] [main/DEBUG] [net.minecraftforge.server.ServerLifecycleHooks/CORE]: Generating PackInfo named mod:tlc for mod file /workspaces/SV_MNCFT_1/servidor_minecraft/mods/tlc_forge-1.0.3-R-1.20.X.jar
[16Apr2025 19:03:34.892] [main/DEBUG] [net.minecraftforge.server.ServerLifecycleHooks/CORE]: Generating PackInfo named mod:puzzleslib for mod file /workspaces/SV_MNCFT_1/servidor_minecraft/mods/PuzzlesLib-v8.1.29-1.20.1-Forge.jar
[16Apr2025 19:03:34.892] [main/DEBUG] [net.minecraftforge.server.ServerLifecycleHooks/CORE]: Generating PackInfo named mod:puzzlesaccessapi for mod file 
[16Apr2025 19:03:34.892] [main/DEBUG] [net.minecraftforge.server.ServerLifecycleHooks/CORE]: Generating PackInfo named mod:forge for mod file /workspaces/SV_MNCFT_1/servidor_minecraft/libraries/net/minecraftforge/forge/1.20.1-47.3.7/forge-1.20.1-47.3.7-universal.jar
[16Apr2025 19:03:34.892] [main/DEBUG] [net.minecraftforge.server.ServerLifecycleHooks/CORE]: Generating PackInfo named mod:t_and_t for mod file /workspaces/SV_MNCFT_1/servidor_minecraft/mods/Towns-and-Towers-1.12-Fabric+Forge.jar
[16Apr2025 19:03:34.893] [main/DEBUG] [net.minecraftforge.server.ServerLifecycleHooks/CORE]: Generating PackInfo named mod:twilightforest for mod file /workspaces/SV_MNCFT_1/servidor_minecraft/mods/twilightforest-1.20.1-4.3.2508-universal.jar
[16Apr2025 19:03:34.893] [main/DEBUG] [net.minecraftforge.server.ServerLifecycleHooks/CORE]: Generating PackInfo named mod:playerrevive for mod file /workspaces/SV_MNCFT_1/servidor_minecraft/mods/PlayerRevive_FORGE_v2.0.31_mc1.20.1.jar
[16Apr2025 19:03:34.893] [main/DEBUG] [net.minecraftforge.server.ServerLifecycleHooks/CORE]: Generating PackInfo named mod:structure_gel for mod file /workspaces/SV_MNCFT_1/servidor_minecraft/mods/structure_gel-1.20.1-2.16.2.jar
[16Apr2025 19:03:34.893] [main/DEBUG] [net.minecraftforge.server.ServerLifecycleHooks/CORE]: Generating PackInfo named mod:infernalmobs for mod file /workspaces/SV_MNCFT_1/servidor_minecraft/mods/infernalmobs-1.20.1.6.jar
[16Apr2025 19:03:34.894] [main/DEBUG] [net.minecraftforge.server.ServerLifecycleHooks/CORE]: Generating PackInfo named mod:cristellib for mod file /workspaces/SV_MNCFT_1/servidor_minecraft/mods/cristellib-1.1.6-forge.jar
[16Apr2025 19:03:36.032] [main/DEBUG] [mixin/]: Mixing LootDataManagerForgeMixin from puzzleslib.forge.mixins.json into net.minecraft.world.level.storage.loot.LootDataManager
[16Apr2025 19:03:36.360] [main/DEBUG] [mixin/]: Mixing TemplateMixins$PlaceCommandMixin from structure_gel.mixins.json into net.minecraft.server.commands.PlaceCommand
[16Apr2025 19:03:36.394] [main/DEBUG] [net.minecraftforge.coremod.transformer.CoreModBaseTransformer/COREMOD]: Transforming net/minecraft/server/commands/SummonCommand
[16Apr2025 19:03:37.188] [Worker-Main-2/DEBUG] [net.minecraftforge.coremod.transformer.CoreModBaseTransformer/COREMOD]: Transforming net/minecraft/world/entity/raid/Raid
[16Apr2025 19:03:37.594] [main/INFO] [net.minecraft.world.item.crafting.RecipeManager/]: Skipping loading recipe twilightforest:jeed/poison as it's serializer returned null
[16Apr2025 19:03:37.628] [main/INFO] [net.minecraft.world.item.crafting.RecipeManager/]: Skipping loading recipe twilightforest:jeed/frosted as it's serializer returned null
[16Apr2025 19:03:37.632] [main/INFO] [net.minecraft.world.item.crafting.RecipeManager/]: Skipping loading recipe twilightforest:jeed/blindness as it's serializer returned null
[16Apr2025 19:03:37.633] [main/INFO] [net.minecraft.world.item.crafting.RecipeManager/]: Skipping loading recipe twilightforest:jeed/hunger as it's serializer returned null
[16Apr2025 19:03:37.635] [main/INFO] [net.minecraft.world.item.crafting.RecipeManager/]: Skipping loading recipe twilightforest:jeed/regeneration as it's serializer returned null
[16Apr2025 19:03:37.636] [main/INFO] [net.minecraft.world.item.crafting.RecipeManager/]: Skipping loading recipe twilightforest:jeed/slowness as it's serializer returned null
[16Apr2025 19:03:37.641] [main/INFO] [net.minecraft.world.item.crafting.RecipeManager/]: Skipping loading recipe twilightforest:jeed/fire_resistance as it's serializer returned null
[16Apr2025 19:03:37.642] [main/INFO] [net.minecraft.world.item.crafting.RecipeManager/]: Skipping loading recipe twilightforest:jeed/resistance as it's serializer returned null
[16Apr2025 19:03:37.645] [main/INFO] [net.minecraft.world.item.crafting.RecipeManager/]: Loaded 10 recipes
[16Apr2025 19:03:37.773] [main/INFO] [net.minecraft.advancements.AdvancementList/]: Loaded 1773 advancements
[16Apr2025 19:03:37.779] [main/INFO] [twilightforest/]: Loaded 9 Stalactite configs!
[16Apr2025 19:03:40.152] [main/DEBUG] [net.minecraftforge.common.ForgeHooks/WP]: Gathering id map for writing to world save world
[16Apr2025 19:03:40.169] [main/DEBUG] [net.minecraftforge.common.ForgeHooks/WP]: ID Map collection complete world
[16Apr2025 19:03:40.218] [Server thread/INFO] [net.minecraft.server.dedicated.DedicatedServer/]: Starting minecraft server version 1.20.1
[16Apr2025 19:03:40.218] [Server thread/INFO] [net.minecraft.server.dedicated.DedicatedServer/]: Loading properties
[16Apr2025 19:03:40.218] [Server thread/INFO] [net.minecraft.server.dedicated.DedicatedServer/]: Default game type: SURVIVAL
[16Apr2025 19:03:40.219] [Server thread/INFO] [net.minecraft.server.MinecraftServer/]: Generating keypair
[16Apr2025 19:03:40.325] [Server thread/INFO] [net.minecraft.server.dedicated.DedicatedServer/]: Starting Minecraft server on *:25565
[16Apr2025 19:03:40.334] [Server thread/DEBUG] [net.minecraftforge.network.DualStackUtils/]: Detected IPv6 address: "0:0:0:0:0:0:0:0"
[16Apr2025 19:03:40.343] [Server thread/DEBUG] [io.netty.util.internal.NativeLibraryLoader/]: -Dio.netty.native.workdir: /tmp (io.netty.tmpdir)
[16Apr2025 19:03:40.343] [Server thread/DEBUG] [io.netty.util.internal.NativeLibraryLoader/]: -Dio.netty.native.deleteLibAfterLoading: true
[16Apr2025 19:03:40.343] [Server thread/DEBUG] [io.netty.util.internal.NativeLibraryLoader/]: -Dio.netty.native.tryPatchShadedId: true
[16Apr2025 19:03:40.343] [Server thread/DEBUG] [io.netty.util.internal.NativeLibraryLoader/]: -Dio.netty.native.detectNativeLibraryDuplicates: true
[16Apr2025 19:03:40.352] [Server thread/DEBUG] [io.netty.util.internal.NativeLibraryLoader/]: Successfully loaded the library /tmp/libnetty_transport_native_epoll_x86_6413867801255433025389.so
[16Apr2025 19:03:40.356] [Server thread/DEBUG] [io.netty.util.NetUtil/]: -Djava.net.preferIPv4Stack: false
[16Apr2025 19:03:40.356] [Server thread/DEBUG] [io.netty.util.NetUtil/]: -Djava.net.preferIPv6Addresses: true
[16Apr2025 19:03:40.358] [Server thread/DEBUG] [io.netty.util.NetUtilInitializations/]: Loopback interface: lo (lo, 0:0:0:0:0:0:0:1%lo)
[16Apr2025 19:03:40.359] [Server thread/DEBUG] [io.netty.util.NetUtil/]: /proc/sys/net/core/somaxconn: 4096
[16Apr2025 19:03:40.364] [Server thread/INFO] [net.minecraft.server.network.ServerConnectionListener/]: Using epoll channel type
[16Apr2025 19:03:40.378] [Server thread/DEBUG] [mixin/]: Mixing MixinConnection from badpackets.mixins.json into net.minecraft.network.Connection
[16Apr2025 19:03:40.380] [Server thread/DEBUG] [mixin/]: badpackets.mixins.json:MixinConnection: Class version 61 required is higher than the class version supported by the current version of Mixin (JAVA_16 supports class version 60)
[16Apr2025 19:03:40.390] [Server thread/DEBUG] [io.netty.channel.MultithreadEventLoopGroup/]: -Dio.netty.eventLoopThreads: 8
[16Apr2025 19:03:40.416] [Server thread/DEBUG] [io.netty.util.internal.PlatformDependent/]: org.jctools-core.MpscChunkedArrayQueue: available
[16Apr2025 19:03:40.425] [Server thread/DEBUG] [io.netty.channel.DefaultChannelId/]: -Dio.netty.processId: 3272 (auto-detected)
[16Apr2025 19:03:40.426] [Server thread/DEBUG] [io.netty.channel.DefaultChannelId/]: -Dio.netty.machineId: 60:45:bd:ff:fe:b0:c1:00 (auto-detected)
[16Apr2025 19:03:40.456] [Server thread/DEBUG] [io.netty.buffer.PooledByteBufAllocator/]: -Dio.netty.allocator.numHeapArenas: 8
[16Apr2025 19:03:40.456] [Server thread/DEBUG] [io.netty.buffer.PooledByteBufAllocator/]: -Dio.netty.allocator.numDirectArenas: 8
[16Apr2025 19:03:40.456] [Server thread/DEBUG] [io.netty.buffer.PooledByteBufAllocator/]: -Dio.netty.allocator.pageSize: 8192
[16Apr2025 19:03:40.456] [Server thread/DEBUG] [io.netty.buffer.PooledByteBufAllocator/]: -Dio.netty.allocator.maxOrder: 9
[16Apr2025 19:03:40.456] [Server thread/DEBUG] [io.netty.buffer.PooledByteBufAllocator/]: -Dio.netty.allocator.chunkSize: 4194304
[16Apr2025 19:03:40.457] [Server thread/DEBUG] [io.netty.buffer.PooledByteBufAllocator/]: -Dio.netty.allocator.smallCacheSize: 256
[16Apr2025 19:03:40.457] [Server thread/DEBUG] [io.netty.buffer.PooledByteBufAllocator/]: -Dio.netty.allocator.normalCacheSize: 64
[16Apr2025 19:03:40.457] [Server thread/DEBUG] [io.netty.buffer.PooledByteBufAllocator/]: -Dio.netty.allocator.maxCachedBufferCapacity: 32768
[16Apr2025 19:03:40.457] [Server thread/DEBUG] [io.netty.buffer.PooledByteBufAllocator/]: -Dio.netty.allocator.cacheTrimInterval: 8192
[16Apr2025 19:03:40.457] [Server thread/DEBUG] [io.netty.buffer.PooledByteBufAllocator/]: -Dio.netty.allocator.cacheTrimIntervalMillis: 0
[16Apr2025 19:03:40.457] [Server thread/DEBUG] [io.netty.buffer.PooledByteBufAllocator/]: -Dio.netty.allocator.useCacheForAllThreads: false
[16Apr2025 19:03:40.457] [Server thread/DEBUG] [io.netty.buffer.PooledByteBufAllocator/]: -Dio.netty.allocator.maxCachedByteBuffersPerChunk: 1023
[16Apr2025 19:03:40.466] [Server thread/DEBUG] [io.netty.buffer.ByteBufUtil/]: -Dio.netty.allocator.type: pooled
[16Apr2025 19:03:40.466] [Server thread/DEBUG] [io.netty.buffer.ByteBufUtil/]: -Dio.netty.threadLocalDirectBufferSize: 0
[16Apr2025 19:03:40.466] [Server thread/DEBUG] [io.netty.buffer.ByteBufUtil/]: -Dio.netty.maxThreadLocalCharBufferSize: 16384
[16Apr2025 19:03:40.473] [Server thread/WARN] [net.minecraft.server.dedicated.DedicatedServer/]: **** SERVER IS RUNNING IN OFFLINE/INSECURE MODE!
[16Apr2025 19:03:40.474] [Server thread/WARN] [net.minecraft.server.dedicated.DedicatedServer/]: The server will make no attempt to authenticate usernames. Beware.
[16Apr2025 19:03:40.474] [Server thread/WARN] [net.minecraft.server.dedicated.DedicatedServer/]: While this makes the game possible to play without internet access, it also opens up the ability for hackers to connect with any username they choose.
[16Apr2025 19:03:40.474] [Server thread/WARN] [net.minecraft.server.dedicated.DedicatedServer/]: To change this, set "online-mode" to "true" in the server.properties file.
[16Apr2025 19:03:40.489] [Server thread/DEBUG] [net.minecraftforge.fml.config.ConfigTracker/CONFIG]: Loading configs type SERVER
[16Apr2025 19:03:40.489] [Server thread/DEBUG] [net.minecraftforge.fml.config.ConfigFileTypeHandler/CONFIG]: Built TOML config for ./world/serverconfig/jei-server.toml
[16Apr2025 19:03:40.490] [Server thread/DEBUG] [net.minecraftforge.fml.config.ConfigFileTypeHandler/CONFIG]: Loaded TOML config file ./world/serverconfig/jei-server.toml
[16Apr2025 19:03:40.490] [Server thread/DEBUG] [net.minecraftforge.fml.config.ConfigFileTypeHandler/CONFIG]: Watching TOML config file ./world/serverconfig/jei-server.toml for changes
[16Apr2025 19:03:40.491] [Server thread/DEBUG] [fuzs.puzzleslib.impl.config.core.ForgeConfigFileTypeHandler/CONFIG]: Built TOML config for /workspaces/SV_MNCFT_1/servidor_minecraft/config/mutantmonsters-server.toml
[16Apr2025 19:03:40.491] [Server thread/DEBUG] [fuzs.puzzleslib.impl.config.core.ForgeConfigFileTypeHandler/CONFIG]: Loaded TOML config file /workspaces/SV_MNCFT_1/servidor_minecraft/config/mutantmonsters-server.toml
[16Apr2025 19:03:40.493] [Server thread/DEBUG] [fuzs.puzzleslib.impl.config.core.ForgeConfigFileTypeHandler/CONFIG]: Watching TOML config file /workspaces/SV_MNCFT_1/servidor_minecraft/config/mutantmonsters-server.toml for changes
[16Apr2025 19:03:40.502] [Server thread/INFO] [Puzzles Lib/]: Loading server config for mutantmonsters
[16Apr2025 19:03:40.503] [Thread-0/DEBUG] [fuzs.puzzleslib.impl.config.core.ForgeConfigFileTypeHandler/CONFIG]: Config file mutantmonsters-server.toml changed, sending notifies
[16Apr2025 19:03:40.503] [Server thread/DEBUG] [net.minecraftforge.fml.config.ConfigFileTypeHandler/CONFIG]: Built TOML config for ./world/serverconfig/reap-server.toml
[16Apr2025 19:03:40.504] [Server thread/DEBUG] [net.minecraftforge.fml.config.ConfigFileTypeHandler/CONFIG]: Loaded TOML config file ./world/serverconfig/reap-server.toml
[16Apr2025 19:03:40.504] [Server thread/DEBUG] [net.minecraftforge.fml.config.ConfigFileTypeHandler/CONFIG]: Watching TOML config file ./world/serverconfig/reap-server.toml for changes
[16Apr2025 19:03:40.504] [Thread-0/INFO] [Puzzles Lib/]: Reloading server config for mutantmonsters
[16Apr2025 19:03:40.505] [Thread-0/DEBUG] [fuzs.puzzleslib.impl.config.core.ForgeConfigFileTypeHandler/CONFIG]: Config file mutantmonsters-server.toml changed, sending notifies
[16Apr2025 19:03:40.505] [Thread-0/INFO] [Puzzles Lib/]: Reloading server config for mutantmonsters
[16Apr2025 19:03:40.506] [Thread-0/DEBUG] [net.minecraftforge.fml.config.ConfigFileTypeHandler/CONFIG]: Config file reap-server.toml changed, sending notifies
[16Apr2025 19:03:40.507] [Server thread/DEBUG] [net.minecraftforge.fml.config.ConfigFileTypeHandler/CONFIG]: Built TOML config for ./world/serverconfig/journeymap-server.toml
[16Apr2025 19:03:40.507] [Server thread/DEBUG] [net.minecraftforge.fml.config.ConfigFileTypeHandler/CONFIG]: Loaded TOML config file ./world/serverconfig/journeymap-server.toml
[16Apr2025 19:03:40.507] [Server thread/DEBUG] [net.minecraftforge.fml.config.ConfigFileTypeHandler/CONFIG]: Watching TOML config file ./world/serverconfig/journeymap-server.toml for changes
[16Apr2025 19:03:40.507] [Thread-0/DEBUG] [net.minecraftforge.fml.config.ConfigFileTypeHandler/CONFIG]: Config file reap-server.toml changed, sending notifies
[16Apr2025 19:03:40.508] [Server thread/INFO] [journeymap/]: Loading JourneyMap Forge Configs
[16Apr2025 19:03:40.509] [Thread-0/DEBUG] [net.minecraftforge.fml.config.ConfigFileTypeHandler/CONFIG]: Config file journeymap-server.toml changed, sending notifies
[16Apr2025 19:03:40.509] [Thread-0/INFO] [journeymap/]: Loading JourneyMap Forge Configs
[16Apr2025 19:03:40.510] [Server thread/DEBUG] [net.minecraftforge.fml.config.ConfigFileTypeHandler/CONFIG]: Built TOML config for /workspaces/SV_MNCFT_1/servidor_minecraft/config/tombstone-server.toml
[16Apr2025 19:03:40.510] [Thread-0/DEBUG] [net.minecraftforge.fml.config.ConfigFileTypeHandler/CONFIG]: Config file journeymap-server.toml changed, sending notifies
[16Apr2025 19:03:40.512] [Server thread/DEBUG] [net.minecraftforge.fml.config.ConfigFileTypeHandler/CONFIG]: Loaded TOML config file /workspaces/SV_MNCFT_1/servidor_minecraft/config/tombstone-server.toml
[16Apr2025 19:03:40.511] [Thread-0/INFO] [journeymap/]: Loading JourneyMap Forge Configs
[16Apr2025 19:03:40.512] [Server thread/DEBUG] [net.minecraftforge.fml.config.ConfigFileTypeHandler/CONFIG]: Watching TOML config file /workspaces/SV_MNCFT_1/servidor_minecraft/config/tombstone-server.toml for changes
[16Apr2025 19:03:40.513] [Thread-0/DEBUG] [net.minecraftforge.fml.config.ConfigFileTypeHandler/CONFIG]: Config file tombstone-server.toml changed, sending notifies
[16Apr2025 19:03:40.517] [Thread-0/DEBUG] [net.minecraftforge.fml.config.ConfigFileTypeHandler/CONFIG]: Config file tombstone-server.toml changed, sending notifies
[16Apr2025 19:03:40.515] [Server thread/DEBUG] [net.minecraftforge.fml.config.ConfigFileTypeHandler/CONFIG]: Built TOML config for ./world/serverconfig/forge-server.toml
[16Apr2025 19:03:40.519] [Server thread/DEBUG] [net.minecraftforge.fml.config.ConfigFileTypeHandler/CONFIG]: Loaded TOML config file ./world/serverconfig/forge-server.toml
[16Apr2025 19:03:40.519] [Server thread/DEBUG] [net.minecraftforge.fml.config.ConfigFileTypeHandler/CONFIG]: Watching TOML config file ./world/serverconfig/forge-server.toml for changes
[16Apr2025 19:03:40.520] [Server thread/DEBUG] [net.minecraftforge.common.ForgeConfig/FORGEMOD]: Loaded forge config file forge-server.toml
[16Apr2025 19:03:40.523] [Server thread/DEBUG] [mixin/]: Mixing accessor.BiomeSpecialEffectsBuilderForgeAccessor from puzzleslib.forge.mixins.json into net.minecraft.world.level.biome.BiomeSpecialEffects$Builder
[16Apr2025 19:03:40.575] [Server thread/INFO] [net.minecraft.server.dedicated.DedicatedServer/]: Preparing level "world"
[16Apr2025 19:03:40.582] [Server thread/DEBUG] [net.minecraftforge.coremod.transformer.CoreModBaseTransformer/COREMOD]: Transforming net/minecraft/world/level/levelgen/PhantomSpawner
[16Apr2025 19:03:40.592] [Server thread/DEBUG] [net.minecraftforge.coremod.transformer.CoreModBaseTransformer/COREMOD]: Transforming net/minecraft/world/level/levelgen/PatrolSpawner
[16Apr2025 19:03:40.600] [Server thread/DEBUG] [net.minecraftforge.coremod.transformer.CoreModBaseTransformer/COREMOD]: Transforming net/minecraft/world/entity/npc/CatSpawner
[16Apr2025 19:03:40.605] [Server thread/DEBUG] [net.minecraftforge.coremod.transformer.CoreModBaseTransformer/COREMOD]: Transforming net/minecraft/world/entity/ai/village/VillageSiege
[16Apr2025 19:03:40.661] [Server thread/DEBUG] [mixin/]: Mixing DimensionDataStorageAccessor from structure_gel.mixins.json into net.minecraft.world.level.storage.DimensionDataStorage
[16Apr2025 19:03:40.991] [Server thread/DEBUG] [mixin/]: Mixing CombatTrackerAccessor from playerrevive.mixins.json into net.minecraft.world.damagesource.CombatTracker
[16Apr2025 19:03:44.740] [Server thread/INFO] [net.minecraft.server.MinecraftServer/]: Preparing start region for dimension minecraft:overworld
[16Apr2025 19:03:46.951] [Server thread/DEBUG] [mixin/]: Mixing TemplateMixins$StructurePlaceSettingsMixin from structure_gel.mixins.json into net.minecraft.world.level.levelgen.structure.templatesystem.StructurePlaceSettings
[16Apr2025 19:03:46.963] [Server thread/DEBUG] [net.minecraftforge.coremod.transformer.CoreModBaseTransformer/COREMOD]: Transforming net/minecraft/world/level/levelgen/structure/templatesystem/StructureTemplate
[16Apr2025 19:03:47.021] [Server thread/DEBUG] [mixin/]: Mixing TemplateMixins$StructureTemplateMixin from structure_gel.mixins.json into net.minecraft.world.level.levelgen.structure.templatesystem.StructureTemplate
[16Apr2025 19:03:47.022] [Server thread/DEBUG] [mixin/]: Renaming synthetic method lambda$addGelProcessor_processBlockInfos$0(Lnet/minecraft/world/level/levelgen/structure/templatesystem/StructureTemplate$StructureBlockInfo;)Z to mdcbbc4c$lambda$addGelProcessor_processBlockInfos$0$0 in structure_gel.mixins.json:TemplateMixins$StructureTemplateMixin
[16Apr2025 19:03:47.026] [Server thread/DEBUG] [mixin/]: Mixing StructureTemplateAccessor from structure_gel.mixins.json into net.minecraft.world.level.levelgen.structure.templatesystem.StructureTemplate
[16Apr2025 19:03:51.065] [Worker-Main-3/INFO] [net.minecraft.server.level.progress.LoggerChunkProgressListener/]: Preparing spawn area: 0%
[16Apr2025 19:03:51.066] [Worker-Main-2/INFO] [net.minecraft.server.level.progress.LoggerChunkProgressListener/]: Preparing spawn area: 0%
[16Apr2025 19:03:51.067] [Worker-Main-1/INFO] [net.minecraft.server.level.progress.LoggerChunkProgressListener/]: Preparing spawn area: 0%
[16Apr2025 19:03:51.067] [Worker-Main-1/INFO] [net.minecraft.server.level.progress.LoggerChunkProgressListener/]: Preparing spawn area: 0%
[16Apr2025 19:03:51.068] [Worker-Main-1/INFO] [net.minecraft.server.level.progress.LoggerChunkProgressListener/]: Preparing spawn area: 0%
[16Apr2025 19:03:51.069] [Worker-Main-2/INFO] [net.minecraft.server.level.progress.LoggerChunkProgressListener/]: Preparing spawn area: 0%
[16Apr2025 19:03:51.071] [Worker-Main-1/INFO] [net.minecraft.server.level.progress.LoggerChunkProgressListener/]: Preparing spawn area: 0%
[16Apr2025 19:03:51.072] [Worker-Main-1/INFO] [net.minecraft.server.level.progress.LoggerChunkProgressListener/]: Preparing spawn area: 0%
[16Apr2025 19:03:51.073] [Worker-Main-3/INFO] [net.minecraft.server.level.progress.LoggerChunkProgressListener/]: Preparing spawn area: 0%
[16Apr2025 19:03:51.073] [Worker-Main-2/INFO] [net.minecraft.server.level.progress.LoggerChunkProgressListener/]: Preparing spawn area: 0%
[16Apr2025 19:03:51.074] [Worker-Main-1/INFO] [net.minecraft.server.level.progress.LoggerChunkProgressListener/]: Preparing spawn area: 0%
[16Apr2025 19:03:51.075] [Worker-Main-2/INFO] [net.minecraft.server.level.progress.LoggerChunkProgressListener/]: Preparing spawn area: 0%
[16Apr2025 19:03:51.076] [Worker-Main-1/INFO] [net.minecraft.server.level.progress.LoggerChunkProgressListener/]: Preparing spawn area: 0%
[16Apr2025 19:03:51.241] [Worker-Main-1/INFO] [net.minecraft.server.level.progress.LoggerChunkProgressListener/]: Preparing spawn area: 0%
[16Apr2025 19:03:51.586] [Server thread/DEBUG] [io.netty.buffer.AbstractByteBuf/]: -Dio.netty.buffer.checkAccessible: true
[16Apr2025 19:03:51.586] [Server thread/DEBUG] [io.netty.buffer.AbstractByteBuf/]: -Dio.netty.buffer.checkBounds: true
[16Apr2025 19:03:51.587] [Server thread/DEBUG] [io.netty.util.ResourceLeakDetectorFactory/]: Loaded default ResourceLeakDetector: io.netty.util.ResourceLeakDetector@115e8e33
[16Apr2025 19:03:51.688] [Server thread/DEBUG] [mixin/]: Mixing BeehiveBlockEntity$BeeDataAccess from wthit.mixins.json into net.minecraft.world.level.block.entity.BeehiveBlockEntity$BeeData
[16Apr2025 19:03:51.688] [Server thread/DEBUG] [mixin/]: wthit.mixins.json:BeehiveBlockEntity$BeeDataAccess: Class version 61 required is higher than the class version supported by the current version of Mixin (JAVA_16 supports class version 60)
[16Apr2025 19:03:51.741] [Worker-Main-2/INFO] [net.minecraft.server.level.progress.LoggerChunkProgressListener/]: Preparing spawn area: 34%
[16Apr2025 19:03:52.241] [Worker-Main-2/INFO] [net.minecraft.server.level.progress.LoggerChunkProgressListener/]: Preparing spawn area: 89%
[16Apr2025 19:03:52.316] [Server thread/INFO] [net.minecraft.server.level.progress.LoggerChunkProgressListener/]: Time elapsed: 7576 ms
[16Apr2025 19:03:52.318] [Server thread/INFO] [net.minecraft.server.dedicated.DedicatedServer/]: Done (11.829s)! For help, type "help"
[16Apr2025 19:03:52.332] [Server thread/DEBUG] [net.minecraftforge.network.DualStackUtils/]: Detected IPv6 address: "0:0:0:0:0:0:0:0"
[16Apr2025 19:03:52.361] [Server thread/DEBUG] [net.minecraftforge.common.ForgeI18n/CORE]: Loading I18N data entries: 4937
[16Apr2025 19:03:52.368] [Server thread/INFO] [net.minecraftforge.server.permission.PermissionAPI/]: Successfully initialized permission handler forge:default_handler
[16Apr2025 19:03:52.376] [Server thread/INFO] [mcp.mobius.waila.config.PluginConfig/]: [WTHIT] Plugin config reloaded
[16Apr2025 19:03:52.440] [Server thread/INFO] [atomicstryker.infernalmobs.common.InfernalMobsCore/]: item config parser finished, item count: 14
[16Apr2025 19:03:52.441] [Server thread/INFO] [atomicstryker.infernalmobs.common.InfernalMobsCore/]: item config parser finished, item count: 17
[16Apr2025 19:03:52.442] [Server thread/INFO] [atomicstryker.infernalmobs.common.InfernalMobsCore/]: item config parser finished, item count: 16
[16Apr2025 19:03:52.444] [Server thread/INFO] [atomicstryker.infernalmobs.common.InfernalMobsCore/]: InfernalMobsCore commonSetup completed! Modifiers ready: 28
[16Apr2025 19:03:52.444] [Server thread/INFO] [atomicstryker.infernalmobs.common.InfernalMobsCore/]: InfernalMobsCore commonSetup completed! config file at: /workspaces/SV_MNCFT_1/servidor_minecraft/./config/infernalmobs.cfg
[16Apr2025 19:03:52.447] [Server thread/WARN] [voicechat/]: [voicechat] Running in offline mode - Voice chat encryption is not secure!
[16Apr2025 19:03:52.455] [Server thread/DEBUG] [voicechat/]: [voicechat] Using default voicechat socket implementation
[16Apr2025 19:03:52.462] [VoiceChatServerThread/INFO] [voicechat/]: [voicechat] Voice host is 'core-cocktail.gl.at.ply.gg:1863'
[16Apr2025 19:03:52.463] [VoiceChatServerThread/INFO] [voicechat/]: [voicechat] Voice chat server started at port 24454
[16Apr2025 19:03:52.518] [Server thread/DEBUG] [net.minecraftforge.coremod.transformer.CoreModBaseTransformer/COREMOD]: Transforming net/minecraft/world/level/NaturalSpawner
[16Apr2025 19:03:52.564] [Server thread/DEBUG] [net.minecraftforge.coremod.transformer.CoreModBaseTransformer/COREMOD]: Transforming m_8543_ with desc ()V
[16Apr2025 19:03:52.578] [Server thread/DEBUG] [atomicstryker.infernalmobs.common.InfernalMobsCore/]: entity Drowned['Drowned'/389, l='ServerLevel[world]', x=40.60, y=5.00, z=445.01] was spawned in unmodified before, not modifying it
[16Apr2025 19:03:52.604] [Server thread/DEBUG] [tombstone/]: Updating LootTables
[16Apr2025 19:06:37.809] [Netty Epoll Server IO #1/DEBUG] [io.netty.util.Recycler/]: -Dio.netty.recycler.maxCapacityPerThread: 4096
[16Apr2025 19:06:37.810] [Netty Epoll Server IO #1/DEBUG] [io.netty.util.Recycler/]: -Dio.netty.recycler.ratio: 8
[16Apr2025 19:06:37.810] [Netty Epoll Server IO #1/DEBUG] [io.netty.util.Recycler/]: -Dio.netty.recycler.chunkSize: 32
[16Apr2025 19:06:37.810] [Netty Epoll Server IO #1/DEBUG] [io.netty.util.Recycler/]: -Dio.netty.recycler.blocking: false
[16Apr2025 19:06:40.297] [Netty Epoll Server IO #2/DEBUG] [net.minecraftforge.network.HandshakeHandler/FMLHANDSHAKE]: Starting new modded impl connection. Found 31 messages to dispatch.
[16Apr2025 19:06:40.313] [Server thread/DEBUG] [net.minecraftforge.network.HandshakeHandler/FMLHANDSHAKE]: Sending ticking packet info 'net.minecraftforge.network.HandshakeMessages$S2CModData' to 'fml:handshake' sequence 0
[16Apr2025 19:06:40.362] [Server thread/DEBUG] [net.minecraftforge.network.HandshakeHandler/FMLHANDSHAKE]: Sending ticking packet info 'net.minecraftforge.network.HandshakeMessages$S2CModList' to 'fml:handshake' sequence 1
[16Apr2025 19:06:40.412] [Server thread/DEBUG] [net.minecraftforge.network.HandshakeHandler/FMLHANDSHAKE]: Sending ticking packet info 'Registry minecraft:command_argument_type' to 'fml:handshake' sequence 2
[16Apr2025 19:06:40.462] [Server thread/DEBUG] [net.minecraftforge.network.HandshakeHandler/FMLHANDSHAKE]: Sending ticking packet info 'Registry minecraft:recipe_serializer' to 'fml:handshake' sequence 3
[16Apr2025 19:06:40.512] [Server thread/DEBUG] [net.minecraftforge.network.HandshakeHandler/FMLHANDSHAKE]: Sending ticking packet info 'Registry minecraft:sound_event' to 'fml:handshake' sequence 4
[16Apr2025 19:06:40.562] [Server thread/DEBUG] [net.minecraftforge.network.HandshakeHandler/FMLHANDSHAKE]: Sending ticking packet info 'Registry minecraft:particle_type' to 'fml:handshake' sequence 5
[16Apr2025 19:06:40.563] [Netty Epoll Server IO #2/DEBUG] [net.minecraftforge.network.LoginWrapper/FMLHANDSHAKE]: Recieved login wrapper packet event for channel fml:handshake with index 1
[16Apr2025 19:06:40.566] [Netty Epoll Server IO #2/DEBUG] [net.minecraftforge.network.HandshakeHandler/FMLHANDSHAKE]: Received client indexed reply 1 of type net.minecraftforge.network.HandshakeMessages$C2SModListReply
[16Apr2025 19:06:40.566] [Netty Epoll Server IO #2/DEBUG] [net.minecraftforge.network.HandshakeHandler/FMLHANDSHAKE]: Received client connection with modlist [minecraft, voicechat, mutantmonsters, creativecore, jei, dungeons_enhanced, wthit, waila, simplybackpacks, reap, journeymap, badpackets, mixinextras, tombstone, tlc, puzzleslib, puzzlesaccessapi, forge, t_and_t, twilightforest, playerrevive, structure_gel, infernalmobs, cristellib]
[16Apr2025 19:06:40.567] [Netty Epoll Server IO #2/DEBUG] [net.minecraftforge.network.NetworkRegistry/NETREGISTRY]: Channel 'voicechat:secret' : Version test of 'ALLOWVANILLA 💓💓💓' from client : ACCEPTED
[16Apr2025 19:06:40.567] [Netty Epoll Server IO #2/DEBUG] [net.minecraftforge.network.NetworkRegistry/NETREGISTRY]: Channel 'voicechat:leave_group' : Version test of 'ALLOWVANILLA 💓💓💓' from client : ACCEPTED
[16Apr2025 19:06:40.567] [Netty Epoll Server IO #2/DEBUG] [net.minecraftforge.network.NetworkRegistry/NETREGISTRY]: Channel 'structure_gel:main' : Version test of '7' from client : ACCEPTED
[16Apr2025 19:06:40.567] [Netty Epoll Server IO #2/DEBUG] [net.minecraftforge.network.NetworkRegistry/NETREGISTRY]: Channel 'voicechat:create_group' : Version test of 'ALLOWVANILLA 💓💓💓' from client : ACCEPTED
[16Apr2025 19:06:40.567] [Netty Epoll Server IO #2/DEBUG] [net.minecraftforge.network.NetworkRegistry/NETREGISTRY]: Channel 'jei:channel' : Version test of '1.0.0' from client : ACCEPTED
[16Apr2025 19:06:40.567] [Netty Epoll Server IO #2/DEBUG] [net.minecraftforge.network.NetworkRegistry/NETREGISTRY]: Channel 'minecraft:unregister' : Version test of 'FML3' from client : ACCEPTED
[16Apr2025 19:06:40.568] [Netty Epoll Server IO #2/DEBUG] [net.minecraftforge.network.NetworkRegistry/NETREGISTRY]: Channel 'puzzleslib:1' : Version test of '1' from client : ACCEPTED
[16Apr2025 19:06:40.568] [Netty Epoll Server IO #2/DEBUG] [net.minecraftforge.network.NetworkRegistry/NETREGISTRY]: Channel 'simplybackpacks:network' : Version test of 'simplybackpacks:1' from client : ACCEPTED
[16Apr2025 19:06:40.568] [Netty Epoll Server IO #2/DEBUG] [net.minecraftforge.network.NetworkRegistry/NETREGISTRY]: Channel 'journeymap:version' : Version test of '1' from client : ACCEPTED
[16Apr2025 19:06:40.568] [Netty Epoll Server IO #2/DEBUG] [net.minecraftforge.network.NetworkRegistry/NETREGISTRY]: Channel 'voicechat:set_group' : Version test of 'ALLOWVANILLA 💓💓💓' from client : ACCEPTED
[16Apr2025 19:06:40.568] [Netty Epoll Server IO #2/DEBUG] [net.minecraftforge.network.NetworkRegistry/NETREGISTRY]: Channel 'voicechat:joined_group' : Version test of 'ALLOWVANILLA 💓💓💓' from client : ACCEPTED
[16Apr2025 19:06:40.568] [Netty Epoll Server IO #2/DEBUG] [net.minecraftforge.network.NetworkRegistry/NETREGISTRY]: Channel 'worldinfo:world_id' : Version test of '1' from client : ACCEPTED
[16Apr2025 19:06:40.568] [Netty Epoll Server IO #2/DEBUG] [net.minecraftforge.network.NetworkRegistry/NETREGISTRY]: Channel 'voicechat:update_state' : Version test of 'ALLOWVANILLA 💓💓💓' from client : ACCEPTED
[16Apr2025 19:06:40.568] [Netty Epoll Server IO #2/DEBUG] [net.minecraftforge.network.NetworkRegistry/NETREGISTRY]: Channel 'voicechat:player_states' : Version test of 'ALLOWVANILLA 💓💓💓' from client : ACCEPTED
[16Apr2025 19:06:40.568] [Netty Epoll Server IO #2/DEBUG] [net.minecraftforge.network.NetworkRegistry/NETREGISTRY]: Channel 'journeymap:admin_req' : Version test of '1' from client : ACCEPTED
[16Apr2025 19:06:40.568] [Netty Epoll Server IO #2/DEBUG] [net.minecraftforge.network.NetworkRegistry/NETREGISTRY]: Channel 'journeymap:mp_options_req' : Version test of '1' from client : ACCEPTED
[16Apr2025 19:06:40.568] [Netty Epoll Server IO #2/DEBUG] [net.minecraftforge.network.NetworkRegistry/NETREGISTRY]: Channel 'journeymap:waypoint' : Version test of '1' from client : ACCEPTED
[16Apr2025 19:06:40.568] [Netty Epoll Server IO #2/DEBUG] [net.minecraftforge.network.NetworkRegistry/NETREGISTRY]: Channel 'voicechat:add_group' : Version test of 'ALLOWVANILLA 💓💓💓' from client : ACCEPTED
[16Apr2025 19:06:40.568] [Netty Epoll Server IO #2/DEBUG] [net.minecraftforge.network.NetworkRegistry/NETREGISTRY]: Channel 'fml:loginwrapper' : Version test of 'FML3' from client : ACCEPTED
[16Apr2025 19:06:40.568] [Netty Epoll Server IO #2/DEBUG] [net.minecraftforge.network.NetworkRegistry/NETREGISTRY]: Channel 'forge:tier_sorting' : Version test of '1.0' from client : ACCEPTED
[16Apr2025 19:06:40.568] [Netty Epoll Server IO #2/DEBUG] [net.minecraftforge.network.NetworkRegistry/NETREGISTRY]: Channel 'minecraft:infernalmobs' : Version test of '1.0.0' from client : ACCEPTED
[16Apr2025 19:06:40.568] [Netty Epoll Server IO #2/DEBUG] [net.minecraftforge.network.NetworkRegistry/NETREGISTRY]: Channel 'voicechat:player_state' : Version test of 'ALLOWVANILLA 💓💓💓' from client : ACCEPTED
[16Apr2025 19:06:40.569] [Netty Epoll Server IO #2/DEBUG] [net.minecraftforge.network.NetworkRegistry/NETREGISTRY]: Channel 'tombstone:tombstone_channel' : Version test of 'tombstone-8.9.2' from client : ACCEPTED
[16Apr2025 19:06:40.569] [Netty Epoll Server IO #2/DEBUG] [net.minecraftforge.network.NetworkRegistry/NETREGISTRY]: Channel 'playerrevive:main' : Version test of '1' from client : ACCEPTED
[16Apr2025 19:06:40.569] [Netty Epoll Server IO #2/DEBUG] [net.minecraftforge.network.NetworkRegistry/NETREGISTRY]: Channel 'fml:play' : Version test of 'FML3' from client : ACCEPTED
[16Apr2025 19:06:40.569] [Netty Epoll Server IO #2/DEBUG] [net.minecraftforge.network.NetworkRegistry/NETREGISTRY]: Channel 'journeymap:admin_save' : Version test of '1' from client : ACCEPTED
[16Apr2025 19:06:40.569] [Netty Epoll Server IO #2/DEBUG] [net.minecraftforge.network.NetworkRegistry/NETREGISTRY]: Channel 'journeymap:player_loc' : Version test of '1' from client : ACCEPTED
[16Apr2025 19:06:40.569] [Netty Epoll Server IO #2/DEBUG] [net.minecraftforge.network.NetworkRegistry/NETREGISTRY]: Channel 'creativecore:main' : Version test of '1' from client : ACCEPTED
[16Apr2025 19:06:40.569] [Netty Epoll Server IO #2/DEBUG] [net.minecraftforge.network.NetworkRegistry/NETREGISTRY]: Channel 'voicechat:request_secret' : Version test of 'ALLOWVANILLA 💓💓💓' from client : ACCEPTED
[16Apr2025 19:06:40.569] [Netty Epoll Server IO #2/DEBUG] [net.minecraftforge.network.NetworkRegistry/NETREGISTRY]: Channel 'journeymap:teleport_req' : Version test of '1' from client : ACCEPTED
[16Apr2025 19:06:40.569] [Netty Epoll Server IO #2/DEBUG] [net.minecraftforge.network.NetworkRegistry/NETREGISTRY]: Channel 'fml:handshake' : Version test of 'FML3' from client : ACCEPTED
[16Apr2025 19:06:40.569] [Netty Epoll Server IO #2/DEBUG] [net.minecraftforge.network.NetworkRegistry/NETREGISTRY]: Channel 'voicechat:remove_category' : Version test of 'ALLOWVANILLA 💓💓💓' from client : ACCEPTED
[16Apr2025 19:06:40.569] [Netty Epoll Server IO #2/DEBUG] [net.minecraftforge.network.NetworkRegistry/NETREGISTRY]: Channel 'voicechat:remove_group' : Version test of 'ALLOWVANILLA 💓💓💓' from client : ACCEPTED
[16Apr2025 19:06:40.569] [Netty Epoll Server IO #2/DEBUG] [net.minecraftforge.network.NetworkRegistry/NETREGISTRY]: Channel 'voicechat:add_category' : Version test of 'ALLOWVANILLA 💓💓💓' from client : ACCEPTED
[16Apr2025 19:06:40.569] [Netty Epoll Server IO #2/DEBUG] [net.minecraftforge.network.NetworkRegistry/NETREGISTRY]: Channel 'journeymap:common' : Version test of '1' from client : ACCEPTED
[16Apr2025 19:06:40.569] [Netty Epoll Server IO #2/DEBUG] [net.minecraftforge.network.NetworkRegistry/NETREGISTRY]: Channel 'mutantmonsters:1' : Version test of '1' from client : ACCEPTED
[16Apr2025 19:06:40.569] [Netty Epoll Server IO #2/DEBUG] [net.minecraftforge.network.NetworkRegistry/NETREGISTRY]: Channel 'minecraft:register' : Version test of 'FML3' from client : ACCEPTED
[16Apr2025 19:06:40.569] [Netty Epoll Server IO #2/DEBUG] [net.minecraftforge.network.NetworkRegistry/NETREGISTRY]: Channel 'forge:split' : Version test of '1.1' from client : ACCEPTED
[16Apr2025 19:06:40.569] [Netty Epoll Server IO #2/DEBUG] [net.minecraftforge.network.NetworkRegistry/NETREGISTRY]: Channel 'journeymap:perm_req' : Version test of '1' from client : ACCEPTED
[16Apr2025 19:06:40.569] [Netty Epoll Server IO #2/DEBUG] [net.minecraftforge.network.NetworkRegistry/NETREGISTRY]: Channel 'twilightforest:channel' : Version test of '2' from client : ACCEPTED
[16Apr2025 19:06:40.570] [Netty Epoll Server IO #2/DEBUG] [net.minecraftforge.network.NetworkRegistry/NETREGISTRY]: Accepting channel list from client
[16Apr2025 19:06:40.570] [Netty Epoll Server IO #2/DEBUG] [net.minecraftforge.network.HandshakeHandler/FMLHANDSHAKE]: Accepted client connection mod list
[16Apr2025 19:06:40.612] [Server thread/DEBUG] [net.minecraftforge.network.HandshakeHandler/FMLHANDSHAKE]: Sending ticking packet info 'Registry minecraft:villager_profession' to 'fml:handshake' sequence 6
[16Apr2025 19:06:40.633] [Netty Epoll Server IO #2/DEBUG] [net.minecraftforge.network.LoginWrapper/FMLHANDSHAKE]: Recieved login wrapper packet event for channel fml:handshake with index 2
[16Apr2025 19:06:40.633] [Netty Epoll Server IO #2/DEBUG] [net.minecraftforge.network.HandshakeHandler/FMLHANDSHAKE]: Received client indexed reply 2 of type net.minecraftforge.network.HandshakeMessages$C2SAcknowledge
[16Apr2025 19:06:40.633] [Netty Epoll Server IO #2/DEBUG] [net.minecraftforge.network.HandshakeHandler/FMLHANDSHAKE]: Received acknowledgement from client
[16Apr2025 19:06:40.662] [Server thread/DEBUG] [net.minecraftforge.network.HandshakeHandler/FMLHANDSHAKE]: Sending ticking packet info 'Registry twilightforest:tiny_bird_variant' to 'fml:handshake' sequence 7
[16Apr2025 19:06:40.674] [Netty Epoll Server IO #2/DEBUG] [net.minecraftforge.network.LoginWrapper/FMLHANDSHAKE]: Recieved login wrapper packet event for channel fml:handshake with index 3
[16Apr2025 19:06:40.674] [Netty Epoll Server IO #2/DEBUG] [net.minecraftforge.network.HandshakeHandler/FMLHANDSHAKE]: Received client indexed reply 3 of type net.minecraftforge.network.HandshakeMessages$C2SAcknowledge
[16Apr2025 19:06:40.674] [Netty Epoll Server IO #2/DEBUG] [net.minecraftforge.network.HandshakeHandler/FMLHANDSHAKE]: Received acknowledgement from client
[16Apr2025 19:06:40.712] [Server thread/DEBUG] [net.minecraftforge.network.HandshakeHandler/FMLHANDSHAKE]: Sending ticking packet info 'Registry minecraft:item' to 'fml:handshake' sequence 8
[16Apr2025 19:06:40.762] [Server thread/DEBUG] [net.minecraftforge.network.HandshakeHandler/FMLHANDSHAKE]: Sending ticking packet info 'Registry minecraft:potion' to 'fml:handshake' sequence 9
[16Apr2025 19:06:40.812] [Server thread/DEBUG] [net.minecraftforge.network.HandshakeHandler/FMLHANDSHAKE]: Sending ticking packet info 'Registry minecraft:painting_variant' to 'fml:handshake' sequence 10
[16Apr2025 19:06:40.862] [Server thread/DEBUG] [net.minecraftforge.network.HandshakeHandler/FMLHANDSHAKE]: Sending ticking packet info 'Registry forge:fluid_type' to 'fml:handshake' sequence 11
[16Apr2025 19:06:40.912] [Server thread/DEBUG] [net.minecraftforge.network.HandshakeHandler/FMLHANDSHAKE]: Sending ticking packet info 'Registry minecraft:block_entity_type' to 'fml:handshake' sequence 12
[16Apr2025 19:06:40.963] [Server thread/DEBUG] [net.minecraftforge.network.HandshakeHandler/FMLHANDSHAKE]: Sending ticking packet info 'Registry forge:display_contexts' to 'fml:handshake' sequence 13
[16Apr2025 19:06:41.012] [Server thread/DEBUG] [net.minecraftforge.network.HandshakeHandler/FMLHANDSHAKE]: Sending ticking packet info 'Registry minecraft:block' to 'fml:handshake' sequence 14
[16Apr2025 19:06:41.016] [Netty Epoll Server IO #2/DEBUG] [net.minecraftforge.network.LoginWrapper/FMLHANDSHAKE]: Recieved login wrapper packet event for channel fml:handshake with index 4
[16Apr2025 19:06:41.016] [Netty Epoll Server IO #2/DEBUG] [net.minecraftforge.network.HandshakeHandler/FMLHANDSHAKE]: Received client indexed reply 4 of type net.minecraftforge.network.HandshakeMessages$C2SAcknowledge
[16Apr2025 19:06:41.016] [Netty Epoll Server IO #2/DEBUG] [net.minecraftforge.network.HandshakeHandler/FMLHANDSHAKE]: Received acknowledgement from client
[16Apr2025 19:06:41.058] [Netty Epoll Server IO #2/DEBUG] [net.minecraftforge.network.LoginWrapper/FMLHANDSHAKE]: Recieved login wrapper packet event for channel fml:handshake with index 5
[16Apr2025 19:06:41.058] [Netty Epoll Server IO #2/DEBUG] [net.minecraftforge.network.HandshakeHandler/FMLHANDSHAKE]: Received client indexed reply 5 of type net.minecraftforge.network.HandshakeMessages$C2SAcknowledge
[16Apr2025 19:06:41.058] [Netty Epoll Server IO #2/DEBUG] [net.minecraftforge.network.HandshakeHandler/FMLHANDSHAKE]: Received acknowledgement from client
[16Apr2025 19:06:41.058] [Netty Epoll Server IO #2/DEBUG] [net.minecraftforge.network.LoginWrapper/FMLHANDSHAKE]: Recieved login wrapper packet event for channel fml:handshake with index 6
[16Apr2025 19:06:41.058] [Netty Epoll Server IO #2/DEBUG] [net.minecraftforge.network.HandshakeHandler/FMLHANDSHAKE]: Received client indexed reply 6 of type net.minecraftforge.network.HandshakeMessages$C2SAcknowledge
[16Apr2025 19:06:41.058] [Netty Epoll Server IO #2/DEBUG] [net.minecraftforge.network.HandshakeHandler/FMLHANDSHAKE]: Received acknowledgement from client
[16Apr2025 19:06:41.059] [Netty Epoll Server IO #2/DEBUG] [net.minecraftforge.network.LoginWrapper/FMLHANDSHAKE]: Recieved login wrapper packet event for channel fml:handshake with index 7
[16Apr2025 19:06:41.059] [Netty Epoll Server IO #2/DEBUG] [net.minecraftforge.network.HandshakeHandler/FMLHANDSHAKE]: Received client indexed reply 7 of type net.minecraftforge.network.HandshakeMessages$C2SAcknowledge
[16Apr2025 19:06:41.059] [Netty Epoll Server IO #2/DEBUG] [net.minecraftforge.network.HandshakeHandler/FMLHANDSHAKE]: Received acknowledgement from client
[16Apr2025 19:06:41.062] [Server thread/DEBUG] [net.minecraftforge.network.HandshakeHandler/FMLHANDSHAKE]: Sending ticking packet info 'Registry forge:entity_data_serializers' to 'fml:handshake' sequence 15
[16Apr2025 19:06:41.112] [Server thread/DEBUG] [net.minecraftforge.network.HandshakeHandler/FMLHANDSHAKE]: Sending ticking packet info 'Registry minecraft:mob_effect' to 'fml:handshake' sequence 16
[16Apr2025 19:06:41.162] [Server thread/DEBUG] [net.minecraftforge.network.HandshakeHandler/FMLHANDSHAKE]: Sending ticking packet info 'Registry minecraft:stat_type' to 'fml:handshake' sequence 17
[16Apr2025 19:06:41.173] [Netty Epoll Server IO #2/DEBUG] [net.minecraftforge.network.LoginWrapper/FMLHANDSHAKE]: Recieved login wrapper packet event for channel fml:handshake with index 8
[16Apr2025 19:06:41.173] [Netty Epoll Server IO #2/DEBUG] [net.minecraftforge.network.HandshakeHandler/FMLHANDSHAKE]: Received client indexed reply 8 of type net.minecraftforge.network.HandshakeMessages$C2SAcknowledge
[16Apr2025 19:06:41.173] [Netty Epoll Server IO #2/DEBUG] [net.minecraftforge.network.HandshakeHandler/FMLHANDSHAKE]: Received acknowledgement from client
[16Apr2025 19:06:41.212] [Server thread/DEBUG] [net.minecraftforge.network.HandshakeHandler/FMLHANDSHAKE]: Sending ticking packet info 'Registry tombstone:perks' to 'fml:handshake' sequence 18
[16Apr2025 19:06:41.213] [Netty Epoll Server IO #2/DEBUG] [net.minecraftforge.network.LoginWrapper/FMLHANDSHAKE]: Recieved login wrapper packet event for channel fml:handshake with index 9
[16Apr2025 19:06:41.213] [Netty Epoll Server IO #2/DEBUG] [net.minecraftforge.network.HandshakeHandler/FMLHANDSHAKE]: Received client indexed reply 9 of type net.minecraftforge.network.HandshakeMessages$C2SAcknowledge
[16Apr2025 19:06:41.213] [Netty Epoll Server IO #2/DEBUG] [net.minecraftforge.network.HandshakeHandler/FMLHANDSHAKE]: Received acknowledgement from client
[16Apr2025 19:06:41.213] [Netty Epoll Server IO #2/DEBUG] [net.minecraftforge.network.LoginWrapper/FMLHANDSHAKE]: Recieved login wrapper packet event for channel fml:handshake with index 10
[16Apr2025 19:06:41.213] [Netty Epoll Server IO #2/DEBUG] [net.minecraftforge.network.HandshakeHandler/FMLHANDSHAKE]: Received client indexed reply 10 of type net.minecraftforge.network.HandshakeMessages$C2SAcknowledge
[16Apr2025 19:06:41.213] [Netty Epoll Server IO #2/DEBUG] [net.minecraftforge.network.HandshakeHandler/FMLHANDSHAKE]: Received acknowledgement from client
[16Apr2025 19:06:41.213] [Netty Epoll Server IO #2/DEBUG] [net.minecraftforge.network.LoginWrapper/FMLHANDSHAKE]: Recieved login wrapper packet event for channel fml:handshake with index 11
[16Apr2025 19:06:41.213] [Netty Epoll Server IO #2/DEBUG] [net.minecraftforge.network.HandshakeHandler/FMLHANDSHAKE]: Received client indexed reply 11 of type net.minecraftforge.network.HandshakeMessages$C2SAcknowledge
[16Apr2025 19:06:41.214] [Netty Epoll Server IO #2/DEBUG] [net.minecraftforge.network.HandshakeHandler/FMLHANDSHAKE]: Received acknowledgement from client
[16Apr2025 19:06:41.214] [Netty Epoll Server IO #2/DEBUG] [net.minecraftforge.network.LoginWrapper/FMLHANDSHAKE]: Recieved login wrapper packet event for channel fml:handshake with index 12
[16Apr2025 19:06:41.214] [Netty Epoll Server IO #2/DEBUG] [net.minecraftforge.network.HandshakeHandler/FMLHANDSHAKE]: Received client indexed reply 12 of type net.minecraftforge.network.HandshakeMessages$C2SAcknowledge
[16Apr2025 19:06:41.214] [Netty Epoll Server IO #2/DEBUG] [net.minecraftforge.network.HandshakeHandler/FMLHANDSHAKE]: Received acknowledgement from client
[16Apr2025 19:06:41.214] [Netty Epoll Server IO #2/DEBUG] [net.minecraftforge.network.LoginWrapper/FMLHANDSHAKE]: Recieved login wrapper packet event for channel fml:handshake with index 13
[16Apr2025 19:06:41.214] [Netty Epoll Server IO #2/DEBUG] [net.minecraftforge.network.HandshakeHandler/FMLHANDSHAKE]: Received client indexed reply 13 of type net.minecraftforge.network.HandshakeMessages$C2SAcknowledge
[16Apr2025 19:06:41.214] [Netty Epoll Server IO #2/DEBUG] [net.minecraftforge.network.HandshakeHandler/FMLHANDSHAKE]: Received acknowledgement from client
[16Apr2025 19:06:41.262] [Server thread/DEBUG] [net.minecraftforge.network.HandshakeHandler/FMLHANDSHAKE]: Sending ticking packet info 'Registry twilightforest:enforcement' to 'fml:handshake' sequence 19
[16Apr2025 19:06:41.312] [Server thread/DEBUG] [net.minecraftforge.network.HandshakeHandler/FMLHANDSHAKE]: Sending ticking packet info 'Registry minecraft:menu' to 'fml:handshake' sequence 20
[16Apr2025 19:06:41.330] [Netty Epoll Server IO #2/DEBUG] [net.minecraftforge.network.LoginWrapper/FMLHANDSHAKE]: Recieved login wrapper packet event for channel fml:handshake with index 14
[16Apr2025 19:06:41.330] [Netty Epoll Server IO #2/DEBUG] [net.minecraftforge.network.HandshakeHandler/FMLHANDSHAKE]: Received client indexed reply 14 of type net.minecraftforge.network.HandshakeMessages$C2SAcknowledge
[16Apr2025 19:06:41.330] [Netty Epoll Server IO #2/DEBUG] [net.minecraftforge.network.HandshakeHandler/FMLHANDSHAKE]: Received acknowledgement from client
[16Apr2025 19:06:41.331] [Netty Epoll Server IO #2/DEBUG] [net.minecraftforge.network.LoginWrapper/FMLHANDSHAKE]: Recieved login wrapper packet event for channel fml:handshake with index 15
[16Apr2025 19:06:41.331] [Netty Epoll Server IO #2/DEBUG] [net.minecraftforge.network.HandshakeHandler/FMLHANDSHAKE]: Received client indexed reply 15 of type net.minecraftforge.network.HandshakeMessages$C2SAcknowledge
[16Apr2025 19:06:41.331] [Netty Epoll Server IO #2/DEBUG] [net.minecraftforge.network.HandshakeHandler/FMLHANDSHAKE]: Received acknowledgement from client
[16Apr2025 19:06:41.332] [Netty Epoll Server IO #2/DEBUG] [net.minecraftforge.network.LoginWrapper/FMLHANDSHAKE]: Recieved login wrapper packet event for channel fml:handshake with index 16
[16Apr2025 19:06:41.332] [Netty Epoll Server IO #2/DEBUG] [net.minecraftforge.network.HandshakeHandler/FMLHANDSHAKE]: Received client indexed reply 16 of type net.minecraftforge.network.HandshakeMessages$C2SAcknowledge
[16Apr2025 19:06:41.332] [Netty Epoll Server IO #2/DEBUG] [net.minecraftforge.network.HandshakeHandler/FMLHANDSHAKE]: Received acknowledgement from client
[16Apr2025 19:06:41.333] [Netty Epoll Server IO #2/DEBUG] [net.minecraftforge.network.LoginWrapper/FMLHANDSHAKE]: Recieved login wrapper packet event for channel fml:handshake with index 17
[16Apr2025 19:06:41.333] [Netty Epoll Server IO #2/DEBUG] [net.minecraftforge.network.HandshakeHandler/FMLHANDSHAKE]: Received client indexed reply 17 of type net.minecraftforge.network.HandshakeMessages$C2SAcknowledge
[16Apr2025 19:06:41.333] [Netty Epoll Server IO #2/DEBUG] [net.minecraftforge.network.HandshakeHandler/FMLHANDSHAKE]: Received acknowledgement from client
[16Apr2025 19:06:41.363] [Server thread/DEBUG] [net.minecraftforge.network.HandshakeHandler/FMLHANDSHAKE]: Sending ticking packet info 'Registry twilightforest:dwarf_rabbit_variant' to 'fml:handshake' sequence 21
[16Apr2025 19:06:41.412] [Server thread/DEBUG] [net.minecraftforge.network.HandshakeHandler/FMLHANDSHAKE]: Sending ticking packet info 'Registry minecraft:enchantment' to 'fml:handshake' sequence 22
[16Apr2025 19:06:41.463] [Server thread/DEBUG] [net.minecraftforge.network.HandshakeHandler/FMLHANDSHAKE]: Sending ticking packet info 'Registry minecraft:fluid' to 'fml:handshake' sequence 23
[16Apr2025 19:06:41.512] [Server thread/DEBUG] [net.minecraftforge.network.HandshakeHandler/FMLHANDSHAKE]: Sending ticking packet info 'Registry minecraft:entity_type' to 'fml:handshake' sequence 24
[16Apr2025 19:06:41.562] [Server thread/DEBUG] [net.minecraftforge.network.HandshakeHandler/FMLHANDSHAKE]: Sending ticking packet info 'Config journeymap-server.toml' to 'fml:handshake' sequence 25
[16Apr2025 19:06:41.580] [Netty Epoll Server IO #2/DEBUG] [net.minecraftforge.network.LoginWrapper/FMLHANDSHAKE]: Recieved login wrapper packet event for channel fml:handshake with index 18
[16Apr2025 19:06:41.581] [Netty Epoll Server IO #2/DEBUG] [net.minecraftforge.network.HandshakeHandler/FMLHANDSHAKE]: Received client indexed reply 18 of type net.minecraftforge.network.HandshakeMessages$C2SAcknowledge
[16Apr2025 19:06:41.581] [Netty Epoll Server IO #2/DEBUG] [net.minecraftforge.network.HandshakeHandler/FMLHANDSHAKE]: Received acknowledgement from client
[16Apr2025 19:06:41.612] [Server thread/DEBUG] [net.minecraftforge.network.HandshakeHandler/FMLHANDSHAKE]: Sending ticking packet info 'Config tombstone-server.toml' to 'fml:handshake' sequence 26
[16Apr2025 19:06:41.613] [Netty Epoll Server IO #2/DEBUG] [net.minecraftforge.network.LoginWrapper/FMLHANDSHAKE]: Recieved login wrapper packet event for channel fml:handshake with index 19
[16Apr2025 19:06:41.613] [Netty Epoll Server IO #2/DEBUG] [net.minecraftforge.network.HandshakeHandler/FMLHANDSHAKE]: Received client indexed reply 19 of type net.minecraftforge.network.HandshakeMessages$C2SAcknowledge
[16Apr2025 19:06:41.613] [Netty Epoll Server IO #2/DEBUG] [net.minecraftforge.network.HandshakeHandler/FMLHANDSHAKE]: Received acknowledgement from client
[16Apr2025 19:06:41.613] [Netty Epoll Server IO #2/DEBUG] [net.minecraftforge.network.LoginWrapper/FMLHANDSHAKE]: Recieved login wrapper packet event for channel fml:handshake with index 20
[16Apr2025 19:06:41.613] [Netty Epoll Server IO #2/DEBUG] [net.minecraftforge.network.HandshakeHandler/FMLHANDSHAKE]: Received client indexed reply 20 of type net.minecraftforge.network.HandshakeMessages$C2SAcknowledge
[16Apr2025 19:06:41.613] [Netty Epoll Server IO #2/DEBUG] [net.minecraftforge.network.HandshakeHandler/FMLHANDSHAKE]: Received acknowledgement from client
[16Apr2025 19:06:41.613] [Netty Epoll Server IO #2/DEBUG] [net.minecraftforge.network.LoginWrapper/FMLHANDSHAKE]: Recieved login wrapper packet event for channel fml:handshake with index 21
[16Apr2025 19:06:41.613] [Netty Epoll Server IO #2/DEBUG] [net.minecraftforge.network.HandshakeHandler/FMLHANDSHAKE]: Received client indexed reply 21 of type net.minecraftforge.network.HandshakeMessages$C2SAcknowledge
[16Apr2025 19:06:41.613] [Netty Epoll Server IO #2/DEBUG] [net.minecraftforge.network.HandshakeHandler/FMLHANDSHAKE]: Received acknowledgement from client
[16Apr2025 19:06:41.662] [Server thread/DEBUG] [net.minecraftforge.network.HandshakeHandler/FMLHANDSHAKE]: Sending ticking packet info 'Config reap-server.toml' to 'fml:handshake' sequence 27
[16Apr2025 19:06:41.675] [Netty Epoll Server IO #2/DEBUG] [net.minecraftforge.network.LoginWrapper/FMLHANDSHAKE]: Recieved login wrapper packet event for channel fml:handshake with index 22
[16Apr2025 19:06:41.675] [Netty Epoll Server IO #2/DEBUG] [net.minecraftforge.network.HandshakeHandler/FMLHANDSHAKE]: Received client indexed reply 22 of type net.minecraftforge.network.HandshakeMessages$C2SAcknowledge
[16Apr2025 19:06:41.675] [Netty Epoll Server IO #2/DEBUG] [net.minecraftforge.network.HandshakeHandler/FMLHANDSHAKE]: Received acknowledgement from client
[16Apr2025 19:06:41.675] [Netty Epoll Server IO #2/DEBUG] [net.minecraftforge.network.LoginWrapper/FMLHANDSHAKE]: Recieved login wrapper packet event for channel fml:handshake with index 23
[16Apr2025 19:06:41.675] [Netty Epoll Server IO #2/DEBUG] [net.minecraftforge.network.HandshakeHandler/FMLHANDSHAKE]: Received client indexed reply 23 of type net.minecraftforge.network.HandshakeMessages$C2SAcknowledge
[16Apr2025 19:06:41.675] [Netty Epoll Server IO #2/DEBUG] [net.minecraftforge.network.HandshakeHandler/FMLHANDSHAKE]: Received acknowledgement from client
[16Apr2025 19:06:41.712] [Server thread/DEBUG] [net.minecraftforge.network.HandshakeHandler/FMLHANDSHAKE]: Sending ticking packet info 'Config mutantmonsters-server.toml' to 'fml:handshake' sequence 28
[16Apr2025 19:06:41.762] [Server thread/DEBUG] [net.minecraftforge.network.HandshakeHandler/FMLHANDSHAKE]: Sending ticking packet info 'Config jei-server.toml' to 'fml:handshake' sequence 29
[16Apr2025 19:06:41.812] [Server thread/DEBUG] [net.minecraftforge.network.HandshakeHandler/FMLHANDSHAKE]: Sending ticking packet info 'Config forge-server.toml' to 'fml:handshake' sequence 30
[16Apr2025 19:06:45.406] [Netty Epoll Server IO #2/DEBUG] [net.minecraftforge.network.LoginWrapper/FMLHANDSHAKE]: Recieved login wrapper packet event for channel fml:handshake with index 24
[16Apr2025 19:06:45.406] [Netty Epoll Server IO #2/DEBUG] [net.minecraftforge.network.HandshakeHandler/FMLHANDSHAKE]: Received client indexed reply 24 of type net.minecraftforge.network.HandshakeMessages$C2SAcknowledge
[16Apr2025 19:06:45.406] [Netty Epoll Server IO #2/DEBUG] [net.minecraftforge.network.HandshakeHandler/FMLHANDSHAKE]: Received acknowledgement from client
[16Apr2025 19:06:45.407] [Netty Epoll Server IO #2/DEBUG] [net.minecraftforge.network.LoginWrapper/FMLHANDSHAKE]: Recieved login wrapper packet event for channel fml:handshake with index 25
[16Apr2025 19:06:45.407] [Netty Epoll Server IO #2/DEBUG] [net.minecraftforge.network.HandshakeHandler/FMLHANDSHAKE]: Received client indexed reply 25 of type net.minecraftforge.network.HandshakeMessages$C2SAcknowledge
[16Apr2025 19:06:45.407] [Netty Epoll Server IO #2/DEBUG] [net.minecraftforge.network.HandshakeHandler/FMLHANDSHAKE]: Received acknowledgement from client
[16Apr2025 19:06:45.447] [Netty Epoll Server IO #2/DEBUG] [net.minecraftforge.network.LoginWrapper/FMLHANDSHAKE]: Recieved login wrapper packet event for channel fml:handshake with index 26
[16Apr2025 19:06:45.447] [Netty Epoll Server IO #2/DEBUG] [net.minecraftforge.network.HandshakeHandler/FMLHANDSHAKE]: Received client indexed reply 26 of type net.minecraftforge.network.HandshakeMessages$C2SAcknowledge
[16Apr2025 19:06:45.447] [Netty Epoll Server IO #2/DEBUG] [net.minecraftforge.network.HandshakeHandler/FMLHANDSHAKE]: Received acknowledgement from client
[16Apr2025 19:06:45.447] [Netty Epoll Server IO #2/DEBUG] [net.minecraftforge.network.LoginWrapper/FMLHANDSHAKE]: Recieved login wrapper packet event for channel fml:handshake with index 27
[16Apr2025 19:06:45.447] [Netty Epoll Server IO #2/DEBUG] [net.minecraftforge.network.HandshakeHandler/FMLHANDSHAKE]: Received client indexed reply 27 of type net.minecraftforge.network.HandshakeMessages$C2SAcknowledge
[16Apr2025 19:06:45.447] [Netty Epoll Server IO #2/DEBUG] [net.minecraftforge.network.HandshakeHandler/FMLHANDSHAKE]: Received acknowledgement from client
[16Apr2025 19:06:45.447] [Netty Epoll Server IO #2/DEBUG] [net.minecraftforge.network.LoginWrapper/FMLHANDSHAKE]: Recieved login wrapper packet event for channel fml:handshake with index 28
[16Apr2025 19:06:45.447] [Netty Epoll Server IO #2/DEBUG] [net.minecraftforge.network.HandshakeHandler/FMLHANDSHAKE]: Received client indexed reply 28 of type net.minecraftforge.network.HandshakeMessages$C2SAcknowledge
[16Apr2025 19:06:45.447] [Netty Epoll Server IO #2/DEBUG] [net.minecraftforge.network.HandshakeHandler/FMLHANDSHAKE]: Received acknowledgement from client
[16Apr2025 19:06:45.448] [Netty Epoll Server IO #2/DEBUG] [net.minecraftforge.network.LoginWrapper/FMLHANDSHAKE]: Recieved login wrapper packet event for channel fml:handshake with index 29
[16Apr2025 19:06:45.448] [Netty Epoll Server IO #2/DEBUG] [net.minecraftforge.network.HandshakeHandler/FMLHANDSHAKE]: Received client indexed reply 29 of type net.minecraftforge.network.HandshakeMessages$C2SAcknowledge
[16Apr2025 19:06:45.448] [Netty Epoll Server IO #2/DEBUG] [net.minecraftforge.network.HandshakeHandler/FMLHANDSHAKE]: Received acknowledgement from client
[16Apr2025 19:06:45.448] [Netty Epoll Server IO #2/DEBUG] [net.minecraftforge.network.LoginWrapper/FMLHANDSHAKE]: Recieved login wrapper packet event for channel fml:handshake with index 30
[16Apr2025 19:06:45.448] [Netty Epoll Server IO #2/DEBUG] [net.minecraftforge.network.HandshakeHandler/FMLHANDSHAKE]: Received client indexed reply 30 of type net.minecraftforge.network.HandshakeMessages$C2SAcknowledge
[16Apr2025 19:06:45.448] [Netty Epoll Server IO #2/DEBUG] [net.minecraftforge.network.HandshakeHandler/FMLHANDSHAKE]: Received acknowledgement from client
[16Apr2025 19:06:45.462] [Server thread/DEBUG] [net.minecraftforge.network.HandshakeHandler/FMLHANDSHAKE]: Handshake complete!
[16Apr2025 19:06:45.622] [Server thread/INFO] [net.minecraft.server.players.PlayerList/]: DavidMaster[/127.28.127.113:44835] logged in with entity id 423 at (-1776.0933016058634, 63.0, 2570.640776029614)
[16Apr2025 19:06:45.634] [Server thread/DEBUG] [net.minecraftforge.network.filters.NetworkFilters/]: Injected net.minecraftforge.network.filters.ForgeConnectionNetworkFilter@37a5dd11 into net.minecraft.network.Connection@7d371a99
[16Apr2025 19:06:45.661] [Server thread/INFO] [net.minecraft.server.MinecraftServer/]: DavidMaster joined the game
[16Apr2025 19:06:45.713] [Server thread/DEBUG] [voicechat/]: [voicechat] Setting default state of DavidMaster: {disabled=false, disconnected=true, uuid=22f4a658-0c5b-3837-9359-054abaf8dcfb, name=DavidMaster, group=null}
[16Apr2025 19:06:47.434] [Server thread/INFO] [voicechat/]: [voicechat] Received secret request of DavidMaster (18)
[16Apr2025 19:06:47.435] [Server thread/DEBUG] [voicechat/]: [voicechat] Sending initial states to DavidMaster
[16Apr2025 19:06:47.435] [Server thread/DEBUG] [voicechat/]: [voicechat] Synchronizing 0 groups with DavidMaster
[16Apr2025 19:06:47.435] [Server thread/DEBUG] [voicechat/]: [voicechat] Synchronizing 0 volume categories with DavidMaster
[16Apr2025 19:06:47.436] [Server thread/INFO] [voicechat/]: [voicechat] Sent secret to DavidMaster
[16Apr2025 19:06:47.556] [Server thread/DEBUG] [atomicstryker.infernalmobs.common.InfernalMobsCore/]: entity Zombie['Zombie'/424, l='ServerLevel[world]', x=-1836.50, y=-17.00, z=2571.50] was spawned in unmodified before, not modifying it
[16Apr2025 19:06:47.559] [Server thread/DEBUG] [atomicstryker.infernalmobs.common.InfernalMobsCore/]: entity Skeleton['Skeleton'/425, l='ServerLevel[world]', x=-1848.11, y=15.00, z=2579.54] was spawned in unmodified before, not modifying it
[16Apr2025 19:06:47.560] [Server thread/DEBUG] [atomicstryker.infernalmobs.common.InfernalMobsCore/]: entity Zombie['Zombie'/428, l='ServerLevel[world]', x=-1852.50, y=-15.00, z=2585.58] was spawned in unmodified before, not modifying it
[16Apr2025 19:06:47.561] [Server thread/DEBUG] [atomicstryker.infernalmobs.common.InfernalMobsCore/]: entity Skeleton['Skeleton'/430, l='ServerLevel[world]', x=-1829.00, y=9.00, z=2577.51] was spawned in unmodified before, not modifying it
[16Apr2025 19:06:47.744] [Server thread/DEBUG] [atomicstryker.infernalmobs.common.InfernalMobsCore/]: entity Creeper['Creeper'/445, l='ServerLevel[world]', x=-1861.50, y=6.00, z=2597.50] was spawned in unmodified before, not modifying it
[16Apr2025 19:06:47.745] [Server thread/DEBUG] [atomicstryker.infernalmobs.common.InfernalMobsCore/]: entity Creeper['Creeper'/446, l='ServerLevel[world]', x=-1863.49, y=6.69, z=2598.48] was spawned in unmodified before, not modifying it
[16Apr2025 19:06:47.836] [Server thread/DEBUG] [atomicstryker.infernalmobs.common.InfernalMobsCore/]: entity Creeper['Creeper'/450, l='ServerLevel[world]', x=-1824.50, y=24.00, z=2539.50] was spawned in unmodified before, not modifying it
[16Apr2025 19:06:48.040] [Server thread/DEBUG] [atomicstryker.infernalmobs.common.InfernalMobsCore/]: entity Zombie['Zombie'/472, l='ServerLevel[world]', x=-1831.42, y=24.00, z=2516.49] was spawned in unmodified before, not modifying it
[16Apr2025 19:06:48.040] [Server thread/DEBUG] [atomicstryker.infernalmobs.common.InfernalMobsCore/]: entity Zombie['Zombie'/473, l='ServerLevel[world]', x=-1829.52, y=24.00, z=2525.50] was spawned in unmodified before, not modifying it
[16Apr2025 19:06:48.172] [Server thread/DEBUG] [atomicstryker.infernalmobs.common.InfernalMobsCore/]: entity Spider['Spider'/485, l='ServerLevel[world]', x=-1830.50, y=4.10, z=2511.01] was spawned in unmodified before, not modifying it
[16Apr2025 19:06:48.426] [Server thread/DEBUG] [atomicstryker.infernalmobs.common.InfernalMobsCore/]: entity Drowned['Drowned'/510, l='ServerLevel[world]', x=-1868.50, y=0.00, z=2508.50] was spawned in unmodified before, not modifying it
[16Apr2025 19:06:48.656] [Server thread/DEBUG] [atomicstryker.infernalmobs.common.InfernalMobsCore/]: entity EnderMan['Enderman'/529, l='ServerLevel[world]', x=-1877.50, y=73.00, z=2600.50] was spawned in unmodified before, not modifying it
[16Apr2025 19:06:48.657] [Server thread/DEBUG] [atomicstryker.infernalmobs.common.InfernalMobsCore/]: entity Skeleton['Skeleton'/531, l='ServerLevel[world]', x=-1883.50, y=-30.00, z=2602.50] was spawned in unmodified before, not modifying it
[16Apr2025 19:06:48.657] [Server thread/DEBUG] [atomicstryker.infernalmobs.common.InfernalMobsCore/]: entity Zombie['Zombie'/534, l='ServerLevel[world]', x=-1882.50, y=57.00, z=2628.50] was spawned in unmodified before, not modifying it
[16Apr2025 19:06:48.659] [Server thread/DEBUG] [atomicstryker.infernalmobs.common.InfernalMobsCore/]: reloading mods for Creeper['Creeper'/537, l='ServerLevel[world]', x=-1872.30, y=-15.00, z=2467.49]: Gravity Rust Sapper , mod instance atomicstryker.infernalmobs.common.mods.MM_Gravity@125054ff
[16Apr2025 19:06:48.659] [Server thread/DEBUG] [atomicstryker.infernalmobs.common.InfernalMobsCore/]: entity Creeper['Creeper'/538, l='ServerLevel[world]', x=-1872.92, y=-15.00, z=2467.50] was spawned in unmodified before, not modifying it
[16Apr2025 19:06:48.659] [Server thread/DEBUG] [atomicstryker.infernalmobs.common.InfernalMobsCore/]: entity Creeper['Creeper'/541, l='ServerLevel[world]', x=-1879.70, y=19.00, z=2526.04] was spawned in unmodified before, not modifying it
[16Apr2025 19:06:48.660] [Server thread/DEBUG] [atomicstryker.infernalmobs.common.InfernalMobsCore/]: entity Zombie['Zombie'/542, l='ServerLevel[world]', x=-1880.50, y=-5.00, z=2517.50] was spawned in unmodified before, not modifying it
[16Apr2025 19:06:48.660] [Server thread/DEBUG] [atomicstryker.infernalmobs.common.InfernalMobsCore/]: entity Skeleton['Skeleton'/543, l='ServerLevel[world]', x=-1874.91, y=0.00, z=2535.02] was spawned in unmodified before, not modifying it
[16Apr2025 19:06:48.660] [Server thread/DEBUG] [atomicstryker.infernalmobs.common.InfernalMobsCore/]: entity Zombie['Zombie'/544, l='ServerLevel[world]', x=-1875.65, y=0.00, z=2535.63] was spawned in unmodified before, not modifying it
[16Apr2025 19:06:48.661] [Server thread/DEBUG] [atomicstryker.infernalmobs.common.InfernalMobsCore/]: entity Zombie['Zombie'/545, l='ServerLevel[world]', x=-1883.22, y=0.00, z=2543.24] was spawned in unmodified before, not modifying it
[16Apr2025 19:06:48.661] [Server thread/DEBUG] [atomicstryker.infernalmobs.common.InfernalMobsCore/]: entity Zombie['Zombie'/546, l='ServerLevel[world]', x=-1886.50, y=0.00, z=2542.50] was spawned in unmodified before, not modifying it
[16Apr2025 19:06:48.661] [Server thread/DEBUG] [atomicstryker.infernalmobs.common.InfernalMobsCore/]: entity Zombie['Zombie'/547, l='ServerLevel[world]', x=-1883.50, y=19.00, z=2538.60] was spawned in unmodified before, not modifying it
[16Apr2025 19:06:48.662] [Server thread/DEBUG] [atomicstryker.infernalmobs.common.InfernalMobsCore/]: entity Skeleton['Skeleton'/548, l='ServerLevel[world]', x=-1886.60, y=23.00, z=2533.03] was spawned in unmodified before, not modifying it
[16Apr2025 19:06:48.662] [Server thread/DEBUG] [atomicstryker.infernalmobs.common.InfernalMobsCore/]: entity Zombie['Zombie'/549, l='ServerLevel[world]', x=-1879.50, y=-2.00, z=2529.50] was spawned in unmodified before, not modifying it
[16Apr2025 19:06:48.662] [Server thread/DEBUG] [atomicstryker.infernalmobs.common.InfernalMobsCore/]: reloading mods for Creeper['Creeper'/550, l='ServerLevel[world]', x=-1877.50, y=-2.00, z=2529.50]: Sapper Unyielding Storm Blastoff , mod instance atomicstryker.infernalmobs.common.mods.MM_Sapper@487b69a3
[16Apr2025 19:06:48.704] [Server thread/DEBUG] [atomicstryker.infernalmobs.common.InfernalMobsCore/]: entity Creeper['Creeper'/555, l='ServerLevel[world]', x=-1887.87, y=-48.00, z=2563.45] was spawned in unmodified before, not modifying it
[16Apr2025 19:06:48.705] [Server thread/DEBUG] [atomicstryker.infernalmobs.common.InfernalMobsCore/]: entity Creeper['Creeper'/556, l='ServerLevel[world]', x=-1887.46, y=-26.00, z=2575.09] was spawned in unmodified before, not modifying it
[16Apr2025 19:06:48.853] [Server thread/DEBUG] [atomicstryker.infernalmobs.common.InfernalMobsCore/]: entity Creeper['Creeper'/573, l='ServerLevel[world]', x=-1902.50, y=15.00, z=2633.50] was spawned in unmodified before, not modifying it
[16Apr2025 19:06:48.853] [Server thread/DEBUG] [atomicstryker.infernalmobs.common.InfernalMobsCore/]: entity Creeper['Creeper'/574, l='ServerLevel[world]', x=-1900.70, y=14.69, z=2632.51] was spawned in unmodified before, not modifying it
[16Apr2025 19:06:48.853] [Server thread/DEBUG] [atomicstryker.infernalmobs.common.InfernalMobsCore/]: entity Skeleton['Skeleton'/575, l='ServerLevel[world]', x=-1900.60, y=36.00, z=2635.74] was spawned in unmodified before, not modifying it
[16Apr2025 19:06:48.854] [Server thread/DEBUG] [atomicstryker.infernalmobs.common.InfernalMobsCore/]: entity Skeleton['Skeleton'/577, l='ServerLevel[world]', x=-1896.57, y=37.00, z=2641.67] was spawned in unmodified before, not modifying it
[16Apr2025 19:06:48.854] [Server thread/DEBUG] [atomicstryker.infernalmobs.common.InfernalMobsCore/]: entity Zombie['Zombie'/578, l='ServerLevel[world]', x=-1889.50, y=55.00, z=2645.58] was spawned in unmodified before, not modifying it
[16Apr2025 19:06:48.996] [Server thread/DEBUG] [atomicstryker.infernalmobs.common.InfernalMobsCore/]: entity Zombie['Zombie'/588, l='ServerLevel[world]', x=-1901.50, y=-19.00, z=2486.50] was spawned in unmodified before, not modifying it
[16Apr2025 19:06:48.997] [Server thread/DEBUG] [atomicstryker.infernalmobs.common.InfernalMobsCore/]: entity EnderMan['Enderman'/589, l='ServerLevel[world]', x=-1888.50, y=-27.00, z=2491.07] was spawned in unmodified before, not modifying it
[16Apr2025 19:06:48.997] [Server thread/DEBUG] [atomicstryker.infernalmobs.common.InfernalMobsCore/]: entity Skeleton['Skeleton'/590, l='ServerLevel[world]', x=-1891.38, y=41.00, z=2514.49] was spawned in unmodified before, not modifying it
[16Apr2025 19:06:48.997] [Server thread/DEBUG] [atomicstryker.infernalmobs.common.InfernalMobsCore/]: entity Spider['Spider'/591, l='ServerLevel[world]', x=-1878.40, y=-15.00, z=2460.88] was spawned in unmodified before, not modifying it
[16Apr2025 19:06:49.047] [Server thread/DEBUG] [atomicstryker.infernalmobs.common.InfernalMobsCore/]: entity Drowned['Drowned'/598, l='ServerLevel[world]', x=-1907.50, y=20.00, z=2465.50] was spawned in unmodified before, not modifying it
[16Apr2025 19:06:49.047] [Server thread/DEBUG] [atomicstryker.infernalmobs.common.InfernalMobsCore/]: entity Creeper['Creeper'/599, l='ServerLevel[world]', x=-1905.70, y=-19.00, z=2479.25] was spawned in unmodified before, not modifying it
[16Apr2025 19:06:49.048] [Server thread/DEBUG] [atomicstryker.infernalmobs.common.InfernalMobsCore/]: entity Zombie['Zombie'/600, l='ServerLevel[world]', x=-1905.93, y=-18.00, z=2479.94] was spawned in unmodified before, not modifying it
[16Apr2025 19:06:49.048] [Server thread/DEBUG] [atomicstryker.infernalmobs.common.InfernalMobsCore/]: entity Zombie['Zombie'/601, l='ServerLevel[world]', x=-1919.54, y=63.00, z=2516.48] was spawned in unmodified before, not modifying it
[16Apr2025 19:06:49.094] [Server thread/DEBUG] [atomicstryker.infernalmobs.common.InfernalMobsCore/]: entity Zombie['Zombie'/613, l='ServerLevel[world]', x=-1907.50, y=11.00, z=2641.50] was spawned in unmodified before, not modifying it
[16Apr2025 19:06:49.094] [Server thread/DEBUG] [atomicstryker.infernalmobs.common.InfernalMobsCore/]: entity Spider['Spider'/616, l='ServerLevel[world]', x=-1904.30, y=13.10, z=2639.70] was spawned in unmodified before, not modifying it
[16Apr2025 19:06:49.235] [Server thread/DEBUG] [atomicstryker.infernalmobs.common.InfernalMobsCore/]: entity Skeleton['Skeleton'/638, l='ServerLevel[world]', x=-1919.44, y=-30.00, z=2541.15] was spawned in unmodified before, not modifying it
[16Apr2025 19:06:49.237] [Server thread/DEBUG] [atomicstryker.infernalmobs.common.InfernalMobsCore/]: entity Skeleton['Skeleton'/666, l='ServerLevel[world]', x=-1907.48, y=-41.00, z=2571.48] was spawned in unmodified before, not modifying it
[16Apr2025 19:06:49.237] [Server thread/DEBUG] [atomicstryker.infernalmobs.common.InfernalMobsCore/]: entity Zombie['Zombie'/667, l='ServerLevel[world]', x=-1913.50, y=-42.00, z=2567.50] was spawned in unmodified before, not modifying it
[16Apr2025 19:06:49.238] [Server thread/DEBUG] [atomicstryker.infernalmobs.common.InfernalMobsCore/]: entity Spider['Spider'/668, l='ServerLevel[world]', x=-1908.48, y=-42.00, z=2560.45] was spawned in unmodified before, not modifying it
[16Apr2025 19:06:49.238] [Server thread/DEBUG] [atomicstryker.infernalmobs.common.InfernalMobsCore/]: entity Creeper['Creeper'/669, l='ServerLevel[world]', x=-1913.48, y=-20.00, z=2561.07] was spawned in unmodified before, not modifying it
[16Apr2025 19:06:49.238] [Server thread/DEBUG] [atomicstryker.infernalmobs.common.InfernalMobsCore/]: entity Skeleton['Skeleton'/671, l='ServerLevel[world]', x=-1919.62, y=-41.00, z=2579.66] was spawned in unmodified before, not modifying it
[16Apr2025 19:06:49.238] [Server thread/DEBUG] [atomicstryker.infernalmobs.common.InfernalMobsCore/]: entity Skeleton['Skeleton'/672, l='ServerLevel[world]', x=-1918.50, y=-41.00, z=2580.60] was spawned in unmodified before, not modifying it
[16Apr2025 19:06:49.239] [Server thread/DEBUG] [atomicstryker.infernalmobs.common.InfernalMobsCore/]: entity Skeleton['Skeleton'/673, l='ServerLevel[world]', x=-1904.50, y=-17.00, z=2584.50] was spawned in unmodified before, not modifying it
[16Apr2025 19:06:49.604] [Server thread/DEBUG] [atomicstryker.infernalmobs.common.InfernalMobsCore/]: entity Skeleton['Skeleton'/772, l='ServerLevel[world]', x=-1920.50, y=-41.00, z=2576.50] was spawned in unmodified before, not modifying it
[16Apr2025 19:06:49.741] [Server thread/DEBUG] [atomicstryker.infernalmobs.common.InfernalMobsCore/]: entity Skeleton['Skeleton'/777, l='ServerLevel[world]', x=-1930.50, y=-2.00, z=2438.50] was spawned in unmodified before, not modifying it
[16Apr2025 19:06:49.741] [Server thread/DEBUG] [atomicstryker.infernalmobs.common.InfernalMobsCore/]: entity Creeper['Creeper'/778, l='ServerLevel[world]', x=-1928.50, y=-2.00, z=2440.50] was spawned in unmodified before, not modifying it
[16Apr2025 19:06:49.741] [Server thread/DEBUG] [atomicstryker.infernalmobs.common.InfernalMobsCore/]: entity Drowned['Drowned'/779, l='ServerLevel[world]', x=-1929.52, y=14.00, z=2449.44] was spawned in unmodified before, not modifying it
[16Apr2025 19:06:49.741] [Server thread/DEBUG] [atomicstryker.infernalmobs.common.InfernalMobsCore/]: entity Creeper['Creeper'/784, l='ServerLevel[world]', x=-1928.54, y=-9.00, z=2474.48] was spawned in unmodified before, not modifying it
[16Apr2025 19:06:49.824] [Server thread/DEBUG] [atomicstryker.infernalmobs.common.InfernalMobsCore/]: entity Drowned['Drowned'/790, l='ServerLevel[world]', x=-1936.50, y=12.62, z=2446.50] was spawned in unmodified before, not modifying it
[16Apr2025 19:06:49.824] [Server thread/DEBUG] [atomicstryker.infernalmobs.common.InfernalMobsCore/]: entity Creeper['Creeper'/792, l='ServerLevel[world]', x=-1948.50, y=-12.00, z=2456.50] was spawned in unmodified before, not modifying it
[16Apr2025 19:06:50.102] [Server thread/DEBUG] [atomicstryker.infernalmobs.common.InfernalMobsCore/]: entity EnderMan['Enderman'/895, l='ServerLevel[world]', x=-1687.41, y=-44.31, z=2404.60] was spawned in unmodified before, not modifying it
[16Apr2025 19:06:50.267] [Server thread/DEBUG] [atomicstryker.infernalmobs.common.InfernalMobsCore/]: entity Drowned['Drowned'/911, l='ServerLevel[world]', x=-1966.50, y=37.00, z=2433.50] was spawned in unmodified before, not modifying it
[16Apr2025 19:06:50.267] [Server thread/DEBUG] [atomicstryker.infernalmobs.common.InfernalMobsCore/]: entity Spider['Spider'/913, l='ServerLevel[world]', x=-1955.74, y=-16.00, z=2489.69] was spawned in unmodified before, not modifying it
[16Apr2025 19:06:50.268] [Server thread/DEBUG] [atomicstryker.infernalmobs.common.InfernalMobsCore/]: entity Drowned['Drowned'/914, l='ServerLevel[world]', x=-1958.50, y=39.00, z=2430.50] was spawned in unmodified before, not modifying it
[16Apr2025 19:06:50.360] [Server thread/DEBUG] [atomicstryker.infernalmobs.common.InfernalMobsCore/]: entity Skeleton['Skeleton'/933, l='ServerLevel[world]', x=-1955.50, y=-22.00, z=2546.50] was spawned in unmodified before, not modifying it
[16Apr2025 19:06:50.361] [Server thread/DEBUG] [atomicstryker.infernalmobs.common.InfernalMobsCore/]: reloading mods for Spider['Spider'/934, l='ServerLevel[world]', x=-1962.50, y=20.00, z=2562.50]: Ender Ninja , mod instance atomicstryker.infernalmobs.common.mods.MM_Ender@30bd283d
[16Apr2025 19:06:51.513] [Server thread/DEBUG] [atomicstryker.infernalmobs.common.InfernalMobsCore/]: entity Skeleton['Skeleton'/995, l='ServerLevel[world]', x=-1968.93, y=20.00, z=2565.00] was spawned in unmodified before, not modifying it
[16Apr2025 19:06:51.514] [Server thread/DEBUG] [atomicstryker.infernalmobs.common.InfernalMobsCore/]: entity Skeleton['Skeleton'/996, l='ServerLevel[world]', x=-1969.58, y=20.00, z=2564.43] was spawned in unmodified before, not modifying it
[16Apr2025 19:06:53.501] [VoiceChatPacketProcessingThread/INFO] [voicechat/]: [voicechat] Successfully authenticated player 22f4a658-0c5b-3837-9359-054abaf8dcfb
[16Apr2025 19:06:53.519] [Netty Epoll Server IO #2/DEBUG] [atomicstryker.infernalmobs.common.InfernalMobsCore/]: player ServerPlayer['DavidMaster'/423, l='ServerLevel[world]', x=-1776.09, y=63.00, z=2570.64] from string DavidMaster querying server for mods of entity id 424
[16Apr2025 19:06:53.519] [Netty Epoll Server IO #2/DEBUG] [atomicstryker.infernalmobs.common.InfernalMobsCore/]: resolves to entity Zombie['Zombie'/424, l='ServerLevel[world]', x=-1838.86, y=-15.00, z=2571.48] modifiers null
[16Apr2025 19:06:53.522] [Netty Epoll Server IO #2/DEBUG] [atomicstryker.infernalmobs.common.InfernalMobsCore/]: player ServerPlayer['DavidMaster'/423, l='ServerLevel[world]', x=-1776.09, y=63.00, z=2570.64] from string DavidMaster querying server for mods of entity id 425
[16Apr2025 19:06:53.522] [Netty Epoll Server IO #2/DEBUG] [atomicstryker.infernalmobs.common.InfernalMobsCore/]: resolves to entity Skeleton['Skeleton'/425, l='ServerLevel[world]', x=-1848.51, y=14.00, z=2582.89] modifiers null
[16Apr2025 19:06:53.522] [Netty Epoll Server IO #2/DEBUG] [atomicstryker.infernalmobs.common.InfernalMobsCore/]: player ServerPlayer['DavidMaster'/423, l='ServerLevel[world]', x=-1776.09, y=63.00, z=2570.64] from string DavidMaster querying server for mods of entity id 426
[16Apr2025 19:06:53.523] [Netty Epoll Server IO #2/DEBUG] [atomicstryker.infernalmobs.common.InfernalMobsCore/]: resolves to entity Chicken['Chicken'/426, l='ServerLevel[world]', x=-1850.31, y=68.00, z=2592.70] modifiers null
[16Apr2025 19:06:53.523] [Netty Epoll Server IO #2/DEBUG] [atomicstryker.infernalmobs.common.InfernalMobsCore/]: player ServerPlayer['DavidMaster'/423, l='ServerLevel[world]', x=-1776.09, y=63.00, z=2570.64] from string DavidMaster querying server for mods of entity id 427
[16Apr2025 19:06:53.523] [Netty Epoll Server IO #2/DEBUG] [atomicstryker.infernalmobs.common.InfernalMobsCore/]: resolves to entity Pig['Pig'/427, l='ServerLevel[world]', x=-1845.35, y=68.00, z=2590.61] modifiers null
[16Apr2025 19:06:53.525] [Netty Epoll Server IO #2/DEBUG] [atomicstryker.infernalmobs.common.InfernalMobsCore/]: player ServerPlayer['DavidMaster'/423, l='ServerLevel[world]', x=-1776.09, y=63.00, z=2570.64] from string DavidMaster querying server for mods of entity id 428
[16Apr2025 19:06:53.526] [Netty Epoll Server IO #2/DEBUG] [atomicstryker.infernalmobs.common.InfernalMobsCore/]: resolves to entity Zombie['Zombie'/428, l='ServerLevel[world]', x=-1852.50, y=-15.00, z=2585.58] modifiers null
[16Apr2025 19:06:53.526] [Netty Epoll Server IO #2/DEBUG] [atomicstryker.infernalmobs.common.InfernalMobsCore/]: player ServerPlayer['DavidMaster'/423, l='ServerLevel[world]', x=-1776.09, y=63.00, z=2570.64] from string DavidMaster querying server for mods of entity id 430
[16Apr2025 19:06:53.526] [Netty Epoll Server IO #2/DEBUG] [atomicstryker.infernalmobs.common.InfernalMobsCore/]: resolves to entity Skeleton['Skeleton'/430, l='ServerLevel[world]', x=-1828.85, y=9.00, z=2577.51] modifiers null
[16Apr2025 19:06:53.553] [Netty Epoll Server IO #2/DEBUG] [atomicstryker.infernalmobs.common.InfernalMobsCore/]: player ServerPlayer['DavidMaster'/423, l='ServerLevel[world]', x=-1776.09, y=63.00, z=2570.64] from string DavidMaster querying server for mods of entity id 431
[16Apr2025 19:06:53.553] [Netty Epoll Server IO #2/DEBUG] [atomicstryker.infernalmobs.common.InfernalMobsCore/]: resolves to entity Bat['Bat'/431, l='ServerLevel[world]', x=-1803.59, y=-31.42, z=2576.40] modifiers null
[16Apr2025 19:06:53.553] [Netty Epoll Server IO #2/DEBUG] [atomicstryker.infernalmobs.common.InfernalMobsCore/]: player ServerPlayer['DavidMaster'/423, l='ServerLevel[world]', x=-1776.09, y=63.00, z=2570.64] from string DavidMaster querying server for mods of entity id 432
[16Apr2025 19:06:53.553] [Netty Epoll Server IO #2/DEBUG] [atomicstryker.infernalmobs.common.InfernalMobsCore/]: resolves to entity Bat['Bat'/432, l='ServerLevel[world]', x=-1798.82, y=-32.92, z=2574.70] modifiers null
[16Apr2025 19:06:53.568] [Netty Epoll Server IO #2/DEBUG] [atomicstryker.infernalmobs.common.InfernalMobsCore/]: player ServerPlayer['DavidMaster'/423, l='ServerLevel[world]', x=-1776.09, y=63.00, z=2570.64] from string DavidMaster querying server for mods of entity id 434
[16Apr2025 19:06:53.568] [Netty Epoll Server IO #2/DEBUG] [atomicstryker.infernalmobs.common.InfernalMobsCore/]: resolves to entity Wolf['Wolf'/434, l='ServerLevel[world]', x=-1778.94, y=63.88, z=2572.70] modifiers null
[16Apr2025 19:06:53.569] [Netty Epoll Server IO #2/DEBUG] [atomicstryker.infernalmobs.common.InfernalMobsCore/]: player ServerPlayer['DavidMaster'/423, l='ServerLevel[world]', x=-1776.09, y=63.00, z=2570.64] from string DavidMaster querying server for mods of entity id 435
[16Apr2025 19:06:53.569] [Netty Epoll Server IO #2/DEBUG] [atomicstryker.infernalmobs.common.InfernalMobsCore/]: resolves to entity GlowSquid['Glow Squid'/435, l='ServerLevel[world]', x=-1783.46, y=7.10, z=2567.60] modifiers null
[16Apr2025 19:06:53.569] [Netty Epoll Server IO #2/DEBUG] [atomicstryker.infernalmobs.common.InfernalMobsCore/]: player ServerPlayer['DavidMaster'/423, l='ServerLevel[world]', x=-1776.09, y=63.00, z=2570.64] from string DavidMaster querying server for mods of entity id 436
[16Apr2025 19:06:53.569] [Netty Epoll Server IO #2/DEBUG] [atomicstryker.infernalmobs.common.InfernalMobsCore/]: resolves to entity GlowSquid['Glow Squid'/436, l='ServerLevel[world]', x=-1785.40, y=5.67, z=2572.60] modifiers null
[16Apr2025 19:06:53.569] [Netty Epoll Server IO #2/DEBUG] [atomicstryker.infernalmobs.common.InfernalMobsCore/]: player ServerPlayer['DavidMaster'/423, l='ServerLevel[world]', x=-1776.09, y=63.00, z=2570.64] from string DavidMaster querying server for mods of entity id 437
[16Apr2025 19:06:53.570] [Netty Epoll Server IO #2/DEBUG] [atomicstryker.infernalmobs.common.InfernalMobsCore/]: resolves to entity Bat['Bat'/437, l='ServerLevel[world]', x=-1850.26, y=-15.42, z=2581.01] modifiers null
[16Apr2025 19:06:53.570] [Netty Epoll Server IO #2/DEBUG] [atomicstryker.infernalmobs.common.InfernalMobsCore/]: player ServerPlayer['DavidMaster'/423, l='ServerLevel[world]', x=-1776.09, y=63.00, z=2570.64] from string DavidMaster querying server for mods of entity id 438
[16Apr2025 19:06:53.570] [Netty Epoll Server IO #2/DEBUG] [atomicstryker.infernalmobs.common.InfernalMobsCore/]: resolves to entity Bat['Bat'/438, l='ServerLevel[world]', x=-1843.53, y=-12.54, z=2579.22] modifiers null
[16Apr2025 19:06:53.570] [Netty Epoll Server IO #2/DEBUG] [atomicstryker.infernalmobs.common.InfernalMobsCore/]: player ServerPlayer['DavidMaster'/423, l='ServerLevel[world]', x=-1776.09, y=63.00, z=2570.64] from string DavidMaster querying server for mods of entity id 441
[16Apr2025 19:06:53.570] [Netty Epoll Server IO #2/DEBUG] [atomicstryker.infernalmobs.common.InfernalMobsCore/]: resolves to entity Chicken['Chicken'/441, l='ServerLevel[world]', x=-1869.38, y=73.17, z=2588.15] modifiers null
[16Apr2025 19:06:53.571] [Netty Epoll Server IO #2/DEBUG] [atomicstryker.infernalmobs.common.InfernalMobsCore/]: player ServerPlayer['DavidMaster'/423, l='ServerLevel[world]', x=-1776.09, y=63.00, z=2570.64] from string DavidMaster querying server for mods of entity id 442
[16Apr2025 19:06:53.571] [Netty Epoll Server IO #2/DEBUG] [atomicstryker.infernalmobs.common.InfernalMobsCore/]: resolves to entity Chicken['Chicken'/442, l='ServerLevel[world]', x=-1859.10, y=72.00, z=2579.08] modifiers null
[16Apr2025 19:06:53.571] [Netty Epoll Server IO #2/DEBUG] [atomicstryker.infernalmobs.common.InfernalMobsCore/]: player ServerPlayer['DavidMaster'/423, l='ServerLevel[world]', x=-1776.09, y=63.00, z=2570.64] from string DavidMaster querying server for mods of entity id 445
[16Apr2025 19:06:53.572] [Netty Epoll Server IO #2/DEBUG] [atomicstryker.infernalmobs.common.InfernalMobsCore/]: resolves to entity Creeper['Creeper'/445, l='ServerLevel[world]', x=-1861.50, y=6.00, z=2597.50] modifiers null
[16Apr2025 19:06:53.572] [Netty Epoll Server IO #2/DEBUG] [atomicstryker.infernalmobs.common.InfernalMobsCore/]: player ServerPlayer['DavidMaster'/423, l='ServerLevel[world]', x=-1776.09, y=63.00, z=2570.64] from string DavidMaster querying server for mods of entity id 446
[16Apr2025 19:06:53.572] [Netty Epoll Server IO #2/DEBUG] [atomicstryker.infernalmobs.common.InfernalMobsCore/]: resolves to entity Creeper['Creeper'/446, l='ServerLevel[world]', x=-1860.48, y=7.00, z=2598.50] modifiers null
[16Apr2025 19:06:53.573] [Netty Epoll Server IO #2/DEBUG] [atomicstryker.infernalmobs.common.InfernalMobsCore/]: player ServerPlayer['DavidMaster'/423, l='ServerLevel[world]', x=-1776.09, y=63.00, z=2570.64] from string DavidMaster querying server for mods of entity id 447
[16Apr2025 19:06:53.573] [Netty Epoll Server IO #2/DEBUG] [atomicstryker.infernalmobs.common.InfernalMobsCore/]: resolves to entity Chicken['Chicken'/447, l='ServerLevel[world]', x=-1847.18, y=68.00, z=2608.09] modifiers null
[16Apr2025 19:06:53.573] [Netty Epoll Server IO #2/DEBUG] [atomicstryker.infernalmobs.common.InfernalMobsCore/]: player ServerPlayer['DavidMaster'/423, l='ServerLevel[world]', x=-1776.09, y=63.00, z=2570.64] from string DavidMaster querying server for mods of entity id 448
[16Apr2025 19:06:53.574] [Netty Epoll Server IO #2/DEBUG] [atomicstryker.infernalmobs.common.InfernalMobsCore/]: resolves to entity Bat['Bat'/448, l='ServerLevel[world]', x=-1801.56, y=-31.71, z=2569.22] modifiers null
[16Apr2025 19:06:53.574] [Netty Epoll Server IO #2/DEBUG] [atomicstryker.infernalmobs.common.InfernalMobsCore/]: player ServerPlayer['DavidMaster'/423, l='ServerLevel[world]', x=-1776.09, y=63.00, z=2570.64] from string DavidMaster querying server for mods of entity id 449
[16Apr2025 19:06:53.574] [Netty Epoll Server IO #2/DEBUG] [atomicstryker.infernalmobs.common.InfernalMobsCore/]: resolves to entity Bat['Bat'/449, l='ServerLevel[world]', x=-1790.45, y=-32.14, z=2579.80] modifiers null
[16Apr2025 19:06:53.575] [Netty Epoll Server IO #2/DEBUG] [atomicstryker.infernalmobs.common.InfernalMobsCore/]: player ServerPlayer['DavidMaster'/423, l='ServerLevel[world]', x=-1776.09, y=63.00, z=2570.64] from string DavidMaster querying server for mods of entity id 450
[16Apr2025 19:06:53.575] [Netty Epoll Server IO #2/DEBUG] [atomicstryker.infernalmobs.common.InfernalMobsCore/]: resolves to entity Creeper['Creeper'/450, l='ServerLevel[world]', x=-1826.76, y=22.00, z=2538.30] modifiers null
[16Apr2025 19:06:53.575] [Netty Epoll Server IO #2/DEBUG] [atomicstryker.infernalmobs.common.InfernalMobsCore/]: player ServerPlayer['DavidMaster'/423, l='ServerLevel[world]', x=-1776.09, y=63.00, z=2570.64] from string DavidMaster querying server for mods of entity id 452
[16Apr2025 19:06:53.575] [Netty Epoll Server IO #2/DEBUG] [atomicstryker.infernalmobs.common.InfernalMobsCore/]: resolves to entity Wolf['Wolf'/452, l='ServerLevel[world]', x=-1773.30, y=63.00, z=2570.98] modifiers null
[16Apr2025 19:06:53.579] [Netty Epoll Server IO #2/DEBUG] [atomicstryker.infernalmobs.common.InfernalMobsCore/]: player ServerPlayer['DavidMaster'/423, l='ServerLevel[world]', x=-1776.09, y=63.00, z=2570.64] from string DavidMaster querying server for mods of entity id 454
[16Apr2025 19:06:53.580] [Netty Epoll Server IO #2/DEBUG] [atomicstryker.infernalmobs.common.InfernalMobsCore/]: resolves to entity Wolf['Wolf'/454, l='ServerLevel[world]', x=-1772.30, y=64.00, z=2571.21] modifiers null
[16Apr2025 19:06:53.586] [Netty Epoll Server IO #2/DEBUG] [atomicstryker.infernalmobs.common.InfernalMobsCore/]: player ServerPlayer['DavidMaster'/423, l='ServerLevel[world]', x=-1776.09, y=63.00, z=2570.64] from string DavidMaster querying server for mods of entity id 455
[16Apr2025 19:06:53.586] [Netty Epoll Server IO #2/DEBUG] [atomicstryker.infernalmobs.common.InfernalMobsCore/]: resolves to entity IronGolem['Iron Golem'/455, l='ServerLevel[world]', x=-1820.24, y=55.00, z=2534.99] modifiers null
[16Apr2025 19:06:53.619] [Netty Epoll Server IO #2/DEBUG] [atomicstryker.infernalmobs.common.InfernalMobsCore/]: player ServerPlayer['DavidMaster'/423, l='ServerLevel[world]', x=-1776.09, y=63.00, z=2570.64] from string DavidMaster querying server for mods of entity id 456
[16Apr2025 19:06:53.619] [Netty Epoll Server IO #2/DEBUG] [atomicstryker.infernalmobs.common.InfernalMobsCore/]: resolves to entity Villager['Armorer'/456, l='ServerLevel[world]', x=-1820.30, y=55.00, z=2531.50] modifiers null
[16Apr2025 19:06:53.620] [Netty Epoll Server IO #2/DEBUG] [atomicstryker.infernalmobs.common.InfernalMobsCore/]: player ServerPlayer['DavidMaster'/423, l='ServerLevel[world]', x=-1776.09, y=63.00, z=2570.64] from string DavidMaster querying server for mods of entity id 457
[16Apr2025 19:06:53.620] [Netty Epoll Server IO #2/DEBUG] [atomicstryker.infernalmobs.common.InfernalMobsCore/]: resolves to entity Villager['Villager'/457, l='ServerLevel[world]', x=-1816.36, y=55.00, z=2532.25] modifiers null
[16Apr2025 19:06:53.620] [Netty Epoll Server IO #2/DEBUG] [atomicstryker.infernalmobs.common.InfernalMobsCore/]: player ServerPlayer['DavidMaster'/423, l='ServerLevel[world]', x=-1776.09, y=63.00, z=2570.64] from string DavidMaster querying server for mods of entity id 458
[16Apr2025 19:06:53.620] [Netty Epoll Server IO #2/DEBUG] [atomicstryker.infernalmobs.common.InfernalMobsCore/]: resolves to entity Villager['Cartographer'/458, l='ServerLevel[world]', x=-1821.02, y=55.56, z=2537.96] modifiers null
[16Apr2025 19:06:53.620] [Netty Epoll Server IO #2/DEBUG] [atomicstryker.infernalmobs.common.InfernalMobsCore/]: player ServerPlayer['DavidMaster'/423, l='ServerLevel[world]', x=-1776.09, y=63.00, z=2570.64] from string DavidMaster querying server for mods of entity id 459
[16Apr2025 19:06:53.621] [Netty Epoll Server IO #2/DEBUG] [atomicstryker.infernalmobs.common.InfernalMobsCore/]: resolves to entity Villager['Toolsmith'/459, l='ServerLevel[world]', x=-1817.98, y=56.00, z=2537.03] modifiers null
[16Apr2025 19:06:53.621] [Netty Epoll Server IO #2/DEBUG] [atomicstryker.infernalmobs.common.InfernalMobsCore/]: player ServerPlayer['DavidMaster'/423, l='ServerLevel[world]', x=-1776.09, y=63.00, z=2570.64] from string DavidMaster querying server for mods of entity id 460
[16Apr2025 19:06:53.621] [Netty Epoll Server IO #2/DEBUG] [atomicstryker.infernalmobs.common.InfernalMobsCore/]: resolves to entity Villager['Butcher'/460, l='ServerLevel[world]', x=-1816.52, y=55.00, z=2534.50] modifiers null
[16Apr2025 19:06:53.621] [Netty Epoll Server IO #2/DEBUG] [atomicstryker.infernalmobs.common.InfernalMobsCore/]: player ServerPlayer['DavidMaster'/423, l='ServerLevel[world]', x=-1776.09, y=63.00, z=2570.64] from string DavidMaster querying server for mods of entity id 461
[16Apr2025 19:06:53.622] [Netty Epoll Server IO #2/DEBUG] [atomicstryker.infernalmobs.common.InfernalMobsCore/]: resolves to entity Villager['Librarian'/461, l='ServerLevel[world]', x=-1815.39, y=55.00, z=2531.70] modifiers null
[16Apr2025 19:06:53.622] [Netty Epoll Server IO #2/DEBUG] [atomicstryker.infernalmobs.common.InfernalMobsCore/]: player ServerPlayer['DavidMaster'/423, l='ServerLevel[world]', x=-1776.09, y=63.00, z=2570.64] from string DavidMaster querying server for mods of entity id 462
[16Apr2025 19:06:53.623] [Netty Epoll Server IO #2/DEBUG] [atomicstryker.infernalmobs.common.InfernalMobsCore/]: resolves to entity Villager['Villager'/462, l='ServerLevel[world]', x=-1816.14, y=55.00, z=2531.49] modifiers null
[16Apr2025 19:06:53.623] [Netty Epoll Server IO #2/DEBUG] [atomicstryker.infernalmobs.common.InfernalMobsCore/]: player ServerPlayer['DavidMaster'/423, l='ServerLevel[world]', x=-1776.09, y=63.00, z=2570.64] from string DavidMaster querying server for mods of entity id 465
[16Apr2025 19:06:53.624] [Netty Epoll Server IO #2/DEBUG] [atomicstryker.infernalmobs.common.InfernalMobsCore/]: resolves to entity Squid['Squid'/465, l='ServerLevel[world]', x=-1765.09, y=56.30, z=2604.40] modifiers null
[16Apr2025 19:06:53.624] [Netty Epoll Server IO #2/DEBUG] [atomicstryker.infernalmobs.common.InfernalMobsCore/]: player ServerPlayer['DavidMaster'/423, l='ServerLevel[world]', x=-1776.09, y=63.00, z=2570.64] from string DavidMaster querying server for mods of entity id 466
[16Apr2025 19:06:53.625] [Netty Epoll Server IO #2/DEBUG] [atomicstryker.infernalmobs.common.InfernalMobsCore/]: resolves to entity Squid['Squid'/466, l='ServerLevel[world]', x=-1767.55, y=59.61, z=2605.59] modifiers null
[16Apr2025 19:06:53.625] [Netty Epoll Server IO #2/DEBUG] [atomicstryker.infernalmobs.common.InfernalMobsCore/]: player ServerPlayer['DavidMaster'/423, l='ServerLevel[world]', x=-1776.09, y=63.00, z=2570.64] from string DavidMaster querying server for mods of entity id 467
[16Apr2025 19:06:53.625] [Netty Epoll Server IO #2/DEBUG] [atomicstryker.infernalmobs.common.InfernalMobsCore/]: resolves to entity Squid['Squid'/467, l='ServerLevel[world]', x=-1777.40, y=59.13, z=2602.95] modifiers null
[16Apr2025 19:06:53.626] [Netty Epoll Server IO #2/DEBUG] [atomicstryker.infernalmobs.common.InfernalMobsCore/]: player ServerPlayer['DavidMaster'/423, l='ServerLevel[world]', x=-1776.09, y=63.00, z=2570.64] from string DavidMaster querying server for mods of entity id 468
[16Apr2025 19:06:53.626] [Netty Epoll Server IO #2/DEBUG] [atomicstryker.infernalmobs.common.InfernalMobsCore/]: resolves to entity Creeper['Creeper'/468, l='ServerLevel[world]', x=-1803.50, y=-32.00, z=2569.50] modifiers null
[16Apr2025 19:06:53.627] [Netty Epoll Server IO #2/DEBUG] [atomicstryker.infernalmobs.common.InfernalMobsCore/]: player ServerPlayer['DavidMaster'/423, l='ServerLevel[world]', x=-1776.09, y=63.00, z=2570.64] from string DavidMaster querying server for mods of entity id 469
[16Apr2025 19:06:53.627] [Netty Epoll Server IO #2/DEBUG] [atomicstryker.infernalmobs.common.InfernalMobsCore/]: resolves to entity Creeper['Creeper'/469, l='ServerLevel[world]', x=-1801.77, y=-33.00, z=2575.23] modifiers null
[16Apr2025 19:06:53.627] [Netty Epoll Server IO #2/DEBUG] [atomicstryker.infernalmobs.common.InfernalMobsCore/]: player ServerPlayer['DavidMaster'/423, l='ServerLevel[world]', x=-1776.09, y=63.00, z=2570.64] from string DavidMaster querying server for mods of entity id 470
[16Apr2025 19:06:53.627] [Netty Epoll Server IO #2/DEBUG] [atomicstryker.infernalmobs.common.InfernalMobsCore/]: resolves to entity Creeper['Creeper'/470, l='ServerLevel[world]', x=-1806.50, y=-32.00, z=2573.50] modifiers null
[16Apr2025 19:06:53.628] [Netty Epoll Server IO #2/DEBUG] [atomicstryker.infernalmobs.common.InfernalMobsCore/]: player ServerPlayer['DavidMaster'/423, l='ServerLevel[world]', x=-1776.09, y=63.00, z=2570.64] from string DavidMaster querying server for mods of entity id 471
[16Apr2025 19:06:53.628] [Netty Epoll Server IO #2/DEBUG] [atomicstryker.infernalmobs.common.InfernalMobsCore/]: resolves to entity Skeleton['Skeleton'/471, l='ServerLevel[world]', x=-1799.94, y=-33.00, z=2569.50] modifiers null
[16Apr2025 19:06:53.628] [Netty Epoll Server IO #2/DEBUG] [atomicstryker.infernalmobs.common.InfernalMobsCore/]: player ServerPlayer['DavidMaster'/423, l='ServerLevel[world]', x=-1776.09, y=63.00, z=2570.64] from string DavidMaster querying server for mods of entity id 463
[16Apr2025 19:06:53.628] [Netty Epoll Server IO #2/DEBUG] [atomicstryker.infernalmobs.common.InfernalMobsCore/]: resolves to entity GraveGuardian['Grave Guardian'/463, l='ServerLevel[world]', x=-1824.96, y=55.00, z=2520.92] modifiers null
[16Apr2025 19:06:53.628] [Netty Epoll Server IO #2/DEBUG] [atomicstryker.infernalmobs.common.InfernalMobsCore/]: player ServerPlayer['DavidMaster'/423, l='ServerLevel[world]', x=-1776.09, y=63.00, z=2570.64] from string DavidMaster querying server for mods of entity id 464
[16Apr2025 19:06:53.629] [Netty Epoll Server IO #2/DEBUG] [atomicstryker.infernalmobs.common.InfernalMobsCore/]: resolves to entity Villager['Weaponsmith'/464, l='ServerLevel[world]', x=-1821.64, y=55.00, z=2523.19] modifiers null
[16Apr2025 19:06:53.629] [Netty Epoll Server IO #2/DEBUG] [atomicstryker.infernalmobs.common.InfernalMobsCore/]: player ServerPlayer['DavidMaster'/423, l='ServerLevel[world]', x=-1776.09, y=63.00, z=2570.64] from string DavidMaster querying server for mods of entity id 476
[16Apr2025 19:06:53.629] [Netty Epoll Server IO #2/DEBUG] [atomicstryker.infernalmobs.common.InfernalMobsCore/]: resolves to entity Zombie['Zombie'/476, l='ServerLevel[world]', x=-1794.48, y=-19.00, z=2592.70] modifiers null
[16Apr2025 19:06:53.629] [Netty Epoll Server IO #2/DEBUG] [atomicstryker.infernalmobs.common.InfernalMobsCore/]: player ServerPlayer['DavidMaster'/423, l='ServerLevel[world]', x=-1776.09, y=63.00, z=2570.64] from string DavidMaster querying server for mods of entity id 472
[16Apr2025 19:06:53.630] [Netty Epoll Server IO #2/DEBUG] [atomicstryker.infernalmobs.common.InfernalMobsCore/]: resolves to entity Zombie['Zombie'/472, l='ServerLevel[world]', x=-1831.34, y=24.00, z=2521.89] modifiers null
[16Apr2025 19:06:53.630] [Netty Epoll Server IO #2/DEBUG] [atomicstryker.infernalmobs.common.InfernalMobsCore/]: player ServerPlayer['DavidMaster'/423, l='ServerLevel[world]', x=-1776.09, y=63.00, z=2570.64] from string DavidMaster querying server for mods of entity id 473
[16Apr2025 19:06:53.630] [Netty Epoll Server IO #2/DEBUG] [atomicstryker.infernalmobs.common.InfernalMobsCore/]: resolves to entity Zombie['Zombie'/473, l='ServerLevel[world]', x=-1832.14, y=23.00, z=2522.52] modifiers null
[16Apr2025 19:06:53.644] [Netty Epoll Server IO #2/DEBUG] [atomicstryker.infernalmobs.common.InfernalMobsCore/]: player ServerPlayer['DavidMaster'/423, l='ServerLevel[world]', x=-1776.09, y=63.00, z=2570.64] from string DavidMaster querying server for mods of entity id 477
[16Apr2025 19:06:53.644] [Netty Epoll Server IO #2/DEBUG] [atomicstryker.infernalmobs.common.InfernalMobsCore/]: resolves to entity Horse['Horse'/477, l='ServerLevel[world]', x=-1823.23, y=72.00, z=2639.88] modifiers null
[16Apr2025 19:06:53.668] [Netty Epoll Server IO #2/DEBUG] [atomicstryker.infernalmobs.common.InfernalMobsCore/]: player ServerPlayer['DavidMaster'/423, l='ServerLevel[world]', x=-1776.09, y=63.00, z=2570.64] from string DavidMaster querying server for mods of entity id 478
[16Apr2025 19:06:53.668] [Netty Epoll Server IO #2/DEBUG] [atomicstryker.infernalmobs.common.InfernalMobsCore/]: resolves to entity Bee['Bee'/478, l='ServerLevel[world]', x=-1726.81, y=73.69, z=2506.16] modifiers null
[16Apr2025 19:06:53.668] [Netty Epoll Server IO #2/DEBUG] [atomicstryker.infernalmobs.common.InfernalMobsCore/]: player ServerPlayer['DavidMaster'/423, l='ServerLevel[world]', x=-1776.09, y=63.00, z=2570.64] from string DavidMaster querying server for mods of entity id 479
[16Apr2025 19:06:53.669] [Netty Epoll Server IO #2/DEBUG] [atomicstryker.infernalmobs.common.InfernalMobsCore/]: resolves to entity GlowSquid['Glow Squid'/479, l='ServerLevel[world]', x=-1858.00, y=10.20, z=2514.62] modifiers null
[16Apr2025 19:06:53.669] [Netty Epoll Server IO #2/DEBUG] [atomicstryker.infernalmobs.common.InfernalMobsCore/]: player ServerPlayer['DavidMaster'/423, l='ServerLevel[world]', x=-1776.09, y=63.00, z=2570.64] from string DavidMaster querying server for mods of entity id 480
[16Apr2025 19:06:53.669] [Netty Epoll Server IO #2/DEBUG] [atomicstryker.infernalmobs.common.InfernalMobsCore/]: resolves to entity GlowSquid['Glow Squid'/480, l='ServerLevel[world]', x=-1857.60, y=13.36, z=2512.23] modifiers null
[16Apr2025 19:06:53.669] [Netty Epoll Server IO #2/DEBUG] [atomicstryker.infernalmobs.common.InfernalMobsCore/]: player ServerPlayer['DavidMaster'/423, l='ServerLevel[world]', x=-1776.09, y=63.00, z=2570.64] from string DavidMaster querying server for mods of entity id 487
[16Apr2025 19:06:53.669] [Netty Epoll Server IO #2/DEBUG] [atomicstryker.infernalmobs.common.InfernalMobsCore/]: resolves to entity GlowSquid['Glow Squid'/487, l='ServerLevel[world]', x=-1788.60, y=3.18, z=2569.40] modifiers null
[16Apr2025 19:06:53.670] [Netty Epoll Server IO #2/DEBUG] [atomicstryker.infernalmobs.common.InfernalMobsCore/]: player ServerPlayer['DavidMaster'/423, l='ServerLevel[world]', x=-1776.09, y=63.00, z=2570.64] from string DavidMaster querying server for mods of entity id 488
[16Apr2025 19:06:53.670] [Netty Epoll Server IO #2/DEBUG] [atomicstryker.infernalmobs.common.InfernalMobsCore/]: resolves to entity GlowSquid['Glow Squid'/488, l='ServerLevel[world]', x=-1785.40, y=4.10, z=2572.98] modifiers null
[16Apr2025 19:06:53.670] [Netty Epoll Server IO #2/DEBUG] [atomicstryker.infernalmobs.common.InfernalMobsCore/]: player ServerPlayer['DavidMaster'/423, l='ServerLevel[world]', x=-1776.09, y=63.00, z=2570.64] from string DavidMaster querying server for mods of entity id 489
[16Apr2025 19:06:53.670] [Netty Epoll Server IO #2/DEBUG] [atomicstryker.infernalmobs.common.InfernalMobsCore/]: resolves to entity GlowSquid['Glow Squid'/489, l='ServerLevel[world]', x=-1788.60, y=3.57, z=2570.23] modifiers null
[16Apr2025 19:06:53.670] [Netty Epoll Server IO #2/DEBUG] [atomicstryker.infernalmobs.common.InfernalMobsCore/]: player ServerPlayer['DavidMaster'/423, l='ServerLevel[world]', x=-1776.09, y=63.00, z=2570.64] from string DavidMaster querying server for mods of entity id 490
[16Apr2025 19:06:53.671] [Netty Epoll Server IO #2/DEBUG] [atomicstryker.infernalmobs.common.InfernalMobsCore/]: resolves to entity GlowSquid['Glow Squid'/490, l='ServerLevel[world]', x=-1782.40, y=1.59, z=2568.60] modifiers null
[16Apr2025 19:06:53.671] [Netty Epoll Server IO #2/DEBUG] [atomicstryker.infernalmobs.common.InfernalMobsCore/]: player ServerPlayer['DavidMaster'/423, l='ServerLevel[world]', x=-1776.09, y=63.00, z=2570.64] from string DavidMaster querying server for mods of entity id 481
[16Apr2025 19:06:53.671] [Netty Epoll Server IO #2/DEBUG] [atomicstryker.infernalmobs.common.InfernalMobsCore/]: resolves to entity Sheep['Sheep'/481, l='ServerLevel[world]', x=-1717.50, y=62.50, z=2582.50] modifiers null
[16Apr2025 19:06:53.671] [Netty Epoll Server IO #2/DEBUG] [atomicstryker.infernalmobs.common.InfernalMobsCore/]: player ServerPlayer['DavidMaster'/423, l='ServerLevel[world]', x=-1776.09, y=63.00, z=2570.64] from string DavidMaster querying server for mods of entity id 483
[16Apr2025 19:06:53.671] [Netty Epoll Server IO #2/DEBUG] [atomicstryker.infernalmobs.common.InfernalMobsCore/]: resolves to entity GlowSquid['Glow Squid'/483, l='ServerLevel[world]', x=-1845.75, y=14.04, z=2507.96] modifiers null
[16Apr2025 19:06:53.672] [Netty Epoll Server IO #2/DEBUG] [atomicstryker.infernalmobs.common.InfernalMobsCore/]: player ServerPlayer['DavidMaster'/423, l='ServerLevel[world]', x=-1776.09, y=63.00, z=2570.64] from string DavidMaster querying server for mods of entity id 484
[16Apr2025 19:06:53.672] [Netty Epoll Server IO #2/DEBUG] [atomicstryker.infernalmobs.common.InfernalMobsCore/]: resolves to entity GlowSquid['Glow Squid'/484, l='ServerLevel[world]', x=-1846.86, y=12.26, z=2505.52] modifiers null
[16Apr2025 19:06:53.672] [Netty Epoll Server IO #2/DEBUG] [atomicstryker.infernalmobs.common.InfernalMobsCore/]: player ServerPlayer['DavidMaster'/423, l='ServerLevel[world]', x=-1776.09, y=63.00, z=2570.64] from string DavidMaster querying server for mods of entity id 485
[16Apr2025 19:06:53.673] [Netty Epoll Server IO #2/DEBUG] [atomicstryker.infernalmobs.common.InfernalMobsCore/]: resolves to entity Spider['Spider'/485, l='ServerLevel[world]', x=-1830.50, y=4.10, z=2511.01] modifiers null
[16Apr2025 19:06:53.673] [Netty Epoll Server IO #2/DEBUG] [atomicstryker.infernalmobs.common.InfernalMobsCore/]: player ServerPlayer['DavidMaster'/423, l='ServerLevel[world]', x=-1776.09, y=63.00, z=2570.64] from string DavidMaster querying server for mods of entity id 486
[16Apr2025 19:06:53.674] [Netty Epoll Server IO #2/DEBUG] [atomicstryker.infernalmobs.common.InfernalMobsCore/]: resolves to entity IronGolem['Iron Golem'/486, l='ServerLevel[world]', x=-1834.01, y=62.94, z=2502.57] modifiers null
[16Apr2025 19:06:53.674] [Netty Epoll Server IO #2/DEBUG] [atomicstryker.infernalmobs.common.InfernalMobsCore/]: player ServerPlayer['DavidMaster'/423, l='ServerLevel[world]', x=-1776.09, y=63.00, z=2570.64] from string DavidMaster querying server for mods of entity id 491
[16Apr2025 19:06:53.675] [Netty Epoll Server IO #2/DEBUG] [atomicstryker.infernalmobs.common.InfernalMobsCore/]: resolves to entity Creeper['Creeper'/491, l='ServerLevel[world]', x=-1765.50, y=0.00, z=2523.26] modifiers null
[16Apr2025 19:06:53.675] [Netty Epoll Server IO #2/DEBUG] [atomicstryker.infernalmobs.common.InfernalMobsCore/]: player ServerPlayer['DavidMaster'/423, l='ServerLevel[world]', x=-1776.09, y=63.00, z=2570.64] from string DavidMaster querying server for mods of entity id 492
[16Apr2025 19:06:53.675] [Netty Epoll Server IO #2/DEBUG] [atomicstryker.infernalmobs.common.InfernalMobsCore/]: resolves to entity Bat['Bat'/492, l='ServerLevel[world]', x=-1781.75, y=-4.38, z=2553.63] modifiers null
[16Apr2025 19:06:53.676] [Netty Epoll Server IO #2/DEBUG] [atomicstryker.infernalmobs.common.InfernalMobsCore/]: player ServerPlayer['DavidMaster'/423, l='ServerLevel[world]', x=-1776.09, y=63.00, z=2570.64] from string DavidMaster querying server for mods of entity id 493
[16Apr2025 19:06:53.676] [Netty Epoll Server IO #2/DEBUG] [atomicstryker.infernalmobs.common.InfernalMobsCore/]: resolves to entity Bat['Bat'/493, l='ServerLevel[world]', x=-1778.75, y=-5.78, z=2551.34] modifiers null
[16Apr2025 19:06:53.676] [Netty Epoll Server IO #2/DEBUG] [atomicstryker.infernalmobs.common.InfernalMobsCore/]: player ServerPlayer['DavidMaster'/423, l='ServerLevel[world]', x=-1776.09, y=63.00, z=2570.64] from string DavidMaster querying server for mods of entity id 496
[16Apr2025 19:06:53.677] [Netty Epoll Server IO #2/DEBUG] [atomicstryker.infernalmobs.common.InfernalMobsCore/]: resolves to entity Skeleton['Skeleton'/496, l='ServerLevel[world]', x=-1800.50, y=-33.00, z=2581.50] modifiers null
[16Apr2025 19:06:53.677] [Netty Epoll Server IO #2/DEBUG] [atomicstryker.infernalmobs.common.InfernalMobsCore/]: player ServerPlayer['DavidMaster'/423, l='ServerLevel[world]', x=-1776.09, y=63.00, z=2570.64] from string DavidMaster querying server for mods of entity id 497
[16Apr2025 19:06:53.678] [Netty Epoll Server IO #2/DEBUG] [atomicstryker.infernalmobs.common.InfernalMobsCore/]: resolves to entity Skeleton['Skeleton'/497, l='ServerLevel[world]', x=-1802.50, y=-33.00, z=2590.54] modifiers null
[16Apr2025 19:06:53.682] [Netty Epoll Server IO #2/DEBUG] [atomicstryker.infernalmobs.common.InfernalMobsCore/]: player ServerPlayer['DavidMaster'/423, l='ServerLevel[world]', x=-1776.09, y=63.00, z=2570.64] from string DavidMaster querying server for mods of entity id 498
[16Apr2025 19:06:53.682] [Netty Epoll Server IO #2/DEBUG] [atomicstryker.infernalmobs.common.InfernalMobsCore/]: resolves to entity Skeleton['Skeleton'/498, l='ServerLevel[world]', x=-1806.52, y=-32.00, z=2586.15] modifiers atomicstryker.infernalmobs.common.mods.MM_Sticky@545fce32
[16Apr2025 19:06:53.682] [Netty Epoll Server IO #2/DEBUG] [atomicstryker.infernalmobs.common.InfernalMobsCore/]: server sending mods Sticky Quicksand LifeSteal Storm  for ent-ID 498
[16Apr2025 19:06:53.683] [Netty Epoll Server IO #2/DEBUG] [atomicstryker.infernalmobs.common.InfernalMobsCore/]: player ServerPlayer['DavidMaster'/423, l='ServerLevel[world]', x=-1776.09, y=63.00, z=2570.64] from string DavidMaster querying server for mods of entity id 499
[16Apr2025 19:06:53.683] [Netty Epoll Server IO #2/DEBUG] [atomicstryker.infernalmobs.common.InfernalMobsCore/]: resolves to entity Squid['Squid'/499, l='ServerLevel[world]', x=-1775.95, y=54.00, z=2603.43] modifiers null
[16Apr2025 19:06:53.683] [Netty Epoll Server IO #2/DEBUG] [atomicstryker.infernalmobs.common.InfernalMobsCore/]: player ServerPlayer['DavidMaster'/423, l='ServerLevel[world]', x=-1776.09, y=63.00, z=2570.64] from string DavidMaster querying server for mods of entity id 500
[16Apr2025 19:06:53.683] [Netty Epoll Server IO #2/DEBUG] [atomicstryker.infernalmobs.common.InfernalMobsCore/]: resolves to entity Squid['Squid'/500, l='ServerLevel[world]', x=-1778.60, y=54.05, z=2604.40] modifiers null
[16Apr2025 19:06:53.683] [Netty Epoll Server IO #2/DEBUG] [atomicstryker.infernalmobs.common.InfernalMobsCore/]: player ServerPlayer['DavidMaster'/423, l='ServerLevel[world]', x=-1776.09, y=63.00, z=2570.64] from string DavidMaster querying server for mods of entity id 501
[16Apr2025 19:06:53.684] [Netty Epoll Server IO #2/DEBUG] [atomicstryker.infernalmobs.common.InfernalMobsCore/]: resolves to entity Squid['Squid'/501, l='ServerLevel[world]', x=-1772.89, y=57.39, z=2609.75] modifiers null
[16Apr2025 19:06:53.684] [Netty Epoll Server IO #2/DEBUG] [atomicstryker.infernalmobs.common.InfernalMobsCore/]: player ServerPlayer['DavidMaster'/423, l='ServerLevel[world]', x=-1776.09, y=63.00, z=2570.64] from string DavidMaster querying server for mods of entity id 502
[16Apr2025 19:06:53.684] [Netty Epoll Server IO #2/DEBUG] [atomicstryker.infernalmobs.common.InfernalMobsCore/]: resolves to entity Squid['Squid'/502, l='ServerLevel[world]', x=-1776.38, y=56.09, z=2609.28] modifiers null
[16Apr2025 19:06:53.684] [Netty Epoll Server IO #2/DEBUG] [atomicstryker.infernalmobs.common.InfernalMobsCore/]: player ServerPlayer['DavidMaster'/423, l='ServerLevel[world]', x=-1776.09, y=63.00, z=2570.64] from string DavidMaster querying server for mods of entity id 494
[16Apr2025 19:06:53.684] [Netty Epoll Server IO #2/DEBUG] [atomicstryker.infernalmobs.common.InfernalMobsCore/]: resolves to entity Chicken['Chicken'/494, l='ServerLevel[world]', x=-1798.19, y=67.00, z=2496.51] modifiers null
[16Apr2025 19:06:53.684] [Netty Epoll Server IO #2/DEBUG] [atomicstryker.infernalmobs.common.InfernalMobsCore/]: player ServerPlayer['DavidMaster'/423, l='ServerLevel[world]', x=-1776.09, y=63.00, z=2570.64] from string DavidMaster querying server for mods of entity id 495
[16Apr2025 19:06:53.684] [Netty Epoll Server IO #2/DEBUG] [atomicstryker.infernalmobs.common.InfernalMobsCore/]: resolves to entity Chicken['Chicken'/495, l='ServerLevel[world]', x=-1803.89, y=70.00, z=2487.06] modifiers null
[16Apr2025 19:06:53.685] [Netty Epoll Server IO #2/DEBUG] [atomicstryker.infernalmobs.common.InfernalMobsCore/]: player ServerPlayer['DavidMaster'/423, l='ServerLevel[world]', x=-1776.09, y=63.00, z=2570.64] from string DavidMaster querying server for mods of entity id 503
[16Apr2025 19:06:53.685] [Netty Epoll Server IO #2/DEBUG] [atomicstryker.infernalmobs.common.InfernalMobsCore/]: resolves to entity Salmon['Salmon'/503, l='ServerLevel[world]', x=-1773.09, y=58.16, z=2626.90] modifiers null
[16Apr2025 19:06:53.685] [Netty Epoll Server IO #2/DEBUG] [atomicstryker.infernalmobs.common.InfernalMobsCore/]: player ServerPlayer['DavidMaster'/423, l='ServerLevel[world]', x=-1776.09, y=63.00, z=2570.64] from string DavidMaster querying server for mods of entity id 508
[16Apr2025 19:06:53.685] [Netty Epoll Server IO #2/DEBUG] [atomicstryker.infernalmobs.common.InfernalMobsCore/]: resolves to entity Creeper['Creeper'/508, l='ServerLevel[world]', x=-1826.12, y=23.00, z=2538.00] modifiers atomicstryker.infernalmobs.common.mods.MM_Blastoff@4684f072
[16Apr2025 19:06:53.685] [Netty Epoll Server IO #2/DEBUG] [atomicstryker.infernalmobs.common.InfernalMobsCore/]: server sending mods Blastoff Darkness Vengeance Bulwark Ninja Unyielding Ender  for ent-ID 508
[16Apr2025 19:06:53.686] [Netty Epoll Server IO #2/DEBUG] [atomicstryker.infernalmobs.common.InfernalMobsCore/]: player ServerPlayer['DavidMaster'/423, l='ServerLevel[world]', x=-1776.09, y=63.00, z=2570.64] from string DavidMaster querying server for mods of entity id 504
[16Apr2025 19:06:53.686] [Netty Epoll Server IO #2/DEBUG] [atomicstryker.infernalmobs.common.InfernalMobsCore/]: resolves to entity SkeletonHorse['Skeleton Horse'/504, l='ServerLevel[world]', x=-1864.34, y=76.00, z=2627.50] modifiers null
[16Apr2025 19:06:53.686] [Netty Epoll Server IO #2/DEBUG] [atomicstryker.infernalmobs.common.InfernalMobsCore/]: player ServerPlayer['DavidMaster'/423, l='ServerLevel[world]', x=-1776.09, y=63.00, z=2570.64] from string DavidMaster querying server for mods of entity id 507
[16Apr2025 19:06:53.686] [Netty Epoll Server IO #2/DEBUG] [atomicstryker.infernalmobs.common.InfernalMobsCore/]: resolves to entity Pig['Pig'/507, l='ServerLevel[world]', x=-1715.42, y=75.00, z=2494.58] modifiers null
[16Apr2025 19:06:53.686] [Netty Epoll Server IO #2/DEBUG] [atomicstryker.infernalmobs.common.InfernalMobsCore/]: player ServerPlayer['DavidMaster'/423, l='ServerLevel[world]', x=-1776.09, y=63.00, z=2570.64] from string DavidMaster querying server for mods of entity id 512
[16Apr2025 19:06:53.686] [Netty Epoll Server IO #2/DEBUG] [atomicstryker.infernalmobs.common.InfernalMobsCore/]: resolves to entity Bat['Bat'/512, l='ServerLevel[world]', x=-1731.85, y=6.13, z=2548.20] modifiers null
[16Apr2025 19:06:53.687] [Netty Epoll Server IO #2/DEBUG] [atomicstryker.infernalmobs.common.InfernalMobsCore/]: player ServerPlayer['DavidMaster'/423, l='ServerLevel[world]', x=-1776.09, y=63.00, z=2570.64] from string DavidMaster querying server for mods of entity id 513
[16Apr2025 19:06:53.687] [Netty Epoll Server IO #2/DEBUG] [atomicstryker.infernalmobs.common.InfernalMobsCore/]: resolves to entity Bat['Bat'/513, l='ServerLevel[world]', x=-1770.34, y=-4.72, z=2543.44] modifiers null
[16Apr2025 19:06:53.718] [Netty Epoll Server IO #2/DEBUG] [atomicstryker.infernalmobs.common.InfernalMobsCore/]: player ServerPlayer['DavidMaster'/423, l='ServerLevel[world]', x=-1776.09, y=63.00, z=2570.64] from string DavidMaster querying server for mods of entity id 509
[16Apr2025 19:06:53.718] [Netty Epoll Server IO #2/DEBUG] [atomicstryker.infernalmobs.common.InfernalMobsCore/]: resolves to entity Pig['Pig'/509, l='ServerLevel[world]', x=-1852.79, y=79.00, z=2647.50] modifiers null
[16Apr2025 19:06:53.718] [Netty Epoll Server IO #2/DEBUG] [atomicstryker.infernalmobs.common.InfernalMobsCore/]: player ServerPlayer['DavidMaster'/423, l='ServerLevel[world]', x=-1776.09, y=63.00, z=2570.64] from string DavidMaster querying server for mods of entity id 510
[16Apr2025 19:06:53.719] [Netty Epoll Server IO #2/DEBUG] [atomicstryker.infernalmobs.common.InfernalMobsCore/]: player ServerPlayer['DavidMaster'/423, l='ServerLevel[world]', x=-1776.09, y=63.00, z=2570.64] from string DavidMaster querying server for mods of entity id 515
[16Apr2025 19:06:53.719] [Netty Epoll Server IO #2/DEBUG] [atomicstryker.infernalmobs.common.InfernalMobsCore/]: resolves to entity Spider['Spider'/515, l='ServerLevel[world]', x=-1810.33, y=-48.00, z=2570.59] modifiers null
[16Apr2025 19:06:53.719] [Netty Epoll Server IO #2/DEBUG] [atomicstryker.infernalmobs.common.InfernalMobsCore/]: player ServerPlayer['DavidMaster'/423, l='ServerLevel[world]', x=-1776.09, y=63.00, z=2570.64] from string DavidMaster querying server for mods of entity id 519
[16Apr2025 19:06:53.719] [Netty Epoll Server IO #2/DEBUG] [atomicstryker.infernalmobs.common.InfernalMobsCore/]: resolves to entity Zombie['Zombie'/519, l='ServerLevel[world]', x=-1830.23, y=17.00, z=2557.50] modifiers null
[16Apr2025 19:06:53.719] [Netty Epoll Server IO #2/DEBUG] [atomicstryker.infernalmobs.common.InfernalMobsCore/]: player ServerPlayer['DavidMaster'/423, l='ServerLevel[world]', x=-1776.09, y=63.00, z=2570.64] from string DavidMaster querying server for mods of entity id 520
[16Apr2025 19:06:53.720] [Netty Epoll Server IO #2/DEBUG] [atomicstryker.infernalmobs.common.InfernalMobsCore/]: resolves to entity Zombie['Zombie'/520, l='ServerLevel[world]', x=-1832.51, y=18.18, z=2556.08] modifiers null
[16Apr2025 19:06:53.720] [Netty Epoll Server IO #2/DEBUG] [atomicstryker.infernalmobs.common.InfernalMobsCore/]: player ServerPlayer['DavidMaster'/423, l='ServerLevel[world]', x=-1776.09, y=63.00, z=2570.64] from string DavidMaster querying server for mods of entity id 518
[16Apr2025 19:06:53.720] [Netty Epoll Server IO #2/DEBUG] [atomicstryker.infernalmobs.common.InfernalMobsCore/]: resolves to entity Sheep['Sheep'/518, l='ServerLevel[world]', x=-1723.40, y=78.25, z=2473.41] modifiers null
[16Apr2025 19:06:53.720] [Netty Epoll Server IO #2/DEBUG] [atomicstryker.infernalmobs.common.InfernalMobsCore/]: player ServerPlayer['DavidMaster'/423, l='ServerLevel[world]', x=-1776.09, y=63.00, z=2570.64] from string DavidMaster querying server for mods of entity id 521
[16Apr2025 19:06:53.720] [Netty Epoll Server IO #2/DEBUG] [atomicstryker.infernalmobs.common.InfernalMobsCore/]: resolves to entity Bat['Bat'/521, l='ServerLevel[world]', x=-1778.05, y=-30.46, z=2586.01] modifiers null
[16Apr2025 19:06:53.721] [Netty Epoll Server IO #2/DEBUG] [atomicstryker.infernalmobs.common.InfernalMobsCore/]: player ServerPlayer['DavidMaster'/423, l='ServerLevel[world]', x=-1776.09, y=63.00, z=2570.64] from string DavidMaster querying server for mods of entity id 522
[16Apr2025 19:06:53.721] [Netty Epoll Server IO #2/DEBUG] [atomicstryker.infernalmobs.common.InfernalMobsCore/]: resolves to entity Bat['Bat'/522, l='ServerLevel[world]', x=-1791.80, y=-31.72, z=2592.40] modifiers null
[16Apr2025 19:06:53.721] [Netty Epoll Server IO #2/DEBUG] [atomicstryker.infernalmobs.common.InfernalMobsCore/]: player ServerPlayer['DavidMaster'/423, l='ServerLevel[world]', x=-1776.09, y=63.00, z=2570.64] from string DavidMaster querying server for mods of entity id 523
[16Apr2025 19:06:53.721] [Netty Epoll Server IO #2/DEBUG] [atomicstryker.infernalmobs.common.InfernalMobsCore/]: resolves to entity Bat['Bat'/523, l='ServerLevel[world]', x=-1776.62, y=-30.51, z=2580.34] modifiers null
[16Apr2025 19:06:53.722] [Netty Epoll Server IO #2/DEBUG] [atomicstryker.infernalmobs.common.InfernalMobsCore/]: player ServerPlayer['DavidMaster'/423, l='ServerLevel[world]', x=-1776.09, y=63.00, z=2570.64] from string DavidMaster querying server for mods of entity id 524
[16Apr2025 19:06:53.722] [Netty Epoll Server IO #2/DEBUG] [atomicstryker.infernalmobs.common.InfernalMobsCore/]: resolves to entity Bat['Bat'/524, l='ServerLevel[world]', x=-1784.80, y=-26.73, z=2595.55] modifiers null
[16Apr2025 19:06:53.722] [Netty Epoll Server IO #2/DEBUG] [atomicstryker.infernalmobs.common.InfernalMobsCore/]: player ServerPlayer['DavidMaster'/423, l='ServerLevel[world]', x=-1776.09, y=63.00, z=2570.64] from string DavidMaster querying server for mods of entity id 525
[16Apr2025 19:06:53.722] [Netty Epoll Server IO #2/DEBUG] [atomicstryker.infernalmobs.common.InfernalMobsCore/]: resolves to entity Creeper['Creeper'/525, l='ServerLevel[world]', x=-1834.38, y=-17.00, z=2548.14] modifiers null
[16Apr2025 19:06:53.722] [Netty Epoll Server IO #2/DEBUG] [atomicstryker.infernalmobs.common.InfernalMobsCore/]: player ServerPlayer['DavidMaster'/423, l='ServerLevel[world]', x=-1776.09, y=63.00, z=2570.64] from string DavidMaster querying server for mods of entity id 527
[16Apr2025 19:06:53.723] [Netty Epoll Server IO #2/DEBUG] [atomicstryker.infernalmobs.common.InfernalMobsCore/]: resolves to entity Skeleton['Skeleton'/527, l='ServerLevel[world]', x=-1828.72, y=-18.00, z=2549.80] modifiers null
[16Apr2025 19:06:53.723] [Netty Epoll Server IO #2/DEBUG] [atomicstryker.infernalmobs.common.InfernalMobsCore/]: player ServerPlayer['DavidMaster'/423, l='ServerLevel[world]', x=-1776.09, y=63.00, z=2570.64] from string DavidMaster querying server for mods of entity id 528
[16Apr2025 19:06:53.723] [Netty Epoll Server IO #2/DEBUG] [atomicstryker.infernalmobs.common.InfernalMobsCore/]: resolves to entity Skeleton['Skeleton'/528, l='ServerLevel[world]', x=-1833.35, y=-18.00, z=2551.50] modifiers atomicstryker.infernalmobs.common.mods.MM_Ghastly@7da49bf9
[16Apr2025 19:06:53.723] [Netty Epoll Server IO #2/DEBUG] [atomicstryker.infernalmobs.common.InfernalMobsCore/]: server sending mods Ghastly 1UP Gravity  for ent-ID 528
[16Apr2025 19:06:53.726] [Netty Epoll Server IO #2/DEBUG] [atomicstryker.infernalmobs.common.InfernalMobsCore/]: player ServerPlayer['DavidMaster'/423, l='ServerLevel[world]', x=-1776.09, y=63.00, z=2570.64] from string DavidMaster querying server for mods of entity id 529
[16Apr2025 19:06:53.727] [Netty Epoll Server IO #2/DEBUG] [atomicstryker.infernalmobs.common.InfernalMobsCore/]: resolves to entity EnderMan['Enderman'/529, l='ServerLevel[world]', x=-1877.50, y=73.00, z=2600.50] modifiers null
[16Apr2025 19:06:53.727] [Netty Epoll Server IO #2/DEBUG] [atomicstryker.infernalmobs.common.InfernalMobsCore/]: player ServerPlayer['DavidMaster'/423, l='ServerLevel[world]', x=-1776.09, y=63.00, z=2570.64] from string DavidMaster querying server for mods of entity id 530
[16Apr2025 19:06:53.727] [Netty Epoll Server IO #2/DEBUG] [atomicstryker.infernalmobs.common.InfernalMobsCore/]: resolves to entity Pig['Pig'/530, l='ServerLevel[world]', x=-1882.91, y=77.00, z=2592.17] modifiers null
[16Apr2025 19:06:53.727] [Netty Epoll Server IO #2/DEBUG] [atomicstryker.infernalmobs.common.InfernalMobsCore/]: player ServerPlayer['DavidMaster'/423, l='ServerLevel[world]', x=-1776.09, y=63.00, z=2570.64] from string DavidMaster querying server for mods of entity id 531
[16Apr2025 19:06:53.728] [Netty Epoll Server IO #2/DEBUG] [atomicstryker.infernalmobs.common.InfernalMobsCore/]: player ServerPlayer['DavidMaster'/423, l='ServerLevel[world]', x=-1776.09, y=63.00, z=2570.64] from string DavidMaster querying server for mods of entity id 533
[16Apr2025 19:06:53.728] [Netty Epoll Server IO #2/DEBUG] [atomicstryker.infernalmobs.common.InfernalMobsCore/]: resolves to entity Cow['Cow'/533, l='ServerLevel[world]', x=-1872.45, y=76.00, z=2624.53] modifiers null
[16Apr2025 19:06:53.728] [Netty Epoll Server IO #2/DEBUG] [atomicstryker.infernalmobs.common.InfernalMobsCore/]: player ServerPlayer['DavidMaster'/423, l='ServerLevel[world]', x=-1776.09, y=63.00, z=2570.64] from string DavidMaster querying server for mods of entity id 534
[16Apr2025 19:06:53.728] [Netty Epoll Server IO #2/DEBUG] [atomicstryker.infernalmobs.common.InfernalMobsCore/]: resolves to entity Zombie['Zombie'/534, l='ServerLevel[world]', x=-1882.50, y=57.00, z=2628.50] modifiers null
[16Apr2025 19:06:53.729] [Netty Epoll Server IO #2/DEBUG] [atomicstryker.infernalmobs.common.InfernalMobsCore/]: player ServerPlayer['DavidMaster'/423, l='ServerLevel[world]', x=-1776.09, y=63.00, z=2570.64] from string DavidMaster querying server for mods of entity id 535
[16Apr2025 19:06:53.729] [Netty Epoll Server IO #2/DEBUG] [atomicstryker.infernalmobs.common.InfernalMobsCore/]: resolves to entity Pig['Pig'/535, l='ServerLevel[world]', x=-1865.85, y=74.00, z=2669.53] modifiers null
[16Apr2025 19:06:53.729] [Netty Epoll Server IO #2/DEBUG] [atomicstryker.infernalmobs.common.InfernalMobsCore/]: player ServerPlayer['DavidMaster'/423, l='ServerLevel[world]', x=-1776.09, y=63.00, z=2570.64] from string DavidMaster querying server for mods of entity id 541
[16Apr2025 19:06:53.729] [Netty Epoll Server IO #2/DEBUG] [atomicstryker.infernalmobs.common.InfernalMobsCore/]: resolves to entity Creeper['Creeper'/541, l='ServerLevel[world]', x=-1879.70, y=19.00, z=2526.04] modifiers null
[16Apr2025 19:06:53.729] [Netty Epoll Server IO #2/DEBUG] [atomicstryker.infernalmobs.common.InfernalMobsCore/]: player ServerPlayer['DavidMaster'/423, l='ServerLevel[world]', x=-1776.09, y=63.00, z=2570.64] from string DavidMaster querying server for mods of entity id 542
[16Apr2025 19:06:53.729] [Netty Epoll Server IO #2/DEBUG] [atomicstryker.infernalmobs.common.InfernalMobsCore/]: player ServerPlayer['DavidMaster'/423, l='ServerLevel[world]', x=-1776.09, y=63.00, z=2570.64] from string DavidMaster querying server for mods of entity id 543
[16Apr2025 19:06:53.730] [Netty Epoll Server IO #2/DEBUG] [atomicstryker.infernalmobs.common.InfernalMobsCore/]: resolves to entity Skeleton['Skeleton'/543, l='ServerLevel[world]', x=-1874.91, y=0.00, z=2535.02] modifiers null
[16Apr2025 19:06:53.730] [Netty Epoll Server IO #2/DEBUG] [atomicstryker.infernalmobs.common.InfernalMobsCore/]: player ServerPlayer['DavidMaster'/423, l='ServerLevel[world]', x=-1776.09, y=63.00, z=2570.64] from string DavidMaster querying server for mods of entity id 544
[16Apr2025 19:06:53.730] [Netty Epoll Server IO #2/DEBUG] [atomicstryker.infernalmobs.common.InfernalMobsCore/]: resolves to entity Zombie['Zombie'/544, l='ServerLevel[world]', x=-1876.44, y=0.00, z=2536.45] modifiers null
[16Apr2025 19:06:53.730] [Netty Epoll Server IO #2/DEBUG] [atomicstryker.infernalmobs.common.InfernalMobsCore/]: player ServerPlayer['DavidMaster'/423, l='ServerLevel[world]', x=-1776.09, y=63.00, z=2570.64] from string DavidMaster querying server for mods of entity id 545
[16Apr2025 19:06:53.730] [Netty Epoll Server IO #2/DEBUG] [atomicstryker.infernalmobs.common.InfernalMobsCore/]: resolves to entity Zombie['Zombie'/545, l='ServerLevel[world]', x=-1883.22, y=0.00, z=2543.24] modifiers null
[16Apr2025 19:06:53.730] [Netty Epoll Server IO #2/DEBUG] [atomicstryker.infernalmobs.common.InfernalMobsCore/]: player ServerPlayer['DavidMaster'/423, l='ServerLevel[world]', x=-1776.09, y=63.00, z=2570.64] from string DavidMaster querying server for mods of entity id 546
[16Apr2025 19:06:53.767] [Netty Epoll Server IO #2/DEBUG] [atomicstryker.infernalmobs.common.InfernalMobsCore/]: player ServerPlayer['DavidMaster'/423, l='ServerLevel[world]', x=-1776.09, y=63.00, z=2570.64] from string DavidMaster querying server for mods of entity id 547
[16Apr2025 19:06:53.767] [Netty Epoll Server IO #2/DEBUG] [atomicstryker.infernalmobs.common.InfernalMobsCore/]: resolves to entity Zombie['Zombie'/547, l='ServerLevel[world]', x=-1883.50, y=19.00, z=2538.60] modifiers null
[16Apr2025 19:06:53.768] [Netty Epoll Server IO #2/DEBUG] [atomicstryker.infernalmobs.common.InfernalMobsCore/]: player ServerPlayer['DavidMaster'/423, l='ServerLevel[world]', x=-1776.09, y=63.00, z=2570.64] from string DavidMaster querying server for mods of entity id 548
[16Apr2025 19:06:53.768] [Netty Epoll Server IO #2/DEBUG] [atomicstryker.infernalmobs.common.InfernalMobsCore/]: resolves to entity Skeleton['Skeleton'/548, l='ServerLevel[world]', x=-1886.60, y=23.00, z=2533.03] modifiers null
[16Apr2025 19:06:53.768] [Netty Epoll Server IO #2/DEBUG] [atomicstryker.infernalmobs.common.InfernalMobsCore/]: player ServerPlayer['DavidMaster'/423, l='ServerLevel[world]', x=-1776.09, y=63.00, z=2570.64] from string DavidMaster querying server for mods of entity id 549
[16Apr2025 19:06:53.768] [Netty Epoll Server IO #2/DEBUG] [atomicstryker.infernalmobs.common.InfernalMobsCore/]: player ServerPlayer['DavidMaster'/423, l='ServerLevel[world]', x=-1776.09, y=63.00, z=2570.64] from string DavidMaster querying server for mods of entity id 550
[16Apr2025 19:06:53.768] [Netty Epoll Server IO #2/DEBUG] [atomicstryker.infernalmobs.common.InfernalMobsCore/]: player ServerPlayer['DavidMaster'/423, l='ServerLevel[world]', x=-1776.09, y=63.00, z=2570.64] from string DavidMaster querying server for mods of entity id 558
[16Apr2025 19:06:53.768] [Netty Epoll Server IO #2/DEBUG] [atomicstryker.infernalmobs.common.InfernalMobsCore/]: resolves to entity Salmon['Salmon'/558, l='ServerLevel[world]', x=-1784.50, y=60.27, z=2599.50] modifiers null
[16Apr2025 19:06:53.768] [Netty Epoll Server IO #2/DEBUG] [atomicstryker.infernalmobs.common.InfernalMobsCore/]: player ServerPlayer['DavidMaster'/423, l='ServerLevel[world]', x=-1776.09, y=63.00, z=2570.64] from string DavidMaster querying server for mods of entity id 559
[16Apr2025 19:06:53.768] [Netty Epoll Server IO #2/DEBUG] [atomicstryker.infernalmobs.common.InfernalMobsCore/]: resolves to entity Salmon['Salmon'/559, l='ServerLevel[world]', x=-1783.09, y=57.00, z=2601.19] modifiers null
[16Apr2025 19:06:53.769] [Netty Epoll Server IO #2/DEBUG] [atomicstryker.infernalmobs.common.InfernalMobsCore/]: player ServerPlayer['DavidMaster'/423, l='ServerLevel[world]', x=-1776.09, y=63.00, z=2570.64] from string DavidMaster querying server for mods of entity id 560
[16Apr2025 19:06:53.769] [Netty Epoll Server IO #2/DEBUG] [atomicstryker.infernalmobs.common.InfernalMobsCore/]: resolves to entity Salmon['Salmon'/560, l='ServerLevel[world]', x=-1785.17, y=58.23, z=2600.12] modifiers null
[16Apr2025 19:06:53.769] [Netty Epoll Server IO #2/DEBUG] [atomicstryker.infernalmobs.common.InfernalMobsCore/]: player ServerPlayer['DavidMaster'/423, l='ServerLevel[world]', x=-1776.09, y=63.00, z=2570.64] from string DavidMaster querying server for mods of entity id 551
[16Apr2025 19:06:53.769] [Netty Epoll Server IO #2/DEBUG] [atomicstryker.infernalmobs.common.InfernalMobsCore/]: resolves to entity ZombieHorse['Zombie Horse'/551, l='ServerLevel[world]', x=-1878.17, y=75.00, z=2566.69] modifiers null
[16Apr2025 19:06:53.769] [Netty Epoll Server IO #2/DEBUG] [atomicstryker.infernalmobs.common.InfernalMobsCore/]: player ServerPlayer['DavidMaster'/423, l='ServerLevel[world]', x=-1776.09, y=63.00, z=2570.64] from string DavidMaster querying server for mods of entity id 552
[16Apr2025 19:06:53.769] [Netty Epoll Server IO #2/DEBUG] [atomicstryker.infernalmobs.common.InfernalMobsCore/]: resolves to entity Chicken['Chicken'/552, l='ServerLevel[world]', x=-1879.36, y=75.00, z=2566.05] modifiers null
[16Apr2025 19:06:53.769] [Netty Epoll Server IO #2/DEBUG] [atomicstryker.infernalmobs.common.InfernalMobsCore/]: player ServerPlayer['DavidMaster'/423, l='ServerLevel[world]', x=-1776.09, y=63.00, z=2570.64] from string DavidMaster querying server for mods of entity id 553
[16Apr2025 19:06:53.769] [Netty Epoll Server IO #2/DEBUG] [atomicstryker.infernalmobs.common.InfernalMobsCore/]: resolves to entity Chicken['Chicken'/553, l='ServerLevel[world]', x=-1871.36, y=72.00, z=2567.61] modifiers null
[16Apr2025 19:06:53.770] [Netty Epoll Server IO #2/DEBUG] [atomicstryker.infernalmobs.common.InfernalMobsCore/]: player ServerPlayer['DavidMaster'/423, l='ServerLevel[world]', x=-1776.09, y=63.00, z=2570.64] from string DavidMaster querying server for mods of entity id 555
[16Apr2025 19:06:53.770] [Netty Epoll Server IO #2/DEBUG] [atomicstryker.infernalmobs.common.InfernalMobsCore/]: player ServerPlayer['DavidMaster'/423, l='ServerLevel[world]', x=-1776.09, y=63.00, z=2570.64] from string DavidMaster querying server for mods of entity id 556
[16Apr2025 19:06:53.770] [Netty Epoll Server IO #2/DEBUG] [atomicstryker.infernalmobs.common.InfernalMobsCore/]: player ServerPlayer['DavidMaster'/423, l='ServerLevel[world]', x=-1776.09, y=63.00, z=2570.64] from string DavidMaster querying server for mods of entity id 557
[16Apr2025 19:06:53.770] [Netty Epoll Server IO #2/DEBUG] [atomicstryker.infernalmobs.common.InfernalMobsCore/]: resolves to entity Pig['Pig'/557, l='ServerLevel[world]', x=-1686.79, y=69.00, z=2557.89] modifiers null
[16Apr2025 19:06:53.770] [Netty Epoll Server IO #2/DEBUG] [atomicstryker.infernalmobs.common.InfernalMobsCore/]: player ServerPlayer['DavidMaster'/423, l='ServerLevel[world]', x=-1776.09, y=63.00, z=2570.64] from string DavidMaster querying server for mods of entity id 563
[16Apr2025 19:06:53.770] [Netty Epoll Server IO #2/DEBUG] [atomicstryker.infernalmobs.common.InfernalMobsCore/]: resolves to entity Zombie['Zombie'/563, l='ServerLevel[world]', x=-1810.30, y=-45.00, z=2569.44] modifiers null
[16Apr2025 19:06:53.770] [Netty Epoll Server IO #2/DEBUG] [atomicstryker.infernalmobs.common.InfernalMobsCore/]: player ServerPlayer['DavidMaster'/423, l='ServerLevel[world]', x=-1776.09, y=63.00, z=2570.64] from string DavidMaster querying server for mods of entity id 564
[16Apr2025 19:06:53.770] [Netty Epoll Server IO #2/DEBUG] [atomicstryker.infernalmobs.common.InfernalMobsCore/]: resolves to entity Skeleton['Skeleton'/564, l='ServerLevel[world]', x=-1810.68, y=-45.00, z=2570.25] modifiers null
[16Apr2025 19:06:53.771] [Netty Epoll Server IO #2/DEBUG] [atomicstryker.infernalmobs.common.InfernalMobsCore/]: player ServerPlayer['DavidMaster'/423, l='ServerLevel[world]', x=-1776.09, y=63.00, z=2570.64] from string DavidMaster querying server for mods of entity id 566
[16Apr2025 19:06:53.771] [Netty Epoll Server IO #2/DEBUG] [atomicstryker.infernalmobs.common.InfernalMobsCore/]: resolves to entity Skeleton['Skeleton'/566, l='ServerLevel[world]', x=-1790.88, y=-13.00, z=2531.10] modifiers null
[16Apr2025 19:06:53.771] [Netty Epoll Server IO #2/DEBUG] [atomicstryker.infernalmobs.common.InfernalMobsCore/]: player ServerPlayer['DavidMaster'/423, l='ServerLevel[world]', x=-1776.09, y=63.00, z=2570.64] from string DavidMaster querying server for mods of entity id 567
[16Apr2025 19:06:53.771] [Netty Epoll Server IO #2/DEBUG] [atomicstryker.infernalmobs.common.InfernalMobsCore/]: resolves to entity Skeleton['Skeleton'/567, l='ServerLevel[world]', x=-1756.51, y=-26.00, z=2521.42] modifiers atomicstryker.infernalmobs.common.mods.MM_Vengeance@57a0f421
[16Apr2025 19:06:53.771] [Netty Epoll Server IO #2/DEBUG] [atomicstryker.infernalmobs.common.InfernalMobsCore/]: server sending mods Vengeance Sticky  for ent-ID 567
[16Apr2025 19:06:53.771] [Netty Epoll Server IO #2/DEBUG] [atomicstryker.infernalmobs.common.InfernalMobsCore/]: player ServerPlayer['DavidMaster'/423, l='ServerLevel[world]', x=-1776.09, y=63.00, z=2570.64] from string DavidMaster querying server for mods of entity id 568
[16Apr2025 19:06:53.771] [Netty Epoll Server IO #2/DEBUG] [atomicstryker.infernalmobs.common.InfernalMobsCore/]: resolves to entity Creeper['Creeper'/568, l='ServerLevel[world]', x=-1757.70, y=-25.00, z=2520.68] modifiers null
[16Apr2025 19:06:53.771] [Netty Epoll Server IO #2/DEBUG] [atomicstryker.infernalmobs.common.InfernalMobsCore/]: player ServerPlayer['DavidMaster'/423, l='ServerLevel[world]', x=-1776.09, y=63.00, z=2570.64] from string DavidMaster querying server for mods of entity id 569
[16Apr2025 19:06:53.771] [Netty Epoll Server IO #2/DEBUG] [atomicstryker.infernalmobs.common.InfernalMobsCore/]: resolves to entity Skeleton['Skeleton'/569, l='ServerLevel[world]', x=-1826.50, y=47.00, z=2612.50] modifiers null
[16Apr2025 19:06:53.772] [Netty Epoll Server IO #2/DEBUG] [atomicstryker.infernalmobs.common.InfernalMobsCore/]: player ServerPlayer['DavidMaster'/423, l='ServerLevel[world]', x=-1776.09, y=63.00, z=2570.64] from string DavidMaster querying server for mods of entity id 570
[16Apr2025 19:06:53.772] [Netty Epoll Server IO #2/DEBUG] [atomicstryker.infernalmobs.common.InfernalMobsCore/]: resolves to entity Skeleton['Skeleton'/570, l='ServerLevel[world]', x=-1825.78, y=47.00, z=2616.84] modifiers null
[16Apr2025 19:06:53.772] [Netty Epoll Server IO #2/DEBUG] [atomicstryker.infernalmobs.common.InfernalMobsCore/]: player ServerPlayer['DavidMaster'/423, l='ServerLevel[world]', x=-1776.09, y=63.00, z=2570.64] from string DavidMaster querying server for mods of entity id 583
[16Apr2025 19:06:53.772] [Netty Epoll Server IO #2/DEBUG] [atomicstryker.infernalmobs.common.InfernalMobsCore/]: resolves to entity Creeper['Creeper'/583, l='ServerLevel[world]', x=-1800.50, y=-50.00, z=2564.50] modifiers null
[16Apr2025 19:06:53.772] [Netty Epoll Server IO #2/DEBUG] [atomicstryker.infernalmobs.common.InfernalMobsCore/]: player ServerPlayer['DavidMaster'/423, l='ServerLevel[world]', x=-1776.09, y=63.00, z=2570.64] from string DavidMaster querying server for mods of entity id 571
[16Apr2025 19:06:53.772] [Netty Epoll Server IO #2/DEBUG] [atomicstryker.infernalmobs.common.InfernalMobsCore/]: resolves to entity Pig['Pig'/571, l='ServerLevel[world]', x=-1903.33, y=77.00, z=2599.64] modifiers null
[16Apr2025 19:06:53.772] [Netty Epoll Server IO #2/DEBUG] [atomicstryker.infernalmobs.common.InfernalMobsCore/]: player ServerPlayer['DavidMaster'/423, l='ServerLevel[world]', x=-1776.09, y=63.00, z=2570.64] from string DavidMaster querying server for mods of entity id 572
[16Apr2025 19:06:53.772] [Netty Epoll Server IO #2/DEBUG] [atomicstryker.infernalmobs.common.InfernalMobsCore/]: resolves to entity Pig['Pig'/572, l='ServerLevel[world]', x=-1900.35, y=77.00, z=2614.61] modifiers null
[16Apr2025 19:06:53.772] [Netty Epoll Server IO #2/DEBUG] [atomicstryker.infernalmobs.common.InfernalMobsCore/]: player ServerPlayer['DavidMaster'/423, l='ServerLevel[world]', x=-1776.09, y=63.00, z=2570.64] from string DavidMaster querying server for mods of entity id 579
[16Apr2025 19:06:53.773] [Netty Epoll Server IO #2/DEBUG] [atomicstryker.infernalmobs.common.InfernalMobsCore/]: resolves to entity Sheep['Sheep'/579, l='ServerLevel[world]', x=-1790.44, y=76.00, z=2460.61] modifiers null
[16Apr2025 19:06:53.773] [Netty Epoll Server IO #2/DEBUG] [atomicstryker.infernalmobs.common.InfernalMobsCore/]: player ServerPlayer['DavidMaster'/423, l='ServerLevel[world]', x=-1776.09, y=63.00, z=2570.64] from string DavidMaster querying server for mods of entity id 580
[16Apr2025 19:06:53.773] [Netty Epoll Server IO #2/DEBUG] [atomicstryker.infernalmobs.common.InfernalMobsCore/]: resolves to entity Sheep['Sheep'/580, l='ServerLevel[world]', x=-1807.50, y=62.59, z=2460.49] modifiers null
[16Apr2025 19:06:53.773] [Netty Epoll Server IO #2/DEBUG] [atomicstryker.infernalmobs.common.InfernalMobsCore/]: player ServerPlayer['DavidMaster'/423, l='ServerLevel[world]', x=-1776.09, y=63.00, z=2570.64] from string DavidMaster querying server for mods of entity id 581
[16Apr2025 19:06:53.773] [Netty Epoll Server IO #2/DEBUG] [atomicstryker.infernalmobs.common.InfernalMobsCore/]: resolves to entity Sheep['Sheep'/581, l='ServerLevel[world]', x=-1725.89, y=84.00, z=2451.88] modifiers null
[16Apr2025 19:06:53.773] [Netty Epoll Server IO #2/DEBUG] [atomicstryker.infernalmobs.common.InfernalMobsCore/]: player ServerPlayer['DavidMaster'/423, l='ServerLevel[world]', x=-1776.09, y=63.00, z=2570.64] from string DavidMaster querying server for mods of entity id 585
[16Apr2025 19:06:53.773] [Netty Epoll Server IO #2/DEBUG] [atomicstryker.infernalmobs.common.InfernalMobsCore/]: resolves to entity Zombie['Zombie'/585, l='ServerLevel[world]', x=-1793.47, y=-14.00, z=2528.51] modifiers null
[16Apr2025 19:06:53.773] [Netty Epoll Server IO #2/DEBUG] [atomicstryker.infernalmobs.common.InfernalMobsCore/]: player ServerPlayer['DavidMaster'/423, l='ServerLevel[world]', x=-1776.09, y=63.00, z=2570.64] from string DavidMaster querying server for mods of entity id 584
[16Apr2025 19:06:53.773] [Netty Epoll Server IO #2/DEBUG] [atomicstryker.infernalmobs.common.InfernalMobsCore/]: resolves to entity Sheep['Sheep'/584, l='ServerLevel[world]', x=-1683.09, y=76.00, z=2458.68] modifiers null
[16Apr2025 19:06:53.777] [Netty Epoll Server IO #2/DEBUG] [atomicstryker.infernalmobs.common.InfernalMobsCore/]: player ServerPlayer['DavidMaster'/423, l='ServerLevel[world]', x=-1776.09, y=63.00, z=2570.64] from string DavidMaster querying server for mods of entity id 592
[16Apr2025 19:06:53.777] [Netty Epoll Server IO #2/DEBUG] [atomicstryker.infernalmobs.common.InfernalMobsCore/]: resolves to entity Pig['Pig'/592, l='ServerLevel[world]', x=-1758.26, y=81.00, z=2432.52] modifiers null
[16Apr2025 19:06:53.817] [Netty Epoll Server IO #2/DEBUG] [atomicstryker.infernalmobs.common.InfernalMobsCore/]: player ServerPlayer['DavidMaster'/423, l='ServerLevel[world]', x=-1776.09, y=63.00, z=2570.64] from string DavidMaster querying server for mods of entity id 610
[16Apr2025 19:06:53.818] [Netty Epoll Server IO #2/DEBUG] [atomicstryker.infernalmobs.common.InfernalMobsCore/]: resolves to entity Creeper['Creeper'/610, l='ServerLevel[world]', x=-1792.50, y=-25.00, z=2559.50] modifiers null
[16Apr2025 19:06:53.818] [Netty Epoll Server IO #2/DEBUG] [atomicstryker.infernalmobs.common.InfernalMobsCore/]: player ServerPlayer['DavidMaster'/423, l='ServerLevel[world]', x=-1776.09, y=63.00, z=2570.64] from string DavidMaster querying server for mods of entity id 611
[16Apr2025 19:06:53.818] [Netty Epoll Server IO #2/DEBUG] [atomicstryker.infernalmobs.common.InfernalMobsCore/]: resolves to entity EnderMan['Enderman'/611, l='ServerLevel[world]', x=-1776.50, y=-23.00, z=2603.50] modifiers null
[16Apr2025 19:06:53.818] [Netty Epoll Server IO #2/DEBUG] [atomicstryker.infernalmobs.common.InfernalMobsCore/]: player ServerPlayer['DavidMaster'/423, l='ServerLevel[world]', x=-1776.09, y=63.00, z=2570.64] from string DavidMaster querying server for mods of entity id 593
[16Apr2025 19:06:53.818] [Netty Epoll Server IO #2/DEBUG] [atomicstryker.infernalmobs.common.InfernalMobsCore/]: resolves to entity Pig['Pig'/593, l='ServerLevel[world]', x=-1725.68, y=87.00, z=2444.54] modifiers null
[16Apr2025 19:06:53.819] [Netty Epoll Server IO #2/DEBUG] [atomicstryker.infernalmobs.common.InfernalMobsCore/]: player ServerPlayer['DavidMaster'/423, l='ServerLevel[world]', x=-1776.09, y=63.00, z=2570.64] from string DavidMaster querying server for mods of entity id 596
[16Apr2025 19:06:53.819] [Netty Epoll Server IO #2/DEBUG] [atomicstryker.infernalmobs.common.InfernalMobsCore/]: resolves to entity Pig['Pig'/596, l='ServerLevel[world]', x=-1702.55, y=84.75, z=2433.51] modifiers null
[16Apr2025 19:06:53.819] [Netty Epoll Server IO #2/DEBUG] [atomicstryker.infernalmobs.common.InfernalMobsCore/]: player ServerPlayer['DavidMaster'/423, l='ServerLevel[world]', x=-1776.09, y=63.00, z=2570.64] from string DavidMaster querying server for mods of entity id 606
[16Apr2025 19:06:53.819] [Netty Epoll Server IO #2/DEBUG] [atomicstryker.infernalmobs.common.InfernalMobsCore/]: resolves to entity Cow['Cow'/606, l='ServerLevel[world]', x=-1907.25, y=76.00, z=2602.40] modifiers null
[16Apr2025 19:06:53.819] [Netty Epoll Server IO #2/DEBUG] [atomicstryker.infernalmobs.common.InfernalMobsCore/]: player ServerPlayer['DavidMaster'/423, l='ServerLevel[world]', x=-1776.09, y=63.00, z=2570.64] from string DavidMaster querying server for mods of entity id 607
[16Apr2025 19:06:53.819] [Netty Epoll Server IO #2/DEBUG] [atomicstryker.infernalmobs.common.InfernalMobsCore/]: resolves to entity Chicken['Chicken'/607, l='ServerLevel[world]', x=-1907.11, y=74.00, z=2594.35] modifiers null
[16Apr2025 19:06:53.820] [Netty Epoll Server IO #2/DEBUG] [atomicstryker.infernalmobs.common.InfernalMobsCore/]: player ServerPlayer['DavidMaster'/423, l='ServerLevel[world]', x=-1776.09, y=63.00, z=2570.64] from string DavidMaster querying server for mods of entity id 608
[16Apr2025 19:06:53.820] [Netty Epoll Server IO #2/DEBUG] [atomicstryker.infernalmobs.common.InfernalMobsCore/]: resolves to entity Chicken['Chicken'/608, l='ServerLevel[world]', x=-1914.68, y=76.00, z=2592.57] modifiers null
[16Apr2025 19:06:53.820] [Netty Epoll Server IO #2/DEBUG] [atomicstryker.infernalmobs.common.InfernalMobsCore/]: player ServerPlayer['DavidMaster'/423, l='ServerLevel[world]', x=-1776.09, y=63.00, z=2570.64] from string DavidMaster querying server for mods of entity id 614
[16Apr2025 19:06:53.820] [Netty Epoll Server IO #2/DEBUG] [atomicstryker.infernalmobs.common.InfernalMobsCore/]: resolves to entity Pig['Pig'/614, l='ServerLevel[world]', x=-1908.32, y=77.00, z=2615.68] modifiers null
[16Apr2025 19:06:53.820] [Netty Epoll Server IO #2/DEBUG] [atomicstryker.infernalmobs.common.InfernalMobsCore/]: player ServerPlayer['DavidMaster'/423, l='ServerLevel[world]', x=-1776.09, y=63.00, z=2570.64] from string DavidMaster querying server for mods of entity id 676
[16Apr2025 19:06:53.820] [Netty Epoll Server IO #2/DEBUG] [atomicstryker.infernalmobs.common.InfernalMobsCore/]: resolves to entity Zombie['Zombie'/676, l='ServerLevel[world]', x=-1765.00, y=-26.00, z=2593.00] modifiers null
[16Apr2025 19:06:53.820] [Netty Epoll Server IO #2/DEBUG] [atomicstryker.infernalmobs.common.InfernalMobsCore/]: player ServerPlayer['DavidMaster'/423, l='ServerLevel[world]', x=-1776.09, y=63.00, z=2570.64] from string DavidMaster querying server for mods of entity id 677
[16Apr2025 19:06:53.820] [Netty Epoll Server IO #2/DEBUG] [atomicstryker.infernalmobs.common.InfernalMobsCore/]: resolves to entity Zombie['Zombie'/677, l='ServerLevel[world]', x=-1760.79, y=-29.00, z=2596.22] modifiers null
[16Apr2025 19:06:53.821] [Netty Epoll Server IO #2/DEBUG] [atomicstryker.infernalmobs.common.InfernalMobsCore/]: player ServerPlayer['DavidMaster'/423, l='ServerLevel[world]', x=-1776.09, y=63.00, z=2570.64] from string DavidMaster querying server for mods of entity id 678
[16Apr2025 19:06:53.821] [Netty Epoll Server IO #2/DEBUG] [atomicstryker.infernalmobs.common.InfernalMobsCore/]: resolves to entity Zombie['Zombie'/678, l='ServerLevel[world]', x=-1758.66, y=-27.00, z=2590.50] modifiers null
[16Apr2025 19:06:53.821] [Netty Epoll Server IO #2/DEBUG] [atomicstryker.infernalmobs.common.InfernalMobsCore/]: player ServerPlayer['DavidMaster'/423, l='ServerLevel[world]', x=-1776.09, y=63.00, z=2570.64] from string DavidMaster querying server for mods of entity id 679
[16Apr2025 19:06:53.821] [Netty Epoll Server IO #2/DEBUG] [atomicstryker.infernalmobs.common.InfernalMobsCore/]: resolves to entity Creeper['Creeper'/679, l='ServerLevel[world]', x=-1718.37, y=-35.00, z=2551.37] modifiers null
[16Apr2025 19:06:53.821] [Netty Epoll Server IO #2/DEBUG] [atomicstryker.infernalmobs.common.InfernalMobsCore/]: player ServerPlayer['DavidMaster'/423, l='ServerLevel[world]', x=-1776.09, y=63.00, z=2570.64] from string DavidMaster querying server for mods of entity id 680
[16Apr2025 19:06:53.821] [Netty Epoll Server IO #2/DEBUG] [atomicstryker.infernalmobs.common.InfernalMobsCore/]: resolves to entity Creeper['Creeper'/680, l='ServerLevel[world]', x=-1715.21, y=-35.00, z=2547.52] modifiers null
[16Apr2025 19:06:53.821] [Netty Epoll Server IO #2/DEBUG] [atomicstryker.infernalmobs.common.InfernalMobsCore/]: player ServerPlayer['DavidMaster'/423, l='ServerLevel[world]', x=-1776.09, y=63.00, z=2570.64] from string DavidMaster querying server for mods of entity id 681
[16Apr2025 19:06:53.822] [Netty Epoll Server IO #2/DEBUG] [atomicstryker.infernalmobs.common.InfernalMobsCore/]: resolves to entity Creeper['Creeper'/681, l='ServerLevel[world]', x=-1719.00, y=-35.00, z=2551.99] modifiers null
[16Apr2025 19:06:53.822] [Netty Epoll Server IO #2/DEBUG] [atomicstryker.infernalmobs.common.InfernalMobsCore/]: player ServerPlayer['DavidMaster'/423, l='ServerLevel[world]', x=-1776.09, y=63.00, z=2570.64] from string DavidMaster querying server for mods of entity id 617
[16Apr2025 19:06:53.822] [Netty Epoll Server IO #2/DEBUG] [atomicstryker.infernalmobs.common.InfernalMobsCore/]: resolves to entity Chicken['Chicken'/617, l='ServerLevel[world]', x=-1677.33, y=78.00, z=2447.31] modifiers null
[16Apr2025 19:06:53.822] [Netty Epoll Server IO #2/DEBUG] [atomicstryker.infernalmobs.common.InfernalMobsCore/]: player ServerPlayer['DavidMaster'/423, l='ServerLevel[world]', x=-1776.09, y=63.00, z=2570.64] from string DavidMaster querying server for mods of entity id 620
[16Apr2025 19:06:53.822] [Netty Epoll Server IO #2/DEBUG] [atomicstryker.infernalmobs.common.InfernalMobsCore/]: resolves to entity Horse['Horse'/620, l='ServerLevel[world]', x=-1843.00, y=85.00, z=2697.79] modifiers null
[16Apr2025 19:06:53.823] [Netty Epoll Server IO #2/DEBUG] [atomicstryker.infernalmobs.common.InfernalMobsCore/]: player ServerPlayer['DavidMaster'/423, l='ServerLevel[world]', x=-1776.09, y=63.00, z=2570.64] from string DavidMaster querying server for mods of entity id 621
[16Apr2025 19:06:53.823] [Netty Epoll Server IO #2/DEBUG] [atomicstryker.infernalmobs.common.InfernalMobsCore/]: resolves to entity Sheep['Sheep'/621, l='ServerLevel[world]', x=-1840.74, y=85.00, z=2699.24] modifiers null
[16Apr2025 19:06:53.823] [Netty Epoll Server IO #2/DEBUG] [atomicstryker.infernalmobs.common.InfernalMobsCore/]: player ServerPlayer['DavidMaster'/423, l='ServerLevel[world]', x=-1776.09, y=63.00, z=2570.64] from string DavidMaster querying server for mods of entity id 622
[16Apr2025 19:06:53.823] [Netty Epoll Server IO #2/DEBUG] [atomicstryker.infernalmobs.common.InfernalMobsCore/]: resolves to entity Pig['Pig'/622, l='ServerLevel[world]', x=-1852.55, y=85.00, z=2697.73] modifiers null
[16Apr2025 19:06:53.824] [Netty Epoll Server IO #2/DEBUG] [atomicstryker.infernalmobs.common.InfernalMobsCore/]: player ServerPlayer['DavidMaster'/423, l='ServerLevel[world]', x=-1776.09, y=63.00, z=2570.64] from string DavidMaster querying server for mods of entity id 624
[16Apr2025 19:06:53.824] [Netty Epoll Server IO #2/DEBUG] [atomicstryker.infernalmobs.common.InfernalMobsCore/]: resolves to entity Chicken['Chicken'/624, l='ServerLevel[world]', x=-1916.35, y=70.94, z=2546.56] modifiers null
[16Apr2025 19:06:53.824] [Netty Epoll Server IO #2/DEBUG] [atomicstryker.infernalmobs.common.InfernalMobsCore/]: player ServerPlayer['DavidMaster'/423, l='ServerLevel[world]', x=-1776.09, y=63.00, z=2570.64] from string DavidMaster querying server for mods of entity id 629
[16Apr2025 19:06:53.824] [Netty Epoll Server IO #2/DEBUG] [atomicstryker.infernalmobs.common.InfernalMobsCore/]: resolves to entity Chicken['Chicken'/629, l='ServerLevel[world]', x=-1918.40, y=71.00, z=2541.42] modifiers null
[16Apr2025 19:06:53.824] [Netty Epoll Server IO #2/DEBUG] [atomicstryker.infernalmobs.common.InfernalMobsCore/]: player ServerPlayer['DavidMaster'/423, l='ServerLevel[world]', x=-1776.09, y=63.00, z=2570.64] from string DavidMaster querying server for mods of entity id 630
[16Apr2025 19:06:53.824] [Netty Epoll Server IO #2/DEBUG] [atomicstryker.infernalmobs.common.InfernalMobsCore/]: resolves to entity Chicken['Chicken'/630, l='ServerLevel[world]', x=-1918.25, y=71.00, z=2540.16] modifiers null
[16Apr2025 19:06:53.825] [Netty Epoll Server IO #2/DEBUG] [atomicstryker.infernalmobs.common.InfernalMobsCore/]: player ServerPlayer['DavidMaster'/423, l='ServerLevel[world]', x=-1776.09, y=63.00, z=2570.64] from string DavidMaster querying server for mods of entity id 631
[16Apr2025 19:06:53.825] [Netty Epoll Server IO #2/DEBUG] [atomicstryker.infernalmobs.common.InfernalMobsCore/]: resolves to entity Chicken['Chicken'/631, l='ServerLevel[world]', x=-1915.70, y=70.94, z=2546.12] modifiers null
[16Apr2025 19:06:53.825] [Netty Epoll Server IO #2/DEBUG] [atomicstryker.infernalmobs.common.InfernalMobsCore/]: player ServerPlayer['DavidMaster'/423, l='ServerLevel[world]', x=-1776.09, y=63.00, z=2570.64] from string DavidMaster querying server for mods of entity id 632
[16Apr2025 19:06:53.825] [Netty Epoll Server IO #2/DEBUG] [atomicstryker.infernalmobs.common.InfernalMobsCore/]: resolves to entity Chicken['Chicken'/632, l='ServerLevel[world]', x=-1914.50, y=71.00, z=2541.02] modifiers null
[16Apr2025 19:06:53.825] [Netty Epoll Server IO #2/DEBUG] [atomicstryker.infernalmobs.common.InfernalMobsCore/]: player ServerPlayer['DavidMaster'/423, l='ServerLevel[world]', x=-1776.09, y=63.00, z=2570.64] from string DavidMaster querying server for mods of entity id 633
[16Apr2025 19:06:53.826] [Netty Epoll Server IO #2/DEBUG] [atomicstryker.infernalmobs.common.InfernalMobsCore/]: resolves to entity Chicken['Chicken'/633, l='ServerLevel[world]', x=-1917.51, y=71.00, z=2541.53] modifiers null
[16Apr2025 19:06:53.826] [Netty Epoll Server IO #2/DEBUG] [atomicstryker.infernalmobs.common.InfernalMobsCore/]: player ServerPlayer['DavidMaster'/423, l='ServerLevel[world]', x=-1776.09, y=63.00, z=2570.64] from string DavidMaster querying server for mods of entity id 634
[16Apr2025 19:06:53.826] [Netty Epoll Server IO #2/DEBUG] [atomicstryker.infernalmobs.common.InfernalMobsCore/]: resolves to entity Chicken['Chicken'/634, l='ServerLevel[world]', x=-1914.64, y=71.00, z=2543.01] modifiers null
[16Apr2025 19:06:53.826] [Netty Epoll Server IO #2/DEBUG] [atomicstryker.infernalmobs.common.InfernalMobsCore/]: player ServerPlayer['DavidMaster'/423, l='ServerLevel[world]', x=-1776.09, y=63.00, z=2570.64] from string DavidMaster querying server for mods of entity id 635
[16Apr2025 19:06:53.826] [Netty Epoll Server IO #2/DEBUG] [atomicstryker.infernalmobs.common.InfernalMobsCore/]: resolves to entity Chicken['Chicken'/635, l='ServerLevel[world]', x=-1914.99, y=71.00, z=2541.06] modifiers null
[16Apr2025 19:06:53.826] [Netty Epoll Server IO #2/DEBUG] [atomicstryker.infernalmobs.common.InfernalMobsCore/]: player ServerPlayer['DavidMaster'/423, l='ServerLevel[world]', x=-1776.09, y=63.00, z=2570.64] from string DavidMaster querying server for mods of entity id 636
[16Apr2025 19:06:53.826] [Netty Epoll Server IO #2/DEBUG] [atomicstryker.infernalmobs.common.InfernalMobsCore/]: resolves to entity Chicken['Chicken'/636, l='ServerLevel[world]', x=-1918.87, y=71.00, z=2538.51] modifiers null
[16Apr2025 19:06:53.827] [Netty Epoll Server IO #2/DEBUG] [atomicstryker.infernalmobs.common.InfernalMobsCore/]: player ServerPlayer['DavidMaster'/423, l='ServerLevel[world]', x=-1776.09, y=63.00, z=2570.64] from string DavidMaster querying server for mods of entity id 637
[16Apr2025 19:06:53.827] [Netty Epoll Server IO #2/DEBUG] [atomicstryker.infernalmobs.common.InfernalMobsCore/]: resolves to entity Chicken['Chicken'/637, l='ServerLevel[world]', x=-1916.53, y=71.00, z=2540.03] modifiers null
[16Apr2025 19:06:53.827] [Netty Epoll Server IO #2/DEBUG] [atomicstryker.infernalmobs.common.InfernalMobsCore/]: player ServerPlayer['DavidMaster'/423, l='ServerLevel[world]', x=-1776.09, y=63.00, z=2570.64] from string DavidMaster querying server for mods of entity id 639
[16Apr2025 19:06:53.827] [Netty Epoll Server IO #2/DEBUG] [atomicstryker.infernalmobs.common.InfernalMobsCore/]: resolves to entity Sheep['Sheep'/639, l='ServerLevel[world]', x=-1917.93, y=71.00, z=2556.43] modifiers null
[16Apr2025 19:06:53.827] [Netty Epoll Server IO #2/DEBUG] [atomicstryker.infernalmobs.common.InfernalMobsCore/]: player ServerPlayer['DavidMaster'/423, l='ServerLevel[world]', x=-1776.09, y=63.00, z=2570.64] from string DavidMaster querying server for mods of entity id 641
[16Apr2025 19:06:53.827] [Netty Epoll Server IO #2/DEBUG] [atomicstryker.infernalmobs.common.InfernalMobsCore/]: resolves to entity Sheep['Sheep'/641, l='ServerLevel[world]', x=-1914.50, y=71.00, z=2554.46] modifiers null
[16Apr2025 19:06:53.827] [Netty Epoll Server IO #2/DEBUG] [atomicstryker.infernalmobs.common.InfernalMobsCore/]: player ServerPlayer['DavidMaster'/423, l='ServerLevel[world]', x=-1776.09, y=63.00, z=2570.64] from string DavidMaster querying server for mods of entity id 642
[16Apr2025 19:06:53.827] [Netty Epoll Server IO #2/DEBUG] [atomicstryker.infernalmobs.common.InfernalMobsCore/]: resolves to entity Sheep['Sheep'/642, l='ServerLevel[world]', x=-1915.09, y=71.00, z=2556.32] modifiers null
[16Apr2025 19:06:53.828] [Netty Epoll Server IO #2/DEBUG] [atomicstryker.infernalmobs.common.InfernalMobsCore/]: player ServerPlayer['DavidMaster'/423, l='ServerLevel[world]', x=-1776.09, y=63.00, z=2570.64] from string DavidMaster querying server for mods of entity id 643
[16Apr2025 19:06:53.828] [Netty Epoll Server IO #2/DEBUG] [atomicstryker.infernalmobs.common.InfernalMobsCore/]: resolves to entity Sheep['Sheep'/643, l='ServerLevel[world]', x=-1919.46, y=71.00, z=2551.51] modifiers null
[16Apr2025 19:06:53.828] [Netty Epoll Server IO #2/DEBUG] [atomicstryker.infernalmobs.common.InfernalMobsCore/]: player ServerPlayer['DavidMaster'/423, l='ServerLevel[world]', x=-1776.09, y=63.00, z=2570.64] from string DavidMaster querying server for mods of entity id 646
[16Apr2025 19:06:53.828] [Netty Epoll Server IO #2/DEBUG] [atomicstryker.infernalmobs.common.InfernalMobsCore/]: resolves to entity Sheep['Sheep'/646, l='ServerLevel[world]', x=-1915.54, y=71.00, z=2555.28] modifiers null
[16Apr2025 19:06:53.828] [Netty Epoll Server IO #2/DEBUG] [atomicstryker.infernalmobs.common.InfernalMobsCore/]: player ServerPlayer['DavidMaster'/423, l='ServerLevel[world]', x=-1776.09, y=63.00, z=2570.64] from string DavidMaster querying server for mods of entity id 647
[16Apr2025 19:06:53.828] [Netty Epoll Server IO #2/DEBUG] [atomicstryker.infernalmobs.common.InfernalMobsCore/]: resolves to entity Sheep['Sheep'/647, l='ServerLevel[world]', x=-1918.78, y=71.00, z=2548.65] modifiers null
[16Apr2025 19:06:53.828] [Netty Epoll Server IO #2/DEBUG] [atomicstryker.infernalmobs.common.InfernalMobsCore/]: player ServerPlayer['DavidMaster'/423, l='ServerLevel[world]', x=-1776.09, y=63.00, z=2570.64] from string DavidMaster querying server for mods of entity id 648
[16Apr2025 19:06:53.829] [Netty Epoll Server IO #2/DEBUG] [atomicstryker.infernalmobs.common.InfernalMobsCore/]: resolves to entity Sheep['Sheep'/648, l='ServerLevel[world]', x=-1919.72, y=71.00, z=2556.55] modifiers null
[16Apr2025 19:06:53.829] [Netty Epoll Server IO #2/DEBUG] [atomicstryker.infernalmobs.common.InfernalMobsCore/]: player ServerPlayer['DavidMaster'/423, l='ServerLevel[world]', x=-1776.09, y=63.00, z=2570.64] from string DavidMaster querying server for mods of entity id 649
[16Apr2025 19:06:53.829] [Netty Epoll Server IO #2/DEBUG] [atomicstryker.infernalmobs.common.InfernalMobsCore/]: resolves to entity Sheep['Sheep'/649, l='ServerLevel[world]', x=-1915.53, y=71.00, z=2553.29] modifiers null
[16Apr2025 19:06:53.829] [Netty Epoll Server IO #2/DEBUG] [atomicstryker.infernalmobs.common.InfernalMobsCore/]: player ServerPlayer['DavidMaster'/423, l='ServerLevel[world]', x=-1776.09, y=63.00, z=2570.64] from string DavidMaster querying server for mods of entity id 650
[16Apr2025 19:06:53.830] [Netty Epoll Server IO #2/DEBUG] [atomicstryker.infernalmobs.common.InfernalMobsCore/]: resolves to entity Sheep['Sheep'/650, l='ServerLevel[world]', x=-1914.07, y=71.00, z=2551.03] modifiers null
[16Apr2025 19:06:53.830] [Netty Epoll Server IO #2/DEBUG] [atomicstryker.infernalmobs.common.InfernalMobsCore/]: player ServerPlayer['DavidMaster'/423, l='ServerLevel[world]', x=-1776.09, y=63.00, z=2570.64] from string DavidMaster querying server for mods of entity id 651
[16Apr2025 19:06:53.830] [Netty Epoll Server IO #2/DEBUG] [atomicstryker.infernalmobs.common.InfernalMobsCore/]: resolves to entity Sheep['Sheep'/651, l='ServerLevel[world]', x=-1914.07, y=71.00, z=2555.34] modifiers null
[16Apr2025 19:06:53.830] [Netty Epoll Server IO #2/DEBUG] [atomicstryker.infernalmobs.common.InfernalMobsCore/]: player ServerPlayer['DavidMaster'/423, l='ServerLevel[world]', x=-1776.09, y=63.00, z=2570.64] from string DavidMaster querying server for mods of entity id 652
[16Apr2025 19:06:53.830] [Netty Epoll Server IO #2/DEBUG] [atomicstryker.infernalmobs.common.InfernalMobsCore/]: resolves to entity Sheep['Sheep'/652, l='ServerLevel[world]', x=-1914.71, y=71.00, z=2550.15] modifiers null
[16Apr2025 19:06:53.831] [Netty Epoll Server IO #2/DEBUG] [atomicstryker.infernalmobs.common.InfernalMobsCore/]: player ServerPlayer['DavidMaster'/423, l='ServerLevel[world]', x=-1776.09, y=63.00, z=2570.64] from string DavidMaster querying server for mods of entity id 653
[16Apr2025 19:06:53.831] [Netty Epoll Server IO #2/DEBUG] [atomicstryker.infernalmobs.common.InfernalMobsCore/]: resolves to entity Chicken['Chicken'/653, l='ServerLevel[world]', x=-1917.48, y=71.00, z=2544.07] modifiers null
[16Apr2025 19:06:53.831] [Netty Epoll Server IO #2/DEBUG] [atomicstryker.infernalmobs.common.InfernalMobsCore/]: player ServerPlayer['DavidMaster'/423, l='ServerLevel[world]', x=-1776.09, y=63.00, z=2570.64] from string DavidMaster querying server for mods of entity id 654
[16Apr2025 19:06:53.831] [Netty Epoll Server IO #2/DEBUG] [atomicstryker.infernalmobs.common.InfernalMobsCore/]: resolves to entity Sheep['Sheep'/654, l='ServerLevel[world]', x=-1915.51, y=71.00, z=2554.29] modifiers null
[16Apr2025 19:06:53.832] [Netty Epoll Server IO #2/DEBUG] [atomicstryker.infernalmobs.common.InfernalMobsCore/]: player ServerPlayer['DavidMaster'/423, l='ServerLevel[world]', x=-1776.09, y=63.00, z=2570.64] from string DavidMaster querying server for mods of entity id 655
[16Apr2025 19:06:53.832] [Netty Epoll Server IO #2/DEBUG] [atomicstryker.infernalmobs.common.InfernalMobsCore/]: resolves to entity Chicken['Chicken'/655, l='ServerLevel[world]', x=-1918.19, y=71.00, z=2547.01] modifiers null
[16Apr2025 19:06:53.832] [Netty Epoll Server IO #2/DEBUG] [atomicstryker.infernalmobs.common.InfernalMobsCore/]: player ServerPlayer['DavidMaster'/423, l='ServerLevel[world]', x=-1776.09, y=63.00, z=2570.64] from string DavidMaster querying server for mods of entity id 656
[16Apr2025 19:06:53.832] [Netty Epoll Server IO #2/DEBUG] [atomicstryker.infernalmobs.common.InfernalMobsCore/]: resolves to entity Sheep['Sheep'/656, l='ServerLevel[world]', x=-1915.75, y=71.00, z=2550.18] modifiers null
[16Apr2025 19:06:53.832] [Netty Epoll Server IO #2/DEBUG] [atomicstryker.infernalmobs.common.InfernalMobsCore/]: player ServerPlayer['DavidMaster'/423, l='ServerLevel[world]', x=-1776.09, y=63.00, z=2570.64] from string DavidMaster querying server for mods of entity id 657
[16Apr2025 19:06:53.833] [Netty Epoll Server IO #2/DEBUG] [atomicstryker.infernalmobs.common.InfernalMobsCore/]: resolves to entity Sheep['Sheep'/657, l='ServerLevel[world]', x=-1917.17, y=71.00, z=2548.19] modifiers null
[16Apr2025 19:06:53.833] [Netty Epoll Server IO #2/DEBUG] [atomicstryker.infernalmobs.common.InfernalMobsCore/]: player ServerPlayer['DavidMaster'/423, l='ServerLevel[world]', x=-1776.09, y=63.00, z=2570.64] from string DavidMaster querying server for mods of entity id 658
[16Apr2025 19:06:53.833] [Netty Epoll Server IO #2/DEBUG] [atomicstryker.infernalmobs.common.InfernalMobsCore/]: resolves to entity Sheep['Sheep'/658, l='ServerLevel[world]', x=-1915.03, y=71.00, z=2548.07] modifiers null
[16Apr2025 19:06:53.833] [Netty Epoll Server IO #2/DEBUG] [atomicstryker.infernalmobs.common.InfernalMobsCore/]: player ServerPlayer['DavidMaster'/423, l='ServerLevel[world]', x=-1776.09, y=63.00, z=2570.64] from string DavidMaster querying server for mods of entity id 659
[16Apr2025 19:06:53.833] [Netty Epoll Server IO #2/DEBUG] [atomicstryker.infernalmobs.common.InfernalMobsCore/]: resolves to entity Chicken['Chicken'/659, l='ServerLevel[world]', x=-1918.69, y=70.94, z=2546.30] modifiers null
[16Apr2025 19:06:53.833] [Netty Epoll Server IO #2/DEBUG] [atomicstryker.infernalmobs.common.InfernalMobsCore/]: player ServerPlayer['DavidMaster'/423, l='ServerLevel[world]', x=-1776.09, y=63.00, z=2570.64] from string DavidMaster querying server for mods of entity id 660
[16Apr2025 19:06:53.833] [Netty Epoll Server IO #2/DEBUG] [atomicstryker.infernalmobs.common.InfernalMobsCore/]: resolves to entity Sheep['Sheep'/660, l='ServerLevel[world]', x=-1916.80, y=71.00, z=2553.86] modifiers null
[16Apr2025 19:06:53.833] [Netty Epoll Server IO #2/DEBUG] [atomicstryker.infernalmobs.common.InfernalMobsCore/]: player ServerPlayer['DavidMaster'/423, l='ServerLevel[world]', x=-1776.09, y=63.00, z=2570.64] from string DavidMaster querying server for mods of entity id 661
[16Apr2025 19:06:53.834] [Netty Epoll Server IO #2/DEBUG] [atomicstryker.infernalmobs.common.InfernalMobsCore/]: resolves to entity Sheep['Sheep'/661, l='ServerLevel[world]', x=-1921.73, y=71.00, z=2552.20] modifiers null
[16Apr2025 19:06:53.834] [Netty Epoll Server IO #2/DEBUG] [atomicstryker.infernalmobs.common.InfernalMobsCore/]: player ServerPlayer['DavidMaster'/423, l='ServerLevel[world]', x=-1776.09, y=63.00, z=2570.64] from string DavidMaster querying server for mods of entity id 662
[16Apr2025 19:06:53.834] [Netty Epoll Server IO #2/DEBUG] [atomicstryker.infernalmobs.common.InfernalMobsCore/]: resolves to entity Sheep['Sheep'/662, l='ServerLevel[world]', x=-1916.54, y=71.00, z=2555.52] modifiers null
[16Apr2025 19:06:53.834] [Netty Epoll Server IO #2/DEBUG] [atomicstryker.infernalmobs.common.InfernalMobsCore/]: player ServerPlayer['DavidMaster'/423, l='ServerLevel[world]', x=-1776.09, y=63.00, z=2570.64] from string DavidMaster querying server for mods of entity id 663
[16Apr2025 19:06:53.834] [Netty Epoll Server IO #2/DEBUG] [atomicstryker.infernalmobs.common.InfernalMobsCore/]: resolves to entity Sheep['Sheep'/663, l='ServerLevel[world]', x=-1918.89, y=71.00, z=2556.55] modifiers null
[16Apr2025 19:06:53.835] [Netty Epoll Server IO #2/DEBUG] [atomicstryker.infernalmobs.common.InfernalMobsCore/]: player ServerPlayer['DavidMaster'/423, l='ServerLevel[world]', x=-1776.09, y=63.00, z=2570.64] from string DavidMaster querying server for mods of entity id 664
[16Apr2025 19:06:53.835] [Netty Epoll Server IO #2/DEBUG] [atomicstryker.infernalmobs.common.InfernalMobsCore/]: resolves to entity Sheep['Sheep'/664, l='ServerLevel[world]', x=-1918.85, y=71.00, z=2555.46] modifiers null
[16Apr2025 19:06:53.835] [Netty Epoll Server IO #2/DEBUG] [atomicstryker.infernalmobs.common.InfernalMobsCore/]: player ServerPlayer['DavidMaster'/423, l='ServerLevel[world]', x=-1776.09, y=63.00, z=2570.64] from string DavidMaster querying server for mods of entity id 670
[16Apr2025 19:06:53.835] [Netty Epoll Server IO #2/DEBUG] [atomicstryker.infernalmobs.common.InfernalMobsCore/]: resolves to entity Pig['Pig'/670, l='ServerLevel[world]', x=-1910.40, y=76.00, z=2591.63] modifiers null
[16Apr2025 19:06:53.835] [Netty Epoll Server IO #2/DEBUG] [atomicstryker.infernalmobs.common.InfernalMobsCore/]: player ServerPlayer['DavidMaster'/423, l='ServerLevel[world]', x=-1776.09, y=63.00, z=2570.64] from string DavidMaster querying server for mods of entity id 674
[16Apr2025 19:06:53.836] [Netty Epoll Server IO #2/DEBUG] [atomicstryker.infernalmobs.common.InfernalMobsCore/]: resolves to entity Sheep['Sheep'/674, l='ServerLevel[world]', x=-1659.46, y=74.00, z=2463.72] modifiers null
[16Apr2025 19:06:53.839] [Netty Epoll Server IO #2/DEBUG] [atomicstryker.infernalmobs.common.InfernalMobsCore/]: player ServerPlayer['DavidMaster'/423, l='ServerLevel[world]', x=-1776.09, y=63.00, z=2570.64] from string DavidMaster querying server for mods of entity id 675
[16Apr2025 19:06:53.839] [Netty Epoll Server IO #2/DEBUG] [atomicstryker.infernalmobs.common.InfernalMobsCore/]: resolves to entity Sheep['Sheep'/675, l='ServerLevel[world]', x=-1826.80, y=85.00, z=2707.20] modifiers null
[16Apr2025 19:06:53.839] [Netty Epoll Server IO #2/DEBUG] [atomicstryker.infernalmobs.common.InfernalMobsCore/]: player ServerPlayer['DavidMaster'/423, l='ServerLevel[world]', x=-1776.09, y=63.00, z=2570.64] from string DavidMaster querying server for mods of entity id 683
[16Apr2025 19:06:53.839] [Netty Epoll Server IO #2/DEBUG] [atomicstryker.infernalmobs.common.InfernalMobsCore/]: resolves to entity Pig['Pig'/683, l='ServerLevel[world]', x=-1801.35, y=78.00, z=2426.61] modifiers null
[16Apr2025 19:06:53.839] [Netty Epoll Server IO #2/DEBUG] [atomicstryker.infernalmobs.common.InfernalMobsCore/]: player ServerPlayer['DavidMaster'/423, l='ServerLevel[world]', x=-1776.09, y=63.00, z=2570.64] from string DavidMaster querying server for mods of entity id 685
[16Apr2025 19:06:53.839] [Netty Epoll Server IO #2/DEBUG] [atomicstryker.infernalmobs.common.InfernalMobsCore/]: resolves to entity Pig['Pig'/685, l='ServerLevel[world]', x=-1923.54, y=71.00, z=2568.57] modifiers null
[16Apr2025 19:06:53.840] [Netty Epoll Server IO #2/DEBUG] [atomicstryker.infernalmobs.common.InfernalMobsCore/]: player ServerPlayer['DavidMaster'/423, l='ServerLevel[world]', x=-1776.09, y=63.00, z=2570.64] from string DavidMaster querying server for mods of entity id 686
[16Apr2025 19:06:53.840] [Netty Epoll Server IO #2/DEBUG] [atomicstryker.infernalmobs.common.InfernalMobsCore/]: resolves to entity Pig['Pig'/686, l='ServerLevel[world]', x=-1921.88, y=74.00, z=2570.56] modifiers null
[16Apr2025 19:06:53.840] [Netty Epoll Server IO #2/DEBUG] [atomicstryker.infernalmobs.common.InfernalMobsCore/]: player ServerPlayer['DavidMaster'/423, l='ServerLevel[world]', x=-1776.09, y=63.00, z=2570.64] from string DavidMaster querying server for mods of entity id 690
[16Apr2025 19:06:53.840] [Netty Epoll Server IO #2/DEBUG] [atomicstryker.infernalmobs.common.InfernalMobsCore/]: resolves to entity Chicken['Chicken'/690, l='ServerLevel[world]', x=-1927.89, y=71.00, z=2538.84] modifiers null
[16Apr2025 19:06:53.840] [Netty Epoll Server IO #2/DEBUG] [atomicstryker.infernalmobs.common.InfernalMobsCore/]: player ServerPlayer['DavidMaster'/423, l='ServerLevel[world]', x=-1776.09, y=63.00, z=2570.64] from string DavidMaster querying server for mods of entity id 694
[16Apr2025 19:06:53.840] [Netty Epoll Server IO #2/DEBUG] [atomicstryker.infernalmobs.common.InfernalMobsCore/]: resolves to entity Chicken['Chicken'/694, l='ServerLevel[world]', x=-1922.46, y=71.00, z=2539.67] modifiers null
[16Apr2025 19:06:53.840] [Netty Epoll Server IO #2/DEBUG] [atomicstryker.infernalmobs.common.InfernalMobsCore/]: player ServerPlayer['DavidMaster'/423, l='ServerLevel[world]', x=-1776.09, y=63.00, z=2570.64] from string DavidMaster querying server for mods of entity id 696
[16Apr2025 19:06:53.840] [Netty Epoll Server IO #2/DEBUG] [atomicstryker.infernalmobs.common.InfernalMobsCore/]: resolves to entity Chicken['Chicken'/696, l='ServerLevel[world]', x=-1923.70, y=71.00, z=2538.60] modifiers null
[16Apr2025 19:06:53.841] [Netty Epoll Server IO #2/DEBUG] [atomicstryker.infernalmobs.common.InfernalMobsCore/]: player ServerPlayer['DavidMaster'/423, l='ServerLevel[world]', x=-1776.09, y=63.00, z=2570.64] from string DavidMaster querying server for mods of entity id 697
[16Apr2025 19:06:53.841] [Netty Epoll Server IO #2/DEBUG] [atomicstryker.infernalmobs.common.InfernalMobsCore/]: resolves to entity Chicken['Chicken'/697, l='ServerLevel[world]', x=-1920.64, y=71.00, z=2540.50] modifiers null
[16Apr2025 19:06:53.841] [Netty Epoll Server IO #2/DEBUG] [atomicstryker.infernalmobs.common.InfernalMobsCore/]: player ServerPlayer['DavidMaster'/423, l='ServerLevel[world]', x=-1776.09, y=63.00, z=2570.64] from string DavidMaster querying server for mods of entity id 698
[16Apr2025 19:06:53.841] [Netty Epoll Server IO #2/DEBUG] [atomicstryker.infernalmobs.common.InfernalMobsCore/]: resolves to entity Chicken['Chicken'/698, l='ServerLevel[world]', x=-1923.23, y=71.00, z=2541.06] modifiers null
[16Apr2025 19:06:53.842] [Netty Epoll Server IO #2/DEBUG] [atomicstryker.infernalmobs.common.InfernalMobsCore/]: player ServerPlayer['DavidMaster'/423, l='ServerLevel[world]', x=-1776.09, y=63.00, z=2570.64] from string DavidMaster querying server for mods of entity id 699
[16Apr2025 19:06:53.842] [Netty Epoll Server IO #2/DEBUG] [atomicstryker.infernalmobs.common.InfernalMobsCore/]: resolves to entity Chicken['Chicken'/699, l='ServerLevel[world]', x=-1925.08, y=71.00, z=2542.37] modifiers null
[16Apr2025 19:06:53.842] [Netty Epoll Server IO #2/DEBUG] [atomicstryker.infernalmobs.common.InfernalMobsCore/]: player ServerPlayer['DavidMaster'/423, l='ServerLevel[world]', x=-1776.09, y=63.00, z=2570.64] from string DavidMaster querying server for mods of entity id 700
[16Apr2025 19:06:53.842] [Netty Epoll Server IO #2/DEBUG] [atomicstryker.infernalmobs.common.InfernalMobsCore/]: resolves to entity Chicken['Chicken'/700, l='ServerLevel[world]', x=-1926.73, y=71.00, z=2541.29] modifiers null
[16Apr2025 19:06:53.842] [Netty Epoll Server IO #2/DEBUG] [atomicstryker.infernalmobs.common.InfernalMobsCore/]: player ServerPlayer['DavidMaster'/423, l='ServerLevel[world]', x=-1776.09, y=63.00, z=2570.64] from string DavidMaster querying server for mods of entity id 702
[16Apr2025 19:06:53.843] [Netty Epoll Server IO #2/DEBUG] [atomicstryker.infernalmobs.common.InfernalMobsCore/]: resolves to entity Chicken['Chicken'/702, l='ServerLevel[world]', x=-1921.96, y=71.00, z=2538.27] modifiers null
[16Apr2025 19:06:53.843] [Netty Epoll Server IO #2/DEBUG] [atomicstryker.infernalmobs.common.InfernalMobsCore/]: player ServerPlayer['DavidMaster'/423, l='ServerLevel[world]', x=-1776.09, y=63.00, z=2570.64] from string DavidMaster querying server for mods of entity id 703
[16Apr2025 19:06:53.843] [Netty Epoll Server IO #2/DEBUG] [atomicstryker.infernalmobs.common.InfernalMobsCore/]: resolves to entity Chicken['Chicken'/703, l='ServerLevel[world]', x=-1916.53, y=70.94, z=2545.64] modifiers null
[16Apr2025 19:06:53.843] [Netty Epoll Server IO #2/DEBUG] [atomicstryker.infernalmobs.common.InfernalMobsCore/]: player ServerPlayer['DavidMaster'/423, l='ServerLevel[world]', x=-1776.09, y=63.00, z=2570.64] from string DavidMaster querying server for mods of entity id 706
[16Apr2025 19:06:53.843] [Netty Epoll Server IO #2/DEBUG] [atomicstryker.infernalmobs.common.InfernalMobsCore/]: resolves to entity Chicken['Chicken'/706, l='ServerLevel[world]', x=-1927.82, y=71.00, z=2544.37] modifiers null
[16Apr2025 19:06:53.862] [Netty Epoll Server IO #2/DEBUG] [atomicstryker.infernalmobs.common.InfernalMobsCore/]: player ServerPlayer['DavidMaster'/423, l='ServerLevel[world]', x=-1776.09, y=63.00, z=2570.64] from string DavidMaster querying server for mods of entity id 707
[16Apr2025 19:06:53.862] [Netty Epoll Server IO #2/DEBUG] [atomicstryker.infernalmobs.common.InfernalMobsCore/]: resolves to entity Chicken['Chicken'/707, l='ServerLevel[world]', x=-1927.75, y=71.00, z=2543.70] modifiers null
[16Apr2025 19:06:53.863] [Netty Epoll Server IO #2/DEBUG] [atomicstryker.infernalmobs.common.InfernalMobsCore/]: player ServerPlayer['DavidMaster'/423, l='ServerLevel[world]', x=-1776.09, y=63.00, z=2570.64] from string DavidMaster querying server for mods of entity id 708
[16Apr2025 19:06:53.863] [Netty Epoll Server IO #2/DEBUG] [atomicstryker.infernalmobs.common.InfernalMobsCore/]: resolves to entity Chicken['Chicken'/708, l='ServerLevel[world]', x=-1927.36, y=71.00, z=2543.17] modifiers null
[16Apr2025 19:06:53.863] [Netty Epoll Server IO #2/DEBUG] [atomicstryker.infernalmobs.common.InfernalMobsCore/]: player ServerPlayer['DavidMaster'/423, l='ServerLevel[world]', x=-1776.09, y=63.00, z=2570.64] from string DavidMaster querying server for mods of entity id 709
[16Apr2025 19:06:53.863] [Netty Epoll Server IO #2/DEBUG] [atomicstryker.infernalmobs.common.InfernalMobsCore/]: resolves to entity Chicken['Chicken'/709, l='ServerLevel[world]', x=-1925.94, y=71.00, z=2540.03] modifiers null
[16Apr2025 19:06:53.863] [Netty Epoll Server IO #2/DEBUG] [atomicstryker.infernalmobs.common.InfernalMobsCore/]: player ServerPlayer['DavidMaster'/423, l='ServerLevel[world]', x=-1776.09, y=63.00, z=2570.64] from string DavidMaster querying server for mods of entity id 710
[16Apr2025 19:06:53.864] [Netty Epoll Server IO #2/DEBUG] [atomicstryker.infernalmobs.common.InfernalMobsCore/]: resolves to entity Chicken['Chicken'/710, l='ServerLevel[world]', x=-1926.86, y=71.00, z=2542.20] modifiers null
[16Apr2025 19:06:53.867] [Netty Epoll Server IO #2/DEBUG] [atomicstryker.infernalmobs.common.InfernalMobsCore/]: player ServerPlayer['DavidMaster'/423, l='ServerLevel[world]', x=-1776.09, y=63.00, z=2570.64] from string DavidMaster querying server for mods of entity id 711
[16Apr2025 19:06:53.867] [Netty Epoll Server IO #2/DEBUG] [atomicstryker.infernalmobs.common.InfernalMobsCore/]: resolves to entity Chicken['Chicken'/711, l='ServerLevel[world]', x=-1924.20, y=71.00, z=2543.28] modifiers null
[16Apr2025 19:06:53.868] [Netty Epoll Server IO #2/DEBUG] [atomicstryker.infernalmobs.common.InfernalMobsCore/]: player ServerPlayer['DavidMaster'/423, l='ServerLevel[world]', x=-1776.09, y=63.00, z=2570.64] from string DavidMaster querying server for mods of entity id 712
[16Apr2025 19:06:53.868] [Netty Epoll Server IO #2/DEBUG] [atomicstryker.infernalmobs.common.InfernalMobsCore/]: resolves to entity Chicken['Chicken'/712, l='ServerLevel[world]', x=-1923.72, y=71.00, z=2540.91] modifiers null
[16Apr2025 19:06:53.868] [Netty Epoll Server IO #2/DEBUG] [atomicstryker.infernalmobs.common.InfernalMobsCore/]: player ServerPlayer['DavidMaster'/423, l='ServerLevel[world]', x=-1776.09, y=63.00, z=2570.64] from string DavidMaster querying server for mods of entity id 713
[16Apr2025 19:06:53.868] [Netty Epoll Server IO #2/DEBUG] [atomicstryker.infernalmobs.common.InfernalMobsCore/]: resolves to entity Chicken['Chicken'/713, l='ServerLevel[world]', x=-1922.71, y=71.00, z=2541.37] modifiers null
[16Apr2025 19:06:53.868] [Netty Epoll Server IO #2/DEBUG] [atomicstryker.infernalmobs.common.InfernalMobsCore/]: player ServerPlayer['DavidMaster'/423, l='ServerLevel[world]', x=-1776.09, y=63.00, z=2570.64] from string DavidMaster querying server for mods of entity id 714
[16Apr2025 19:06:53.868] [Netty Epoll Server IO #2/DEBUG] [atomicstryker.infernalmobs.common.InfernalMobsCore/]: resolves to entity Chicken['Chicken'/714, l='ServerLevel[world]', x=-1921.87, y=71.00, z=2541.13] modifiers null
[16Apr2025 19:06:53.868] [Netty Epoll Server IO #2/DEBUG] [atomicstryker.infernalmobs.common.InfernalMobsCore/]: player ServerPlayer['DavidMaster'/423, l='ServerLevel[world]', x=-1776.09, y=63.00, z=2570.64] from string DavidMaster querying server for mods of entity id 715
[16Apr2025 19:06:53.869] [Netty Epoll Server IO #2/DEBUG] [atomicstryker.infernalmobs.common.InfernalMobsCore/]: resolves to entity Chicken['Chicken'/715, l='ServerLevel[world]', x=-1927.49, y=71.00, z=2546.29] modifiers null
[16Apr2025 19:06:53.869] [Netty Epoll Server IO #2/DEBUG] [atomicstryker.infernalmobs.common.InfernalMobsCore/]: player ServerPlayer['DavidMaster'/423, l='ServerLevel[world]', x=-1776.09, y=63.00, z=2570.64] from string DavidMaster querying server for mods of entity id 716
[16Apr2025 19:06:53.869] [Netty Epoll Server IO #2/DEBUG] [atomicstryker.infernalmobs.common.InfernalMobsCore/]: resolves to entity Wolf['Wolf'/716, l='ServerLevel[world]', x=-1933.07, y=71.00, z=2556.70] modifiers null
[16Apr2025 19:06:53.869] [Netty Epoll Server IO #2/DEBUG] [atomicstryker.infernalmobs.common.InfernalMobsCore/]: player ServerPlayer['DavidMaster'/423, l='ServerLevel[world]', x=-1776.09, y=63.00, z=2570.64] from string DavidMaster querying server for mods of entity id 718
[16Apr2025 19:06:53.869] [Netty Epoll Server IO #2/DEBUG] [atomicstryker.infernalmobs.common.InfernalMobsCore/]: resolves to entity Sheep['Sheep'/718, l='ServerLevel[world]', x=-1920.72, y=71.00, z=2556.55] modifiers null
[16Apr2025 19:06:53.869] [Netty Epoll Server IO #2/DEBUG] [atomicstryker.infernalmobs.common.InfernalMobsCore/]: player ServerPlayer['DavidMaster'/423, l='ServerLevel[world]', x=-1776.09, y=63.00, z=2570.64] from string DavidMaster querying server for mods of entity id 719
[16Apr2025 19:06:53.869] [Netty Epoll Server IO #2/DEBUG] [atomicstryker.infernalmobs.common.InfernalMobsCore/]: resolves to entity Sheep['Sheep'/719, l='ServerLevel[world]', x=-1926.36, y=71.00, z=2554.60] modifiers null
[16Apr2025 19:06:53.869] [Netty Epoll Server IO #2/DEBUG] [atomicstryker.infernalmobs.common.InfernalMobsCore/]: player ServerPlayer['DavidMaster'/423, l='ServerLevel[world]', x=-1776.09, y=63.00, z=2570.64] from string DavidMaster querying server for mods of entity id 720
[16Apr2025 19:06:53.870] [Netty Epoll Server IO #2/DEBUG] [atomicstryker.infernalmobs.common.InfernalMobsCore/]: resolves to entity Sheep['Sheep'/720, l='ServerLevel[world]', x=-1927.93, y=71.00, z=2554.22] modifiers null
[16Apr2025 19:06:53.870] [Netty Epoll Server IO #2/DEBUG] [atomicstryker.infernalmobs.common.InfernalMobsCore/]: player ServerPlayer['DavidMaster'/423, l='ServerLevel[world]', x=-1776.09, y=63.00, z=2570.64] from string DavidMaster querying server for mods of entity id 721
[16Apr2025 19:06:53.870] [Netty Epoll Server IO #2/DEBUG] [atomicstryker.infernalmobs.common.InfernalMobsCore/]: resolves to entity Sheep['Sheep'/721, l='ServerLevel[world]', x=-1925.73, y=71.00, z=2553.42] modifiers null
[16Apr2025 19:06:53.870] [Netty Epoll Server IO #2/DEBUG] [atomicstryker.infernalmobs.common.InfernalMobsCore/]: player ServerPlayer['DavidMaster'/423, l='ServerLevel[world]', x=-1776.09, y=63.00, z=2570.64] from string DavidMaster querying server for mods of entity id 724
[16Apr2025 19:06:53.870] [Netty Epoll Server IO #2/DEBUG] [atomicstryker.infernalmobs.common.InfernalMobsCore/]: resolves to entity Sheep['Sheep'/724, l='ServerLevel[world]', x=-1927.31, y=71.00, z=2553.26] modifiers null
[16Apr2025 19:06:53.870] [Netty Epoll Server IO #2/DEBUG] [atomicstryker.infernalmobs.common.InfernalMobsCore/]: player ServerPlayer['DavidMaster'/423, l='ServerLevel[world]', x=-1776.09, y=63.00, z=2570.64] from string DavidMaster querying server for mods of entity id 725
[16Apr2025 19:06:53.870] [Netty Epoll Server IO #2/DEBUG] [atomicstryker.infernalmobs.common.InfernalMobsCore/]: resolves to entity Sheep['Sheep'/725, l='ServerLevel[world]', x=-1926.97, y=71.00, z=2551.43] modifiers null
[16Apr2025 19:06:53.870] [Netty Epoll Server IO #2/DEBUG] [atomicstryker.infernalmobs.common.InfernalMobsCore/]: player ServerPlayer['DavidMaster'/423, l='ServerLevel[world]', x=-1776.09, y=63.00, z=2570.64] from string DavidMaster querying server for mods of entity id 726
[16Apr2025 19:06:53.870] [Netty Epoll Server IO #2/DEBUG] [atomicstryker.infernalmobs.common.InfernalMobsCore/]: resolves to entity Sheep['Sheep'/726, l='ServerLevel[world]', x=-1922.05, y=71.00, z=2549.94] modifiers null
[16Apr2025 19:06:53.871] [Netty Epoll Server IO #2/DEBUG] [atomicstryker.infernalmobs.common.InfernalMobsCore/]: player ServerPlayer['DavidMaster'/423, l='ServerLevel[world]', x=-1776.09, y=63.00, z=2570.64] from string DavidMaster querying server for mods of entity id 729
[16Apr2025 19:06:53.871] [Netty Epoll Server IO #2/DEBUG] [atomicstryker.infernalmobs.common.InfernalMobsCore/]: resolves to entity Sheep['Sheep'/729, l='ServerLevel[world]', x=-1926.44, y=71.00, z=2555.63] modifiers null
[16Apr2025 19:06:53.871] [Netty Epoll Server IO #2/DEBUG] [atomicstryker.infernalmobs.common.InfernalMobsCore/]: player ServerPlayer['DavidMaster'/423, l='ServerLevel[world]', x=-1776.09, y=63.00, z=2570.64] from string DavidMaster querying server for mods of entity id 730
[16Apr2025 19:06:53.871] [Netty Epoll Server IO #2/DEBUG] [atomicstryker.infernalmobs.common.InfernalMobsCore/]: resolves to entity Sheep['Sheep'/730, l='ServerLevel[world]', x=-1919.29, y=71.00, z=2550.54] modifiers null
[16Apr2025 19:06:53.871] [Netty Epoll Server IO #2/DEBUG] [atomicstryker.infernalmobs.common.InfernalMobsCore/]: player ServerPlayer['DavidMaster'/423, l='ServerLevel[world]', x=-1776.09, y=63.00, z=2570.64] from string DavidMaster querying server for mods of entity id 731
[16Apr2025 19:06:53.871] [Netty Epoll Server IO #2/DEBUG] [atomicstryker.infernalmobs.common.InfernalMobsCore/]: resolves to entity Sheep['Sheep'/731, l='ServerLevel[world]', x=-1927.41, y=71.00, z=2555.07] modifiers null
[16Apr2025 19:06:53.871] [Netty Epoll Server IO #2/DEBUG] [atomicstryker.infernalmobs.common.InfernalMobsCore/]: player ServerPlayer['DavidMaster'/423, l='ServerLevel[world]', x=-1776.09, y=63.00, z=2570.64] from string DavidMaster querying server for mods of entity id 732
[16Apr2025 19:06:53.871] [Netty Epoll Server IO #2/DEBUG] [atomicstryker.infernalmobs.common.InfernalMobsCore/]: resolves to entity Chicken['Chicken'/732, l='ServerLevel[world]', x=-1918.97, y=70.94, z=2546.58] modifiers null
[16Apr2025 19:06:53.872] [Netty Epoll Server IO #2/DEBUG] [atomicstryker.infernalmobs.common.InfernalMobsCore/]: player ServerPlayer['DavidMaster'/423, l='ServerLevel[world]', x=-1776.09, y=63.00, z=2570.64] from string DavidMaster querying server for mods of entity id 733
[16Apr2025 19:06:53.872] [Netty Epoll Server IO #2/DEBUG] [atomicstryker.infernalmobs.common.InfernalMobsCore/]: resolves to entity Sheep['Sheep'/733, l='ServerLevel[world]', x=-1924.57, y=71.00, z=2556.46] modifiers null
[16Apr2025 19:06:53.872] [Netty Epoll Server IO #2/DEBUG] [atomicstryker.infernalmobs.common.InfernalMobsCore/]: player ServerPlayer['DavidMaster'/423, l='ServerLevel[world]', x=-1776.09, y=63.00, z=2570.64] from string DavidMaster querying server for mods of entity id 734
[16Apr2025 19:06:53.872] [Netty Epoll Server IO #2/DEBUG] [atomicstryker.infernalmobs.common.InfernalMobsCore/]: resolves to entity Chicken['Chicken'/734, l='ServerLevel[world]', x=-1924.66, y=71.00, z=2543.66] modifiers null
[16Apr2025 19:06:53.873] [Netty Epoll Server IO #2/DEBUG] [atomicstryker.infernalmobs.common.InfernalMobsCore/]: player ServerPlayer['DavidMaster'/423, l='ServerLevel[world]', x=-1776.09, y=63.00, z=2570.64] from string DavidMaster querying server for mods of entity id 735
[16Apr2025 19:06:53.873] [Netty Epoll Server IO #2/DEBUG] [atomicstryker.infernalmobs.common.InfernalMobsCore/]: resolves to entity Sheep['Sheep'/735, l='ServerLevel[world]', x=-1926.72, y=71.00, z=2556.55] modifiers null
[16Apr2025 19:06:53.873] [Netty Epoll Server IO #2/DEBUG] [atomicstryker.infernalmobs.common.InfernalMobsCore/]: player ServerPlayer['DavidMaster'/423, l='ServerLevel[world]', x=-1776.09, y=63.00, z=2570.64] from string DavidMaster querying server for mods of entity id 736
[16Apr2025 19:06:53.873] [Netty Epoll Server IO #2/DEBUG] [atomicstryker.infernalmobs.common.InfernalMobsCore/]: resolves to entity Sheep['Sheep'/736, l='ServerLevel[world]', x=-1923.49, y=71.00, z=2556.55] modifiers null
[16Apr2025 19:06:53.873] [Netty Epoll Server IO #2/DEBUG] [atomicstryker.infernalmobs.common.InfernalMobsCore/]: player ServerPlayer['DavidMaster'/423, l='ServerLevel[world]', x=-1776.09, y=63.00, z=2570.64] from string DavidMaster querying server for mods of entity id 737
[16Apr2025 19:06:53.874] [Netty Epoll Server IO #2/DEBUG] [atomicstryker.infernalmobs.common.InfernalMobsCore/]: resolves to entity Chicken['Chicken'/737, l='ServerLevel[world]', x=-1926.79, y=70.94, z=2546.65] modifiers null
[16Apr2025 19:06:53.874] [Netty Epoll Server IO #2/DEBUG] [atomicstryker.infernalmobs.common.InfernalMobsCore/]: player ServerPlayer['DavidMaster'/423, l='ServerLevel[world]', x=-1776.09, y=63.00, z=2570.64] from string DavidMaster querying server for mods of entity id 738
[16Apr2025 19:06:53.874] [Netty Epoll Server IO #2/DEBUG] [atomicstryker.infernalmobs.common.InfernalMobsCore/]: resolves to entity Chicken['Chicken'/738, l='ServerLevel[world]', x=-1924.80, y=70.94, z=2546.37] modifiers null
[16Apr2025 19:06:53.874] [Netty Epoll Server IO #2/DEBUG] [atomicstryker.infernalmobs.common.InfernalMobsCore/]: player ServerPlayer['DavidMaster'/423, l='ServerLevel[world]', x=-1776.09, y=63.00, z=2570.64] from string DavidMaster querying server for mods of entity id 739
[16Apr2025 19:06:53.874] [Netty Epoll Server IO #2/DEBUG] [atomicstryker.infernalmobs.common.InfernalMobsCore/]: resolves to entity Sheep['Sheep'/739, l='ServerLevel[world]', x=-1924.78, y=71.00, z=2554.17] modifiers null
[16Apr2025 19:06:53.875] [Netty Epoll Server IO #2/DEBUG] [atomicstryker.infernalmobs.common.InfernalMobsCore/]: player ServerPlayer['DavidMaster'/423, l='ServerLevel[world]', x=-1776.09, y=63.00, z=2570.64] from string DavidMaster querying server for mods of entity id 740
[16Apr2025 19:06:53.875] [Netty Epoll Server IO #2/DEBUG] [atomicstryker.infernalmobs.common.InfernalMobsCore/]: resolves to entity Sheep['Sheep'/740, l='ServerLevel[world]', x=-1920.34, y=71.00, z=2550.52] modifiers null
[16Apr2025 19:06:53.875] [Netty Epoll Server IO #2/DEBUG] [atomicstryker.infernalmobs.common.InfernalMobsCore/]: player ServerPlayer['DavidMaster'/423, l='ServerLevel[world]', x=-1776.09, y=63.00, z=2570.64] from string DavidMaster querying server for mods of entity id 741
[16Apr2025 19:06:53.875] [Netty Epoll Server IO #2/DEBUG] [atomicstryker.infernalmobs.common.InfernalMobsCore/]: resolves to entity Sheep['Sheep'/741, l='ServerLevel[world]', x=-1921.64, y=71.00, z=2556.55] modifiers null
[16Apr2025 19:06:53.875] [Netty Epoll Server IO #2/DEBUG] [atomicstryker.infernalmobs.common.InfernalMobsCore/]: player ServerPlayer['DavidMaster'/423, l='ServerLevel[world]', x=-1776.09, y=63.00, z=2570.64] from string DavidMaster querying server for mods of entity id 742
[16Apr2025 19:06:53.876] [Netty Epoll Server IO #2/DEBUG] [atomicstryker.infernalmobs.common.InfernalMobsCore/]: resolves to entity Sheep['Sheep'/742, l='ServerLevel[world]', x=-1920.50, y=71.00, z=2548.56] modifiers null
[16Apr2025 19:06:53.876] [Netty Epoll Server IO #2/DEBUG] [atomicstryker.infernalmobs.common.InfernalMobsCore/]: player ServerPlayer['DavidMaster'/423, l='ServerLevel[world]', x=-1776.09, y=63.00, z=2570.64] from string DavidMaster querying server for mods of entity id 743
[16Apr2025 19:06:53.876] [Netty Epoll Server IO #2/DEBUG] [atomicstryker.infernalmobs.common.InfernalMobsCore/]: resolves to entity Chicken['Chicken'/743, l='ServerLevel[world]', x=-1920.17, y=70.94, z=2546.14] modifiers null
[16Apr2025 19:06:53.876] [Netty Epoll Server IO #2/DEBUG] [atomicstryker.infernalmobs.common.InfernalMobsCore/]: player ServerPlayer['DavidMaster'/423, l='ServerLevel[world]', x=-1776.09, y=63.00, z=2570.64] from string DavidMaster querying server for mods of entity id 744
[16Apr2025 19:06:53.877] [Netty Epoll Server IO #2/DEBUG] [atomicstryker.infernalmobs.common.InfernalMobsCore/]: resolves to entity Chicken['Chicken'/744, l='ServerLevel[world]', x=-1924.34, y=71.00, z=2546.94] modifiers null
[16Apr2025 19:06:53.877] [Netty Epoll Server IO #2/DEBUG] [atomicstryker.infernalmobs.common.InfernalMobsCore/]: player ServerPlayer['DavidMaster'/423, l='ServerLevel[world]', x=-1776.09, y=63.00, z=2570.64] from string DavidMaster querying server for mods of entity id 746
[16Apr2025 19:06:53.877] [Netty Epoll Server IO #2/DEBUG] [atomicstryker.infernalmobs.common.InfernalMobsCore/]: resolves to entity Chicken['Chicken'/746, l='ServerLevel[world]', x=-1923.96, y=70.94, z=2546.31] modifiers null
[16Apr2025 19:06:53.877] [Netty Epoll Server IO #2/DEBUG] [atomicstryker.infernalmobs.common.InfernalMobsCore/]: player ServerPlayer['DavidMaster'/423, l='ServerLevel[world]', x=-1776.09, y=63.00, z=2570.64] from string DavidMaster querying server for mods of entity id 747
[16Apr2025 19:06:53.877] [Netty Epoll Server IO #2/DEBUG] [atomicstryker.infernalmobs.common.InfernalMobsCore/]: resolves to entity Chicken['Chicken'/747, l='ServerLevel[world]', x=-1923.93, y=70.94, z=2545.97] modifiers null
[16Apr2025 19:06:53.878] [Netty Epoll Server IO #2/DEBUG] [atomicstryker.infernalmobs.common.InfernalMobsCore/]: player ServerPlayer['DavidMaster'/423, l='ServerLevel[world]', x=-1776.09, y=63.00, z=2570.64] from string DavidMaster querying server for mods of entity id 748
[16Apr2025 19:06:53.878] [Netty Epoll Server IO #2/DEBUG] [atomicstryker.infernalmobs.common.InfernalMobsCore/]: resolves to entity Chicken['Chicken'/748, l='ServerLevel[world]', x=-1922.05, y=71.00, z=2545.18] modifiers null
[16Apr2025 19:06:53.878] [Netty Epoll Server IO #2/DEBUG] [atomicstryker.infernalmobs.common.InfernalMobsCore/]: player ServerPlayer['DavidMaster'/423, l='ServerLevel[world]', x=-1776.09, y=63.00, z=2570.64] from string DavidMaster querying server for mods of entity id 752
[16Apr2025 19:06:53.878] [Netty Epoll Server IO #2/DEBUG] [atomicstryker.infernalmobs.common.InfernalMobsCore/]: resolves to entity Sheep['Sheep'/752, l='ServerLevel[world]', x=-1643.49, y=72.00, z=2541.34] modifiers null
[16Apr2025 19:06:53.879] [Netty Epoll Server IO #2/DEBUG] [atomicstryker.infernalmobs.common.InfernalMobsCore/]: player ServerPlayer['DavidMaster'/423, l='ServerLevel[world]', x=-1776.09, y=63.00, z=2570.64] from string DavidMaster querying server for mods of entity id 754
[16Apr2025 19:06:53.879] [Netty Epoll Server IO #2/DEBUG] [atomicstryker.infernalmobs.common.InfernalMobsCore/]: resolves to entity Chicken['Chicken'/754, l='ServerLevel[world]', x=-1736.00, y=85.00, z=2427.08] modifiers null
[16Apr2025 19:06:53.879] [Netty Epoll Server IO #2/DEBUG] [atomicstryker.infernalmobs.common.InfernalMobsCore/]: player ServerPlayer['DavidMaster'/423, l='ServerLevel[world]', x=-1776.09, y=63.00, z=2570.64] from string DavidMaster querying server for mods of entity id 755
[16Apr2025 19:06:53.879] [Netty Epoll Server IO #2/DEBUG] [atomicstryker.infernalmobs.common.InfernalMobsCore/]: resolves to entity Horse['Horse'/755, l='ServerLevel[world]', x=-1735.45, y=83.00, z=2416.14] modifiers null
[16Apr2025 19:06:53.879] [Netty Epoll Server IO #2/DEBUG] [atomicstryker.infernalmobs.common.InfernalMobsCore/]: player ServerPlayer['DavidMaster'/423, l='ServerLevel[world]', x=-1776.09, y=63.00, z=2570.64] from string DavidMaster querying server for mods of entity id 758
[16Apr2025 19:06:53.880] [Netty Epoll Server IO #2/DEBUG] [atomicstryker.infernalmobs.common.InfernalMobsCore/]: resolves to entity Chicken['Chicken'/758, l='ServerLevel[world]', x=-1925.98, y=77.00, z=2599.74] modifiers null
[16Apr2025 19:06:53.880] [Netty Epoll Server IO #2/DEBUG] [atomicstryker.infernalmobs.common.InfernalMobsCore/]: player ServerPlayer['DavidMaster'/423, l='ServerLevel[world]', x=-1776.09, y=63.00, z=2570.64] from string DavidMaster querying server for mods of entity id 759
[16Apr2025 19:06:53.880] [Netty Epoll Server IO #2/DEBUG] [atomicstryker.infernalmobs.common.InfernalMobsCore/]: resolves to entity Chicken['Chicken'/759, l='ServerLevel[world]', x=-1920.71, y=75.00, z=2596.56] modifiers null
[16Apr2025 19:06:53.880] [Netty Epoll Server IO #2/DEBUG] [atomicstryker.infernalmobs.common.InfernalMobsCore/]: player ServerPlayer['DavidMaster'/423, l='ServerLevel[world]', x=-1776.09, y=63.00, z=2570.64] from string DavidMaster querying server for mods of entity id 760
[16Apr2025 19:06:53.880] [Netty Epoll Server IO #2/DEBUG] [atomicstryker.infernalmobs.common.InfernalMobsCore/]: resolves to entity Pig['Pig'/760, l='ServerLevel[world]', x=-1924.20, y=77.00, z=2595.28] modifiers null
[16Apr2025 19:06:53.880] [Netty Epoll Server IO #2/DEBUG] [atomicstryker.infernalmobs.common.InfernalMobsCore/]: player ServerPlayer['DavidMaster'/423, l='ServerLevel[world]', x=-1776.09, y=63.00, z=2570.64] from string DavidMaster querying server for mods of entity id 765
[16Apr2025 19:06:53.881] [Netty Epoll Server IO #2/DEBUG] [atomicstryker.infernalmobs.common.InfernalMobsCore/]: resolves to entity Pig['Pig'/765, l='ServerLevel[world]', x=-1844.34, y=85.00, z=2707.66] modifiers null
[16Apr2025 19:06:53.881] [Netty Epoll Server IO #2/DEBUG] [atomicstryker.infernalmobs.common.InfernalMobsCore/]: player ServerPlayer['DavidMaster'/423, l='ServerLevel[world]', x=-1776.09, y=63.00, z=2570.64] from string DavidMaster querying server for mods of entity id 766
[16Apr2025 19:06:53.881] [Netty Epoll Server IO #2/DEBUG] [atomicstryker.infernalmobs.common.InfernalMobsCore/]: resolves to entity Sheep['Sheep'/766, l='ServerLevel[world]', x=-1834.95, y=83.00, z=2711.21] modifiers null
[16Apr2025 19:06:53.881] [Netty Epoll Server IO #2/DEBUG] [atomicstryker.infernalmobs.common.InfernalMobsCore/]: player ServerPlayer['DavidMaster'/423, l='ServerLevel[world]', x=-1776.09, y=63.00, z=2570.64] from string DavidMaster querying server for mods of entity id 767
[16Apr2025 19:06:53.881] [Netty Epoll Server IO #2/DEBUG] [atomicstryker.infernalmobs.common.InfernalMobsCore/]: resolves to entity Chicken['Chicken'/767, l='ServerLevel[world]', x=-1753.65, y=82.00, z=2420.64] modifiers null
[16Apr2025 19:06:53.881] [Netty Epoll Server IO #2/DEBUG] [atomicstryker.infernalmobs.common.InfernalMobsCore/]: player ServerPlayer['DavidMaster'/423, l='ServerLevel[world]', x=-1776.09, y=63.00, z=2570.64] from string DavidMaster querying server for mods of entity id 773
[16Apr2025 19:06:53.882] [Netty Epoll Server IO #2/DEBUG] [atomicstryker.infernalmobs.common.InfernalMobsCore/]: resolves to entity Creeper['Creeper'/773, l='ServerLevel[world]', x=-1764.35, y=30.18, z=2540.75] modifiers null
[16Apr2025 19:06:53.882] [Netty Epoll Server IO #2/DEBUG] [atomicstryker.infernalmobs.common.InfernalMobsCore/]: player ServerPlayer['DavidMaster'/423, l='ServerLevel[world]', x=-1776.09, y=63.00, z=2570.64] from string DavidMaster querying server for mods of entity id 774
[16Apr2025 19:06:53.882] [Netty Epoll Server IO #2/DEBUG] [atomicstryker.infernalmobs.common.InfernalMobsCore/]: resolves to entity Creeper['Creeper'/774, l='ServerLevel[world]', x=-1763.25, y=29.00, z=2539.50] modifiers null
[16Apr2025 19:06:53.882] [Netty Epoll Server IO #2/DEBUG] [atomicstryker.infernalmobs.common.InfernalMobsCore/]: player ServerPlayer['DavidMaster'/423, l='ServerLevel[world]', x=-1776.09, y=63.00, z=2570.64] from string DavidMaster querying server for mods of entity id 768
[16Apr2025 19:06:53.882] [Netty Epoll Server IO #2/DEBUG] [atomicstryker.infernalmobs.common.InfernalMobsCore/]: resolves to entity Sheep['Sheep'/768, l='ServerLevel[world]', x=-1645.44, y=70.00, z=2566.53] modifiers null
[16Apr2025 19:06:53.882] [Netty Epoll Server IO #2/DEBUG] [atomicstryker.infernalmobs.common.InfernalMobsCore/]: player ServerPlayer['DavidMaster'/423, l='ServerLevel[world]', x=-1776.09, y=63.00, z=2570.64] from string DavidMaster querying server for mods of entity id 769
[16Apr2025 19:06:53.882] [Netty Epoll Server IO #2/DEBUG] [atomicstryker.infernalmobs.common.InfernalMobsCore/]: resolves to entity Pig['Pig'/769, l='ServerLevel[world]', x=-1923.69, y=76.00, z=2591.90] modifiers null
[16Apr2025 19:06:53.882] [Netty Epoll Server IO #2/DEBUG] [atomicstryker.infernalmobs.common.InfernalMobsCore/]: player ServerPlayer['DavidMaster'/423, l='ServerLevel[world]', x=-1776.09, y=63.00, z=2570.64] from string DavidMaster querying server for mods of entity id 770
[16Apr2025 19:06:53.883] [Netty Epoll Server IO #2/DEBUG] [atomicstryker.infernalmobs.common.InfernalMobsCore/]: resolves to entity Pig['Pig'/770, l='ServerLevel[world]', x=-1928.80, y=76.00, z=2579.15] modifiers null
[16Apr2025 19:06:53.883] [Netty Epoll Server IO #2/DEBUG] [atomicstryker.infernalmobs.common.InfernalMobsCore/]: player ServerPlayer['DavidMaster'/423, l='ServerLevel[world]', x=-1776.09, y=63.00, z=2570.64] from string DavidMaster querying server for mods of entity id 771
[16Apr2025 19:06:53.883] [Netty Epoll Server IO #2/DEBUG] [atomicstryker.infernalmobs.common.InfernalMobsCore/]: resolves to entity Chicken['Chicken'/771, l='ServerLevel[world]', x=-1927.19, y=76.00, z=2589.28] modifiers null
[16Apr2025 19:06:53.887] [Netty Epoll Server IO #2/DEBUG] [atomicstryker.infernalmobs.common.InfernalMobsCore/]: player ServerPlayer['DavidMaster'/423, l='ServerLevel[world]', x=-1776.09, y=63.00, z=2570.64] from string DavidMaster querying server for mods of entity id 883
[16Apr2025 19:06:53.887] [Netty Epoll Server IO #2/DEBUG] [atomicstryker.infernalmobs.common.InfernalMobsCore/]: resolves to entity Skeleton['Skeleton'/883, l='ServerLevel[world]', x=-1722.50, y=-25.00, z=2616.50] modifiers null
[16Apr2025 19:06:53.917] [Netty Epoll Server IO #2/DEBUG] [atomicstryker.infernalmobs.common.InfernalMobsCore/]: player ServerPlayer['DavidMaster'/423, l='ServerLevel[world]', x=-1776.09, y=63.00, z=2570.64] from string DavidMaster querying server for mods of entity id 879
[16Apr2025 19:06:53.917] [Netty Epoll Server IO #2/DEBUG] [atomicstryker.infernalmobs.common.InfernalMobsCore/]: resolves to entity Chicken['Chicken'/879, l='ServerLevel[world]', x=-1764.60, y=77.00, z=2414.50] modifiers null
[16Apr2025 19:06:53.917] [Netty Epoll Server IO #2/DEBUG] [atomicstryker.infernalmobs.common.InfernalMobsCore/]: player ServerPlayer['DavidMaster'/423, l='ServerLevel[world]', x=-1776.09, y=63.00, z=2570.64] from string DavidMaster querying server for mods of entity id 884
[16Apr2025 19:06:53.918] [Netty Epoll Server IO #2/DEBUG] [atomicstryker.infernalmobs.common.InfernalMobsCore/]: resolves to entity Creeper['Creeper'/884, l='ServerLevel[world]', x=-1804.50, y=-43.00, z=2577.50] modifiers null
[16Apr2025 19:06:53.918] [Netty Epoll Server IO #2/DEBUG] [atomicstryker.infernalmobs.common.InfernalMobsCore/]: player ServerPlayer['DavidMaster'/423, l='ServerLevel[world]', x=-1776.09, y=63.00, z=2570.64] from string DavidMaster querying server for mods of entity id 885
[16Apr2025 19:06:53.918] [Netty Epoll Server IO #2/DEBUG] [atomicstryker.infernalmobs.common.InfernalMobsCore/]: resolves to entity Creeper['Creeper'/885, l='ServerLevel[world]', x=-1803.50, y=-43.00, z=2579.50] modifiers null
[16Apr2025 19:06:53.918] [Netty Epoll Server IO #2/DEBUG] [atomicstryker.infernalmobs.common.InfernalMobsCore/]: player ServerPlayer['DavidMaster'/423, l='ServerLevel[world]', x=-1776.09, y=63.00, z=2570.64] from string DavidMaster querying server for mods of entity id 886
[16Apr2025 19:06:53.918] [Netty Epoll Server IO #2/DEBUG] [atomicstryker.infernalmobs.common.InfernalMobsCore/]: resolves to entity Creeper['Creeper'/886, l='ServerLevel[world]', x=-1803.50, y=-43.00, z=2578.50] modifiers null
[16Apr2025 19:06:53.918] [Netty Epoll Server IO #2/DEBUG] [atomicstryker.infernalmobs.common.InfernalMobsCore/]: player ServerPlayer['DavidMaster'/423, l='ServerLevel[world]', x=-1776.09, y=63.00, z=2570.64] from string DavidMaster querying server for mods of entity id 887
[16Apr2025 19:06:53.918] [Netty Epoll Server IO #2/DEBUG] [atomicstryker.infernalmobs.common.InfernalMobsCore/]: resolves to entity Creeper['Creeper'/887, l='ServerLevel[world]', x=-1802.50, y=-43.00, z=2577.50] modifiers null
[16Apr2025 19:06:53.919] [Netty Epoll Server IO #2/DEBUG] [atomicstryker.infernalmobs.common.InfernalMobsCore/]: player ServerPlayer['DavidMaster'/423, l='ServerLevel[world]', x=-1776.09, y=63.00, z=2570.64] from string DavidMaster querying server for mods of entity id 890
[16Apr2025 19:06:53.919] [Netty Epoll Server IO #2/DEBUG] [atomicstryker.infernalmobs.common.InfernalMobsCore/]: resolves to entity Sheep['Sheep'/890, l='ServerLevel[world]', x=-1630.39, y=71.00, z=2541.54] modifiers null
[16Apr2025 19:06:53.919] [Netty Epoll Server IO #2/DEBUG] [atomicstryker.infernalmobs.common.InfernalMobsCore/]: player ServerPlayer['DavidMaster'/423, l='ServerLevel[world]', x=-1776.09, y=63.00, z=2570.64] from string DavidMaster querying server for mods of entity id 891
[16Apr2025 19:06:53.919] [Netty Epoll Server IO #2/DEBUG] [atomicstryker.infernalmobs.common.InfernalMobsCore/]: resolves to entity Sheep['Sheep'/891, l='ServerLevel[world]', x=-1632.34, y=71.00, z=2553.34] modifiers null
[16Apr2025 19:06:53.919] [Netty Epoll Server IO #2/DEBUG] [atomicstryker.infernalmobs.common.InfernalMobsCore/]: player ServerPlayer['DavidMaster'/423, l='ServerLevel[world]', x=-1776.09, y=63.00, z=2570.64] from string DavidMaster querying server for mods of entity id 892
[16Apr2025 19:06:53.920] [Netty Epoll Server IO #2/DEBUG] [atomicstryker.infernalmobs.common.InfernalMobsCore/]: resolves to entity Pig['Pig'/892, l='ServerLevel[world]', x=-1631.34, y=70.00, z=2556.62] modifiers null
[16Apr2025 19:06:53.920] [Netty Epoll Server IO #2/DEBUG] [atomicstryker.infernalmobs.common.InfernalMobsCore/]: player ServerPlayer['DavidMaster'/423, l='ServerLevel[world]', x=-1776.09, y=63.00, z=2570.64] from string DavidMaster querying server for mods of entity id 893
[16Apr2025 19:06:53.920] [Netty Epoll Server IO #2/DEBUG] [atomicstryker.infernalmobs.common.InfernalMobsCore/]: resolves to entity Chicken['Chicken'/893, l='ServerLevel[world]', x=-1619.06, y=65.00, z=2560.41] modifiers null
[16Apr2025 19:06:54.496] [VoiceChatPacketProcessingThread/INFO] [voicechat/]: [voicechat] Successfully validated connection of player 22f4a658-0c5b-3837-9359-054abaf8dcfb
[16Apr2025 19:06:54.497] [VoiceChatPacketProcessingThread/DEBUG] [voicechat/]: [voicechat] Set state of DavidMaster to connected: {disabled=false, disconnected=false, uuid=22f4a658-0c5b-3837-9359-054abaf8dcfb, name=DavidMaster, group=null}
[16Apr2025 19:06:54.500] [VoiceChatPacketProcessingThread/INFO] [voicechat/]: [voicechat] Player DavidMaster (22f4a658-0c5b-3837-9359-054abaf8dcfb) successfully connected to voice chat
[16Apr2025 19:06:54.503] [Netty Epoll Server IO #2/DEBUG] [atomicstryker.infernalmobs.common.InfernalMobsCore/]: player ServerPlayer['DavidMaster'/423, l='ServerLevel[world]', x=-1776.09, y=63.00, z=2570.64] from string DavidMaster querying server for mods of entity id 902
[16Apr2025 19:06:54.503] [Netty Epoll Server IO #2/DEBUG] [atomicstryker.infernalmobs.common.InfernalMobsCore/]: resolves to entity Chicken['Chicken'/902, l='ServerLevel[world]', x=-1745.50, y=82.00, z=2415.60] modifiers null
[16Apr2025 19:06:54.507] [Netty Epoll Server IO #2/DEBUG] [atomicstryker.infernalmobs.common.InfernalMobsCore/]: player ServerPlayer['DavidMaster'/423, l='ServerLevel[world]', x=-1776.09, y=63.00, z=2570.64] from string DavidMaster querying server for mods of entity id 904
[16Apr2025 19:06:54.507] [Netty Epoll Server IO #2/DEBUG] [atomicstryker.infernalmobs.common.InfernalMobsCore/]: resolves to entity Creeper['Creeper'/904, l='ServerLevel[world]', x=-1853.50, y=-13.00, z=2590.50] modifiers null
[16Apr2025 19:06:54.509] [Netty Epoll Server IO #2/DEBUG] [atomicstryker.infernalmobs.common.InfernalMobsCore/]: player ServerPlayer['DavidMaster'/423, l='ServerLevel[world]', x=-1776.09, y=63.00, z=2570.64] from string DavidMaster querying server for mods of entity id 915
[16Apr2025 19:06:54.509] [Netty Epoll Server IO #2/DEBUG] [atomicstryker.infernalmobs.common.InfernalMobsCore/]: resolves to entity Creeper['Creeper'/915, l='ServerLevel[world]', x=-1752.49, y=-25.00, z=2594.12] modifiers atomicstryker.infernalmobs.common.mods.MM_Webber@6fbef99e
[16Apr2025 19:06:54.509] [Netty Epoll Server IO #2/DEBUG] [atomicstryker.infernalmobs.common.InfernalMobsCore/]: server sending mods Webber Bulwark Alchemist  for ent-ID 915
[16Apr2025 19:06:54.510] [Netty Epoll Server IO #2/DEBUG] [atomicstryker.infernalmobs.common.InfernalMobsCore/]: player ServerPlayer['DavidMaster'/423, l='ServerLevel[world]', x=-1776.09, y=63.00, z=2570.64] from string DavidMaster querying server for mods of entity id 916
[16Apr2025 19:06:54.510] [Netty Epoll Server IO #2/DEBUG] [atomicstryker.infernalmobs.common.InfernalMobsCore/]: resolves to entity Creeper['Creeper'/916, l='ServerLevel[world]', x=-1769.50, y=-53.00, z=2528.50] modifiers null
[16Apr2025 19:06:54.510] [Netty Epoll Server IO #2/DEBUG] [atomicstryker.infernalmobs.common.InfernalMobsCore/]: player ServerPlayer['DavidMaster'/423, l='ServerLevel[world]', x=-1776.09, y=63.00, z=2570.64] from string DavidMaster querying server for mods of entity id 917
[16Apr2025 19:06:54.510] [Netty Epoll Server IO #2/DEBUG] [atomicstryker.infernalmobs.common.InfernalMobsCore/]: resolves to entity Skeleton['Skeleton'/917, l='ServerLevel[world]', x=-1775.21, y=-29.00, z=2636.50] modifiers null
[16Apr2025 19:06:54.510] [Netty Epoll Server IO #2/DEBUG] [atomicstryker.infernalmobs.common.InfernalMobsCore/]: player ServerPlayer['DavidMaster'/423, l='ServerLevel[world]', x=-1776.09, y=63.00, z=2570.64] from string DavidMaster querying server for mods of entity id 919
[16Apr2025 19:06:54.510] [Netty Epoll Server IO #2/DEBUG] [atomicstryker.infernalmobs.common.InfernalMobsCore/]: resolves to entity Creeper['Creeper'/919, l='ServerLevel[world]', x=-1792.50, y=25.00, z=2690.50] modifiers null
[16Apr2025 19:06:54.751] [Server thread/DEBUG] [voicechat/]: [voicechat] Got state of DavidMaster: {disabled=false, disconnected=false, uuid=22f4a658-0c5b-3837-9359-054abaf8dcfb, name=DavidMaster, group=null}
[16Apr2025 19:06:55.559] [Netty Epoll Server IO #2/DEBUG] [atomicstryker.infernalmobs.common.InfernalMobsCore/]: player ServerPlayer['DavidMaster'/423, l='ServerLevel[world]', x=-1776.09, y=63.00, z=2570.64] from string DavidMaster querying server for mods of entity id 990
[16Apr2025 19:06:55.559] [Netty Epoll Server IO #2/DEBUG] [atomicstryker.infernalmobs.common.InfernalMobsCore/]: resolves to entity Salmon['Salmon'/990, l='ServerLevel[world]', x=-1755.25, y=60.06, z=2560.75] modifiers null
[16Apr2025 19:06:55.559] [Netty Epoll Server IO #2/DEBUG] [atomicstryker.infernalmobs.common.InfernalMobsCore/]: player ServerPlayer['DavidMaster'/423, l='ServerLevel[world]', x=-1776.09, y=63.00, z=2570.64] from string DavidMaster querying server for mods of entity id 991
[16Apr2025 19:06:55.560] [Netty Epoll Server IO #2/DEBUG] [atomicstryker.infernalmobs.common.InfernalMobsCore/]: resolves to entity Salmon['Salmon'/991, l='ServerLevel[world]', x=-1754.50, y=60.07, z=2556.82] modifiers null
[16Apr2025 19:06:55.569] [Netty Epoll Server IO #2/DEBUG] [atomicstryker.infernalmobs.common.InfernalMobsCore/]: player ServerPlayer['DavidMaster'/423, l='ServerLevel[world]', x=-1776.09, y=63.00, z=2570.64] from string DavidMaster querying server for mods of entity id 1000
[16Apr2025 19:06:55.569] [Netty Epoll Server IO #2/DEBUG] [atomicstryker.infernalmobs.common.InfernalMobsCore/]: resolves to entity Creeper['Creeper'/1000, l='ServerLevel[world]', x=-1760.50, y=-6.00, z=2522.50] modifiers null
[16Apr2025 19:06:55.611] [Netty Epoll Server IO #2/DEBUG] [atomicstryker.infernalmobs.common.InfernalMobsCore/]: player ServerPlayer['DavidMaster'/423, l='ServerLevel[world]', x=-1776.09, y=63.00, z=2570.64] from string DavidMaster querying server for mods of entity id 1001
[16Apr2025 19:06:55.611] [Netty Epoll Server IO #2/DEBUG] [atomicstryker.infernalmobs.common.InfernalMobsCore/]: resolves to entity Creeper['Creeper'/1001, l='ServerLevel[world]', x=-1754.74, y=-5.00, z=2519.50] modifiers atomicstryker.infernalmobs.common.mods.MM_Bulwark@361cccc3
[16Apr2025 19:06:55.611] [Netty Epoll Server IO #2/DEBUG] [atomicstryker.infernalmobs.common.InfernalMobsCore/]: server sending mods Bulwark Darkness Ninja Cloaking  for ent-ID 1001
[16Apr2025 19:06:56.441] [Netty Epoll Server IO #2/DEBUG] [atomicstryker.infernalmobs.common.InfernalMobsCore/]: player ServerPlayer['DavidMaster'/423, l='ServerLevel[world]', x=-1776.09, y=63.00, z=2570.64] from string DavidMaster querying server for mods of entity id 750
[16Apr2025 19:06:56.441] [Netty Epoll Server IO #2/DEBUG] [atomicstryker.infernalmobs.common.InfernalMobsCore/]: resolves to entity Pig['Pig'/750, l='ServerLevel[world]', x=-1934.42, y=71.00, z=2548.54] modifiers null
[16Apr2025 19:06:58.789] [Netty Epoll Server IO #2/DEBUG] [atomicstryker.infernalmobs.common.InfernalMobsCore/]: player ServerPlayer['DavidMaster'/423, l='ServerLevel[world]', x=-1776.09, y=63.00, z=2570.64] from string DavidMaster querying server for mods of entity id 437
[16Apr2025 19:06:58.789] [Netty Epoll Server IO #2/DEBUG] [atomicstryker.infernalmobs.common.InfernalMobsCore/]: resolves to entity Bat['Bat'/437, l='ServerLevel[world]', x=-1854.43, y=-14.49, z=2579.51] modifiers null
[16Apr2025 19:06:59.943] [Netty Epoll Server IO #2/DEBUG] [atomicstryker.infernalmobs.common.InfernalMobsCore/]: player ServerPlayer['DavidMaster'/423, l='ServerLevel[world]', x=-1776.09, y=63.00, z=2570.64] from string DavidMaster querying server for mods of entity id 1002
[16Apr2025 19:06:59.944] [Netty Epoll Server IO #2/DEBUG] [atomicstryker.infernalmobs.common.InfernalMobsCore/]: resolves to entity Salmon['Salmon'/1002, l='ServerLevel[world]', x=-1768.50, y=60.04, z=2605.50] modifiers null
[16Apr2025 19:06:59.944] [Netty Epoll Server IO #2/DEBUG] [atomicstryker.infernalmobs.common.InfernalMobsCore/]: player ServerPlayer['DavidMaster'/423, l='ServerLevel[world]', x=-1776.09, y=63.00, z=2570.64] from string DavidMaster querying server for mods of entity id 1003
[16Apr2025 19:06:59.944] [Netty Epoll Server IO #2/DEBUG] [atomicstryker.infernalmobs.common.InfernalMobsCore/]: resolves to entity Salmon['Salmon'/1003, l='ServerLevel[world]', x=-1767.50, y=60.04, z=2607.50] modifiers null
[16Apr2025 19:06:59.965] [Netty Epoll Server IO #2/DEBUG] [atomicstryker.infernalmobs.common.InfernalMobsCore/]: player ServerPlayer['DavidMaster'/423, l='ServerLevel[world]', x=-1776.09, y=63.00, z=2570.64] from string DavidMaster querying server for mods of entity id 1004
[16Apr2025 19:06:59.965] [Netty Epoll Server IO #2/DEBUG] [atomicstryker.infernalmobs.common.InfernalMobsCore/]: resolves to entity Salmon['Salmon'/1004, l='ServerLevel[world]', x=-1771.50, y=60.04, z=2612.50] modifiers null
[16Apr2025 19:06:59.965] [Netty Epoll Server IO #2/DEBUG] [atomicstryker.infernalmobs.common.InfernalMobsCore/]: player ServerPlayer['DavidMaster'/423, l='ServerLevel[world]', x=-1776.09, y=63.00, z=2570.64] from string DavidMaster querying server for mods of entity id 1005
[16Apr2025 19:06:59.965] [Netty Epoll Server IO #2/DEBUG] [atomicstryker.infernalmobs.common.InfernalMobsCore/]: resolves to entity Salmon['Salmon'/1005, l='ServerLevel[world]', x=-1768.51, y=60.04, z=2610.49] modifiers null
[16Apr2025 19:07:00.960] [Netty Epoll Server IO #2/DEBUG] [atomicstryker.infernalmobs.common.InfernalMobsCore/]: player ServerPlayer['DavidMaster'/423, l='ServerLevel[world]', x=-1776.09, y=63.00, z=2570.64] from string DavidMaster querying server for mods of entity id 1006
[16Apr2025 19:07:00.960] [Netty Epoll Server IO #2/DEBUG] [atomicstryker.infernalmobs.common.InfernalMobsCore/]: resolves to entity Salmon['Salmon'/1006, l='ServerLevel[world]', x=-1779.50, y=60.03, z=2620.50] modifiers null
[16Apr2025 19:07:00.964] [Netty Epoll Server IO #2/DEBUG] [atomicstryker.infernalmobs.common.InfernalMobsCore/]: player ServerPlayer['DavidMaster'/423, l='ServerLevel[world]', x=-1776.09, y=63.00, z=2570.64] from string DavidMaster querying server for mods of entity id 1007
[16Apr2025 19:07:00.964] [Netty Epoll Server IO #2/DEBUG] [atomicstryker.infernalmobs.common.InfernalMobsCore/]: resolves to entity Salmon['Salmon'/1007, l='ServerLevel[world]', x=-1780.50, y=60.03, z=2619.50] modifiers null
[16Apr2025 19:07:02.279] [Netty Epoll Server IO #2/DEBUG] [atomicstryker.infernalmobs.common.InfernalMobsCore/]: player ServerPlayer['DavidMaster'/423, l='ServerLevel[world]', x=-1776.09, y=63.00, z=2570.64] from string DavidMaster querying server for mods of entity id 853
[16Apr2025 19:07:02.279] [Netty Epoll Server IO #2/DEBUG] [atomicstryker.infernalmobs.common.InfernalMobsCore/]: resolves to entity Pig['Pig'/853, l='ServerLevel[world]', x=-1935.30, y=71.00, z=2556.55] modifiers null
[16Apr2025 19:07:02.280] [Netty Epoll Server IO #2/DEBUG] [atomicstryker.infernalmobs.common.InfernalMobsCore/]: player ServerPlayer['DavidMaster'/423, l='ServerLevel[world]', x=-1776.09, y=63.00, z=2570.64] from string DavidMaster querying server for mods of entity id 437
[16Apr2025 19:07:02.280] [Netty Epoll Server IO #2/DEBUG] [atomicstryker.infernalmobs.common.InfernalMobsCore/]: resolves to entity Bat['Bat'/437, l='ServerLevel[world]', x=-1853.67, y=-14.44, z=2583.37] modifiers null
[16Apr2025 19:07:04.745] [Netty Epoll Server IO #2/DEBUG] [atomicstryker.infernalmobs.common.InfernalMobsCore/]: player ServerPlayer['DavidMaster'/423, l='ServerLevel[world]', x=-1776.09, y=63.00, z=2570.64] from string DavidMaster querying server for mods of entity id 1009
[16Apr2025 19:07:04.745] [Netty Epoll Server IO #2/DEBUG] [atomicstryker.infernalmobs.common.InfernalMobsCore/]: resolves to entity Salmon['Salmon'/1009, l='ServerLevel[world]', x=-1766.50, y=58.03, z=2629.50] modifiers null
[16Apr2025 19:07:04.745] [Netty Epoll Server IO #2/DEBUG] [atomicstryker.infernalmobs.common.InfernalMobsCore/]: player ServerPlayer['DavidMaster'/423, l='ServerLevel[world]', x=-1776.09, y=63.00, z=2570.64] from string DavidMaster querying server for mods of entity id 1010
[16Apr2025 19:07:04.745] [Netty Epoll Server IO #2/DEBUG] [atomicstryker.infernalmobs.common.InfernalMobsCore/]: resolves to entity Salmon['Salmon'/1010, l='ServerLevel[world]', x=-1765.50, y=58.02, z=2626.50] modifiers null
[16Apr2025 19:07:04.764] [Netty Epoll Server IO #2/DEBUG] [atomicstryker.infernalmobs.common.InfernalMobsCore/]: player ServerPlayer['DavidMaster'/423, l='ServerLevel[world]', x=-1776.09, y=63.00, z=2570.64] from string DavidMaster querying server for mods of entity id 1011
[16Apr2025 19:07:04.764] [Netty Epoll Server IO #2/DEBUG] [atomicstryker.infernalmobs.common.InfernalMobsCore/]: resolves to entity Salmon['Salmon'/1011, l='ServerLevel[world]', x=-1767.50, y=58.03, z=2626.50] modifiers null
[16Apr2025 19:07:04.765] [Netty Epoll Server IO #2/DEBUG] [atomicstryker.infernalmobs.common.InfernalMobsCore/]: player ServerPlayer['DavidMaster'/423, l='ServerLevel[world]', x=-1776.09, y=63.00, z=2570.64] from string DavidMaster querying server for mods of entity id 1012
[16Apr2025 19:07:04.765] [Netty Epoll Server IO #2/DEBUG] [atomicstryker.infernalmobs.common.InfernalMobsCore/]: resolves to entity Salmon['Salmon'/1012, l='ServerLevel[world]', x=-1767.50, y=58.03, z=2625.50] modifiers null
[16Apr2025 19:07:05.696] [Netty Epoll Server IO #2/DEBUG] [atomicstryker.infernalmobs.common.InfernalMobsCore/]: player ServerPlayer['DavidMaster'/423, l='ServerLevel[world]', x=-1776.09, y=63.00, z=2570.64] from string DavidMaster querying server for mods of entity id 1013
[16Apr2025 19:07:05.696] [Netty Epoll Server IO #2/DEBUG] [atomicstryker.infernalmobs.common.InfernalMobsCore/]: resolves to entity Salmon['Salmon'/1013, l='ServerLevel[world]', x=-1791.50, y=57.02, z=2628.50] modifiers null
[16Apr2025 19:07:05.696] [Netty Epoll Server IO #2/DEBUG] [atomicstryker.infernalmobs.common.InfernalMobsCore/]: player ServerPlayer['DavidMaster'/423, l='ServerLevel[world]', x=-1776.09, y=63.00, z=2570.64] from string DavidMaster querying server for mods of entity id 1014
[16Apr2025 19:07:05.696] [Netty Epoll Server IO #2/DEBUG] [atomicstryker.infernalmobs.common.InfernalMobsCore/]: resolves to entity Salmon['Salmon'/1014, l='ServerLevel[world]', x=-1787.50, y=57.02, z=2625.50] modifiers null
[16Apr2025 19:07:05.696] [Netty Epoll Server IO #2/DEBUG] [atomicstryker.infernalmobs.common.InfernalMobsCore/]: player ServerPlayer['DavidMaster'/423, l='ServerLevel[world]', x=-1776.09, y=63.00, z=2570.64] from string DavidMaster querying server for mods of entity id 1015
[16Apr2025 19:07:05.696] [Netty Epoll Server IO #2/DEBUG] [atomicstryker.infernalmobs.common.InfernalMobsCore/]: resolves to entity Salmon['Salmon'/1015, l='ServerLevel[world]', x=-1786.50, y=57.02, z=2621.50] modifiers null
[16Apr2025 19:07:07.684] [Netty Epoll Server IO #2/DEBUG] [atomicstryker.infernalmobs.common.InfernalMobsCore/]: player ServerPlayer['DavidMaster'/423, l='ServerLevel[world]', x=-1776.09, y=63.00, z=2570.64] from string DavidMaster querying server for mods of entity id 1017
[16Apr2025 19:07:07.685] [Netty Epoll Server IO #2/DEBUG] [atomicstryker.infernalmobs.common.InfernalMobsCore/]: resolves to entity Salmon['Salmon'/1017, l='ServerLevel[world]', x=-1745.50, y=58.02, z=2563.50] modifiers null
[16Apr2025 19:07:22.050] [Netty Epoll Server IO #2/DEBUG] [atomicstryker.infernalmobs.common.InfernalMobsCore/]: player ServerPlayer['DavidMaster'/423, l='ServerLevel[world]', x=-1776.09, y=63.00, z=2570.64] from string DavidMaster querying server for mods of entity id 1020
[16Apr2025 19:07:22.050] [Netty Epoll Server IO #2/DEBUG] [atomicstryker.infernalmobs.common.InfernalMobsCore/]: resolves to entity Skeleton['Skeleton'/1020, l='ServerLevel[world]', x=-1746.50, y=-8.00, z=2555.50] modifiers null
[16Apr2025 19:07:22.064] [Netty Epoll Server IO #2/DEBUG] [atomicstryker.infernalmobs.common.InfernalMobsCore/]: player ServerPlayer['DavidMaster'/423, l='ServerLevel[world]', x=-1776.09, y=63.00, z=2570.64] from string DavidMaster querying server for mods of entity id 1021
[16Apr2025 19:07:22.064] [Netty Epoll Server IO #2/DEBUG] [atomicstryker.infernalmobs.common.InfernalMobsCore/]: resolves to entity Skeleton['Skeleton'/1021, l='ServerLevel[world]', x=-1843.50, y=16.00, z=2586.50] modifiers null
[16Apr2025 19:07:22.489] [Netty Epoll Server IO #2/DEBUG] [atomicstryker.infernalmobs.common.InfernalMobsCore/]: player ServerPlayer['DavidMaster'/423, l='ServerLevel[world]', x=-1776.09, y=63.00, z=2570.64] from string DavidMaster querying server for mods of entity id 1022
[16Apr2025 19:07:22.489] [Netty Epoll Server IO #2/DEBUG] [atomicstryker.infernalmobs.common.InfernalMobsCore/]: resolves to entity Zombie['Zombie'/1022, l='ServerLevel[world]', x=-1790.50, y=-24.00, z=2601.50] modifiers null
[16Apr2025 19:07:22.489] [Netty Epoll Server IO #2/DEBUG] [atomicstryker.infernalmobs.common.InfernalMobsCore/]: player ServerPlayer['DavidMaster'/423, l='ServerLevel[world]', x=-1776.09, y=63.00, z=2570.64] from string DavidMaster querying server for mods of entity id 1023
[16Apr2025 19:07:22.489] [Netty Epoll Server IO #2/DEBUG] [atomicstryker.infernalmobs.common.InfernalMobsCore/]: resolves to entity Zombie['Zombie'/1023, l='ServerLevel[world]', x=-1788.50, y=-24.00, z=2602.50] modifiers atomicstryker.infernalmobs.common.mods.MM_Sapper@66cd37dd
[16Apr2025 19:07:22.489] [Netty Epoll Server IO #2/DEBUG] [atomicstryker.infernalmobs.common.InfernalMobsCore/]: server sending mods Sapper Regen Darkness Poisonous  for ent-ID 1023
[16Apr2025 19:07:25.479] [Netty Epoll Server IO #2/DEBUG] [atomicstryker.infernalmobs.common.InfernalMobsCore/]: player ServerPlayer['DavidMaster'/423, l='ServerLevel[world]', x=-1776.09, y=63.00, z=2570.64] from string DavidMaster querying server for mods of entity id 1025
[16Apr2025 19:07:25.479] [Netty Epoll Server IO #2/DEBUG] [atomicstryker.infernalmobs.common.InfernalMobsCore/]: resolves to entity Salmon['Salmon'/1025, l='ServerLevel[world]', x=-1747.50, y=60.02, z=2568.50] modifiers null
[16Apr2025 19:07:27.876] [Netty Epoll Server IO #2/DEBUG] [atomicstryker.infernalmobs.common.InfernalMobsCore/]: player ServerPlayer['DavidMaster'/423, l='ServerLevel[world]', x=-1776.09, y=63.00, z=2570.64] from string DavidMaster querying server for mods of entity id 1027
[16Apr2025 19:07:27.876] [Netty Epoll Server IO #2/DEBUG] [atomicstryker.infernalmobs.common.InfernalMobsCore/]: resolves to entity Creeper['Creeper'/1027, l='ServerLevel[world]', x=-1734.50, y=-49.00, z=2544.50] modifiers null
[16Apr2025 19:07:27.876] [Netty Epoll Server IO #2/DEBUG] [atomicstryker.infernalmobs.common.InfernalMobsCore/]: player ServerPlayer['DavidMaster'/423, l='ServerLevel[world]', x=-1776.09, y=63.00, z=2570.64] from string DavidMaster querying server for mods of entity id 1028
[16Apr2025 19:07:27.876] [Netty Epoll Server IO #2/DEBUG] [atomicstryker.infernalmobs.common.InfernalMobsCore/]: resolves to entity Creeper['Creeper'/1028, l='ServerLevel[world]', x=-1732.50, y=-49.00, z=2546.50] modifiers null
[16Apr2025 19:07:27.877] [Netty Epoll Server IO #2/DEBUG] [atomicstryker.infernalmobs.common.InfernalMobsCore/]: player ServerPlayer['DavidMaster'/423, l='ServerLevel[world]', x=-1776.09, y=63.00, z=2570.64] from string DavidMaster querying server for mods of entity id 1029
[16Apr2025 19:07:27.877] [Netty Epoll Server IO #2/DEBUG] [atomicstryker.infernalmobs.common.InfernalMobsCore/]: resolves to entity Creeper['Creeper'/1029, l='ServerLevel[world]', x=-1730.50, y=-49.00, z=2544.50] modifiers null
[16Apr2025 19:07:28.027] [Netty Epoll Server IO #2/DEBUG] [atomicstryker.infernalmobs.common.InfernalMobsCore/]: player ServerPlayer['DavidMaster'/423, l='ServerLevel[world]', x=-1776.09, y=63.00, z=2570.64] from string DavidMaster querying server for mods of entity id 1030
[16Apr2025 19:07:28.030] [Netty Epoll Server IO #2/DEBUG] [atomicstryker.infernalmobs.common.InfernalMobsCore/]: resolves to entity Salmon['Salmon'/1030, l='ServerLevel[world]', x=-1785.50, y=61.03, z=2614.50] modifiers null
[16Apr2025 19:07:29.577] [Netty Epoll Server IO #2/DEBUG] [atomicstryker.infernalmobs.common.InfernalMobsCore/]: player ServerPlayer['DavidMaster'/423, l='ServerLevel[world]', x=-1776.09, y=63.00, z=2570.64] from string DavidMaster querying server for mods of entity id 1032
[16Apr2025 19:07:29.577] [Netty Epoll Server IO #2/DEBUG] [atomicstryker.infernalmobs.common.InfernalMobsCore/]: resolves to entity Creeper['Creeper'/1032, l='ServerLevel[world]', x=-1786.50, y=-25.00, z=2606.50] modifiers null
[16Apr2025 19:07:31.346] [Netty Epoll Server IO #2/DEBUG] [atomicstryker.infernalmobs.common.InfernalMobsCore/]: player ServerPlayer['DavidMaster'/423, l='ServerLevel[world]', x=-1776.09, y=63.00, z=2570.64] from string DavidMaster querying server for mods of entity id 1033
[16Apr2025 19:07:31.346] [Netty Epoll Server IO #2/DEBUG] [atomicstryker.infernalmobs.common.InfernalMobsCore/]: resolves to entity Skeleton['Skeleton'/1033, l='ServerLevel[world]', x=-1703.50, y=-8.00, z=2522.50] modifiers null
[16Apr2025 19:07:31.346] [Netty Epoll Server IO #2/DEBUG] [atomicstryker.infernalmobs.common.InfernalMobsCore/]: player ServerPlayer['DavidMaster'/423, l='ServerLevel[world]', x=-1776.09, y=63.00, z=2570.64] from string DavidMaster querying server for mods of entity id 1034
[16Apr2025 19:07:31.346] [Netty Epoll Server IO #2/DEBUG] [atomicstryker.infernalmobs.common.InfernalMobsCore/]: resolves to entity Skeleton['Skeleton'/1034, l='ServerLevel[world]', x=-1767.50, y=-20.00, z=2578.50] modifiers null
[16Apr2025 19:07:31.835] [Netty Epoll Server IO #2/DEBUG] [atomicstryker.infernalmobs.common.InfernalMobsCore/]: player ServerPlayer['DavidMaster'/423, l='ServerLevel[world]', x=-1776.09, y=63.00, z=2570.64] from string DavidMaster querying server for mods of entity id 1035
[16Apr2025 19:07:31.835] [Netty Epoll Server IO #2/DEBUG] [atomicstryker.infernalmobs.common.InfernalMobsCore/]: resolves to entity Salmon['Salmon'/1035, l='ServerLevel[world]', x=-1769.50, y=61.03, z=2610.50] modifiers null
[16Apr2025 19:07:31.864] [Netty Epoll Server IO #2/DEBUG] [atomicstryker.infernalmobs.common.InfernalMobsCore/]: player ServerPlayer['DavidMaster'/423, l='ServerLevel[world]', x=-1776.09, y=63.00, z=2570.64] from string DavidMaster querying server for mods of entity id 1036
[16Apr2025 19:07:31.864] [Netty Epoll Server IO #2/DEBUG] [atomicstryker.infernalmobs.common.InfernalMobsCore/]: resolves to entity Salmon['Salmon'/1036, l='ServerLevel[world]', x=-1770.50, y=61.03, z=2611.52] modifiers null
[16Apr2025 19:07:31.865] [Netty Epoll Server IO #2/DEBUG] [atomicstryker.infernalmobs.common.InfernalMobsCore/]: player ServerPlayer['DavidMaster'/423, l='ServerLevel[world]', x=-1776.09, y=63.00, z=2570.64] from string DavidMaster querying server for mods of entity id 1037
[16Apr2025 19:07:31.865] [Netty Epoll Server IO #2/DEBUG] [atomicstryker.infernalmobs.common.InfernalMobsCore/]: resolves to entity Salmon['Salmon'/1037, l='ServerLevel[world]', x=-1770.50, y=61.03, z=2608.50] modifiers null
[16Apr2025 19:07:31.865] [Netty Epoll Server IO #2/DEBUG] [atomicstryker.infernalmobs.common.InfernalMobsCore/]: player ServerPlayer['DavidMaster'/423, l='ServerLevel[world]', x=-1776.09, y=63.00, z=2570.64] from string DavidMaster querying server for mods of entity id 1038
[16Apr2025 19:07:31.865] [Netty Epoll Server IO #2/DEBUG] [atomicstryker.infernalmobs.common.InfernalMobsCore/]: resolves to entity Salmon['Salmon'/1038, l='ServerLevel[world]', x=-1769.50, y=61.03, z=2609.50] modifiers null
[16Apr2025 19:07:32.280] [Netty Epoll Server IO #2/DEBUG] [atomicstryker.infernalmobs.common.InfernalMobsCore/]: player ServerPlayer['DavidMaster'/423, l='ServerLevel[world]', x=-1776.09, y=63.00, z=2570.64] from string DavidMaster querying server for mods of entity id 1040
[16Apr2025 19:07:32.280] [Netty Epoll Server IO #2/DEBUG] [atomicstryker.infernalmobs.common.InfernalMobsCore/]: resolves to entity Creeper['Creeper'/1040, l='ServerLevel[world]', x=-1745.50, y=-3.00, z=2561.50] modifiers null
[16Apr2025 19:07:32.280] [Netty Epoll Server IO #2/DEBUG] [atomicstryker.infernalmobs.common.InfernalMobsCore/]: player ServerPlayer['DavidMaster'/423, l='ServerLevel[world]', x=-1776.09, y=63.00, z=2570.64] from string DavidMaster querying server for mods of entity id 1041
[16Apr2025 19:07:32.281] [Netty Epoll Server IO #2/DEBUG] [atomicstryker.infernalmobs.common.InfernalMobsCore/]: resolves to entity Creeper['Creeper'/1041, l='ServerLevel[world]', x=-1747.50, y=-3.00, z=2561.50] modifiers null
[16Apr2025 19:07:34.241] [Netty Epoll Server IO #2/DEBUG] [atomicstryker.infernalmobs.common.InfernalMobsCore/]: player ServerPlayer['DavidMaster'/423, l='ServerLevel[world]', x=-1776.09, y=63.00, z=2570.64] from string DavidMaster querying server for mods of entity id 1043
[16Apr2025 19:07:34.241] [Netty Epoll Server IO #2/DEBUG] [atomicstryker.infernalmobs.common.InfernalMobsCore/]: resolves to entity GlowSquid['Glow Squid'/1043, l='ServerLevel[world]', x=-1688.50, y=8.00, z=2506.50] modifiers null
[16Apr2025 19:07:34.242] [Netty Epoll Server IO #2/DEBUG] [atomicstryker.infernalmobs.common.InfernalMobsCore/]: player ServerPlayer['DavidMaster'/423, l='ServerLevel[world]', x=-1776.09, y=63.00, z=2570.64] from string DavidMaster querying server for mods of entity id 1044
[16Apr2025 19:07:34.242] [Netty Epoll Server IO #2/DEBUG] [atomicstryker.infernalmobs.common.InfernalMobsCore/]: resolves to entity GlowSquid['Glow Squid'/1044, l='ServerLevel[world]', x=-1689.50, y=8.00, z=2505.50] modifiers null
[16Apr2025 19:07:34.265] [Netty Epoll Server IO #2/DEBUG] [atomicstryker.infernalmobs.common.InfernalMobsCore/]: player ServerPlayer['DavidMaster'/423, l='ServerLevel[world]', x=-1776.09, y=63.00, z=2570.64] from string DavidMaster querying server for mods of entity id 1045
[16Apr2025 19:07:34.265] [Netty Epoll Server IO #2/DEBUG] [atomicstryker.infernalmobs.common.InfernalMobsCore/]: resolves to entity GlowSquid['Glow Squid'/1045, l='ServerLevel[world]', x=-1694.50, y=8.00, z=2505.50] modifiers null
[16Apr2025 19:07:34.265] [Netty Epoll Server IO #2/DEBUG] [atomicstryker.infernalmobs.common.InfernalMobsCore/]: player ServerPlayer['DavidMaster'/423, l='ServerLevel[world]', x=-1776.09, y=63.00, z=2570.64] from string DavidMaster querying server for mods of entity id 1046
[16Apr2025 19:07:34.265] [Netty Epoll Server IO #2/DEBUG] [atomicstryker.infernalmobs.common.InfernalMobsCore/]: resolves to entity GlowSquid['Glow Squid'/1046, l='ServerLevel[world]', x=-1692.50, y=8.00, z=2505.50] modifiers null
[16Apr2025 19:07:35.231] [Netty Epoll Server IO #2/DEBUG] [atomicstryker.infernalmobs.common.InfernalMobsCore/]: player ServerPlayer['DavidMaster'/423, l='ServerLevel[world]', x=-1776.09, y=63.00, z=2570.64] from string DavidMaster querying server for mods of entity id 1047
[16Apr2025 19:07:35.231] [Netty Epoll Server IO #2/DEBUG] [atomicstryker.infernalmobs.common.InfernalMobsCore/]: resolves to entity Skeleton['Skeleton'/1047, l='ServerLevel[world]', x=-1702.50, y=18.00, z=2514.50] modifiers null
[16Apr2025 19:07:35.382] [Netty Epoll Server IO #2/DEBUG] [atomicstryker.infernalmobs.common.InfernalMobsCore/]: player ServerPlayer['DavidMaster'/423, l='ServerLevel[world]', x=-1776.09, y=63.00, z=2570.64] from string DavidMaster querying server for mods of entity id 1048
[16Apr2025 19:07:35.382] [Netty Epoll Server IO #2/DEBUG] [atomicstryker.infernalmobs.common.InfernalMobsCore/]: resolves to entity Zombie['Zombie'/1048, l='ServerLevel[world]', x=-1711.50, y=-25.00, z=2587.50] modifiers null
[16Apr2025 19:07:36.376] [Netty Epoll Server IO #2/DEBUG] [atomicstryker.infernalmobs.common.InfernalMobsCore/]: player ServerPlayer['DavidMaster'/423, l='ServerLevel[world]', x=-1776.09, y=63.00, z=2570.64] from string DavidMaster querying server for mods of entity id 1050
[16Apr2025 19:07:36.376] [Netty Epoll Server IO #2/DEBUG] [atomicstryker.infernalmobs.common.InfernalMobsCore/]: resolves to entity Bat['Bat'/1050, l='ServerLevel[world]', x=-1760.23, y=-4.88, z=2528.77] modifiers null
[16Apr2025 19:07:37.274] [Netty Epoll Server IO #2/DEBUG] [atomicstryker.infernalmobs.common.InfernalMobsCore/]: player ServerPlayer['DavidMaster'/423, l='ServerLevel[world]', x=-1776.09, y=63.00, z=2570.64] from string DavidMaster querying server for mods of entity id 1051
[16Apr2025 19:07:37.274] [Netty Epoll Server IO #2/DEBUG] [atomicstryker.infernalmobs.common.InfernalMobsCore/]: resolves to entity Zombie['Zombie'/1051, l='ServerLevel[world]', x=-1756.50, y=-7.00, z=2545.50] modifiers null
[16Apr2025 19:07:38.885] [Netty Epoll Server IO #2/DEBUG] [atomicstryker.infernalmobs.common.InfernalMobsCore/]: player ServerPlayer['DavidMaster'/423, l='ServerLevel[world]', x=-1776.09, y=63.00, z=2570.64] from string DavidMaster querying server for mods of entity id 1053
[16Apr2025 19:07:38.885] [Netty Epoll Server IO #2/DEBUG] [atomicstryker.infernalmobs.common.InfernalMobsCore/]: resolves to entity Zombie['Zombie'/1053, l='ServerLevel[world]', x=-1704.50, y=1.00, z=2489.50] modifiers null
[16Apr2025 19:07:39.835] [Netty Epoll Server IO #2/DEBUG] [atomicstryker.infernalmobs.common.InfernalMobsCore/]: player ServerPlayer['DavidMaster'/423, l='ServerLevel[world]', x=-1776.09, y=63.00, z=2570.64] from string DavidMaster querying server for mods of entity id 1055
[16Apr2025 19:07:39.835] [Netty Epoll Server IO #2/DEBUG] [atomicstryker.infernalmobs.common.InfernalMobsCore/]: resolves to entity Zombie['Zombie'/1055, l='ServerLevel[world]', x=-1747.50, y=18.00, z=2467.50] modifiers null
[16Apr2025 19:07:40.233] [Netty Epoll Server IO #2/DEBUG] [atomicstryker.infernalmobs.common.InfernalMobsCore/]: player ServerPlayer['DavidMaster'/423, l='ServerLevel[world]', x=-1776.09, y=63.00, z=2570.64] from string DavidMaster querying server for mods of entity id 1056
[16Apr2025 19:07:40.233] [Netty Epoll Server IO #2/DEBUG] [atomicstryker.infernalmobs.common.InfernalMobsCore/]: resolves to entity Zombie['Zombie'/1056, l='ServerLevel[world]', x=-1764.50, y=-40.00, z=2511.50] modifiers null
[16Apr2025 19:07:41.127] [Netty Epoll Server IO #2/DEBUG] [atomicstryker.infernalmobs.common.InfernalMobsCore/]: player ServerPlayer['DavidMaster'/423, l='ServerLevel[world]', x=-1776.09, y=63.00, z=2570.64] from string DavidMaster querying server for mods of entity id 1057
[16Apr2025 19:07:41.127] [Netty Epoll Server IO #2/DEBUG] [atomicstryker.infernalmobs.common.InfernalMobsCore/]: resolves to entity Creeper['Creeper'/1057, l='ServerLevel[world]', x=-1793.50, y=-10.00, z=2585.50] modifiers null
[16Apr2025 19:07:41.279] [Netty Epoll Server IO #2/DEBUG] [atomicstryker.infernalmobs.common.InfernalMobsCore/]: player ServerPlayer['DavidMaster'/423, l='ServerLevel[world]', x=-1776.09, y=63.00, z=2570.64] from string DavidMaster querying server for mods of entity id 1058
[16Apr2025 19:07:41.279] [Netty Epoll Server IO #2/DEBUG] [atomicstryker.infernalmobs.common.InfernalMobsCore/]: resolves to entity Creeper['Creeper'/1058, l='ServerLevel[world]', x=-1701.50, y=16.00, z=2512.50] modifiers null
[16Apr2025 19:07:41.440] [Netty Epoll Server IO #2/DEBUG] [atomicstryker.infernalmobs.common.InfernalMobsCore/]: player ServerPlayer['DavidMaster'/423, l='ServerLevel[world]', x=-1776.09, y=63.00, z=2570.64] from string DavidMaster querying server for mods of entity id 1059
[16Apr2025 19:07:41.440] [Netty Epoll Server IO #2/DEBUG] [atomicstryker.infernalmobs.common.InfernalMobsCore/]: resolves to entity Skeleton['Skeleton'/1059, l='ServerLevel[world]', x=-1796.50, y=-29.00, z=2526.50] modifiers null
[16Apr2025 19:07:41.464] [Netty Epoll Server IO #2/DEBUG] [atomicstryker.infernalmobs.common.InfernalMobsCore/]: player ServerPlayer['DavidMaster'/423, l='ServerLevel[world]', x=-1776.09, y=63.00, z=2570.64] from string DavidMaster querying server for mods of entity id 1060
[16Apr2025 19:07:41.464] [Netty Epoll Server IO #2/DEBUG] [atomicstryker.infernalmobs.common.InfernalMobsCore/]: resolves to entity Creeper['Creeper'/1060, l='ServerLevel[world]', x=-1797.50, y=-30.00, z=2542.50] modifiers atomicstryker.infernalmobs.common.mods.MM_Bulwark@2ca52ee4
[16Apr2025 19:07:41.464] [Netty Epoll Server IO #2/DEBUG] [atomicstryker.infernalmobs.common.InfernalMobsCore/]: server sending mods Bulwark Blastoff Ghastly Sprint Storm  for ent-ID 1060
[16Apr2025 19:07:41.465] [Netty Epoll Server IO #2/DEBUG] [atomicstryker.infernalmobs.common.InfernalMobsCore/]: player ServerPlayer['DavidMaster'/423, l='ServerLevel[world]', x=-1776.09, y=63.00, z=2570.64] from string DavidMaster querying server for mods of entity id 1061
[16Apr2025 19:07:41.465] [Netty Epoll Server IO #2/DEBUG] [atomicstryker.infernalmobs.common.InfernalMobsCore/]: resolves to entity Creeper['Creeper'/1061, l='ServerLevel[world]', x=-1792.50, y=-30.00, z=2531.50] modifiers null
[16Apr2025 19:07:42.237] [Netty Epoll Server IO #2/DEBUG] [atomicstryker.infernalmobs.common.InfernalMobsCore/]: player ServerPlayer['DavidMaster'/423, l='ServerLevel[world]', x=-1776.09, y=63.00, z=2570.64] from string DavidMaster querying server for mods of entity id 1062
[16Apr2025 19:07:42.237] [Netty Epoll Server IO #2/DEBUG] [atomicstryker.infernalmobs.common.InfernalMobsCore/]: resolves to entity Spider['Spider'/1062, l='ServerLevel[world]', x=-1748.50, y=-25.00, z=2528.50] modifiers null
[16Apr2025 19:07:42.340] [Netty Epoll Server IO #2/DEBUG] [atomicstryker.infernalmobs.common.InfernalMobsCore/]: player ServerPlayer['DavidMaster'/423, l='ServerLevel[world]', x=-1776.09, y=63.00, z=2570.64] from string DavidMaster querying server for mods of entity id 1063
[16Apr2025 19:07:42.340] [Netty Epoll Server IO #2/DEBUG] [atomicstryker.infernalmobs.common.InfernalMobsCore/]: resolves to entity Creeper['Creeper'/1063, l='ServerLevel[world]', x=-1686.50, y=-18.00, z=2580.50] modifiers null
[16Apr2025 19:07:42.340] [Netty Epoll Server IO #2/DEBUG] [atomicstryker.infernalmobs.common.InfernalMobsCore/]: player ServerPlayer['DavidMaster'/423, l='ServerLevel[world]', x=-1776.09, y=63.00, z=2570.64] from string DavidMaster querying server for mods of entity id 1064
[16Apr2025 19:07:42.340] [Netty Epoll Server IO #2/DEBUG] [atomicstryker.infernalmobs.common.InfernalMobsCore/]: resolves to entity Skeleton['Skeleton'/1064, l='ServerLevel[world]', x=-1684.50, y=-18.00, z=2580.50] modifiers null
[16Apr2025 19:07:42.363] [Netty Epoll Server IO #2/DEBUG] [atomicstryker.infernalmobs.common.InfernalMobsCore/]: player ServerPlayer['DavidMaster'/423, l='ServerLevel[world]', x=-1776.09, y=63.00, z=2570.64] from string DavidMaster querying server for mods of entity id 1067
[16Apr2025 19:07:42.364] [Netty Epoll Server IO #2/DEBUG] [atomicstryker.infernalmobs.common.InfernalMobsCore/]: resolves to entity Skeleton['Skeleton'/1067, l='ServerLevel[world]', x=-1686.50, y=-18.00, z=2576.50] modifiers null
[16Apr2025 19:07:42.364] [Netty Epoll Server IO #2/DEBUG] [atomicstryker.infernalmobs.common.InfernalMobsCore/]: player ServerPlayer['DavidMaster'/423, l='ServerLevel[world]', x=-1776.09, y=63.00, z=2570.64] from string DavidMaster querying server for mods of entity id 1068
[16Apr2025 19:07:42.364] [Netty Epoll Server IO #2/DEBUG] [atomicstryker.infernalmobs.common.InfernalMobsCore/]: resolves to entity Skeleton['Skeleton'/1068, l='ServerLevel[world]', x=-1684.50, y=-18.00, z=2579.50] modifiers null
[16Apr2025 19:07:42.677] [Netty Epoll Server IO #2/DEBUG] [atomicstryker.infernalmobs.common.InfernalMobsCore/]: player ServerPlayer['DavidMaster'/423, l='ServerLevel[world]', x=-1776.09, y=63.00, z=2570.64] from string DavidMaster querying server for mods of entity id 1069
[16Apr2025 19:07:42.677] [Netty Epoll Server IO #2/DEBUG] [atomicstryker.infernalmobs.common.InfernalMobsCore/]: resolves to entity Bat['Bat'/1069, l='ServerLevel[world]', x=-1809.23, y=-47.88, z=2562.23] modifiers null
[16Apr2025 19:07:44.292] [Netty Epoll Server IO #2/DEBUG] [atomicstryker.infernalmobs.common.InfernalMobsCore/]: player ServerPlayer['DavidMaster'/423, l='ServerLevel[world]', x=-1776.09, y=63.00, z=2570.64] from string DavidMaster querying server for mods of entity id 1070
[16Apr2025 19:07:44.292] [Netty Epoll Server IO #2/DEBUG] [atomicstryker.infernalmobs.common.InfernalMobsCore/]: resolves to entity Creeper['Creeper'/1070, l='ServerLevel[world]', x=-1720.50, y=-2.00, z=2593.50] modifiers null
[16Apr2025 19:07:46.777] [Netty Epoll Server IO #2/DEBUG] [atomicstryker.infernalmobs.common.InfernalMobsCore/]: player ServerPlayer['DavidMaster'/423, l='ServerLevel[world]', x=-1776.09, y=63.00, z=2570.64] from string DavidMaster querying server for mods of entity id 440
[16Apr2025 19:07:46.777] [Netty Epoll Server IO #2/DEBUG] [atomicstryker.infernalmobs.common.InfernalMobsCore/]: resolves to entity Bat['Bat'/440, l='ServerLevel[world]', x=-1852.78, y=13.82, z=2587.51] modifiers null
[16Apr2025 19:07:48.281] [Netty Epoll Server IO #2/DEBUG] [atomicstryker.infernalmobs.common.InfernalMobsCore/]: player ServerPlayer['DavidMaster'/423, l='ServerLevel[world]', x=-1776.09, y=63.00, z=2570.64] from string DavidMaster querying server for mods of entity id 1074
[16Apr2025 19:07:48.281] [Netty Epoll Server IO #2/DEBUG] [atomicstryker.infernalmobs.common.InfernalMobsCore/]: resolves to entity Zombie['Zombie'/1074, l='ServerLevel[world]', x=-1873.50, y=-1.00, z=2528.50] modifiers null
[16Apr2025 19:07:48.281] [Netty Epoll Server IO #2/DEBUG] [atomicstryker.infernalmobs.common.InfernalMobsCore/]: player ServerPlayer['DavidMaster'/423, l='ServerLevel[world]', x=-1776.09, y=63.00, z=2570.64] from string DavidMaster querying server for mods of entity id 1075
[16Apr2025 19:07:48.282] [Netty Epoll Server IO #2/DEBUG] [atomicstryker.infernalmobs.common.InfernalMobsCore/]: resolves to entity Zombie['Zombie'/1075, l='ServerLevel[world]', x=-1871.50, y=-1.00, z=2526.50] modifiers null
[16Apr2025 19:07:48.314] [Netty Epoll Server IO #2/DEBUG] [atomicstryker.infernalmobs.common.InfernalMobsCore/]: player ServerPlayer['DavidMaster'/423, l='ServerLevel[world]', x=-1776.09, y=63.00, z=2570.64] from string DavidMaster querying server for mods of entity id 1077
[16Apr2025 19:07:48.314] [Netty Epoll Server IO #2/DEBUG] [atomicstryker.infernalmobs.common.InfernalMobsCore/]: resolves to entity Zombie['Zombie'/1077, l='ServerLevel[world]', x=-1872.50, y=-1.00, z=2525.50] modifiers null
[16Apr2025 19:07:49.719] [Netty Epoll Server IO #2/DEBUG] [atomicstryker.infernalmobs.common.InfernalMobsCore/]: player ServerPlayer['DavidMaster'/423, l='ServerLevel[world]', x=-1776.09, y=63.00, z=2570.64] from string DavidMaster querying server for mods of entity id 429
[16Apr2025 19:07:49.719] [Netty Epoll Server IO #2/DEBUG] [atomicstryker.infernalmobs.common.InfernalMobsCore/]: resolves to entity Bat['Bat'/429, l='ServerLevel[world]', x=-1852.72, y=7.03, z=2590.39] modifiers null
[16Apr2025 19:07:49.827] [Netty Epoll Server IO #2/DEBUG] [atomicstryker.infernalmobs.common.InfernalMobsCore/]: player ServerPlayer['DavidMaster'/423, l='ServerLevel[world]', x=-1776.09, y=63.00, z=2570.64] from string DavidMaster querying server for mods of entity id 1078
[16Apr2025 19:07:49.827] [Netty Epoll Server IO #2/DEBUG] [atomicstryker.infernalmobs.common.InfernalMobsCore/]: resolves to entity Bat['Bat'/1078, l='ServerLevel[world]', x=-1852.08, y=-28.83, z=2591.08] modifiers null
[16Apr2025 19:07:51.326] [Netty Epoll Server IO #2/DEBUG] [atomicstryker.infernalmobs.common.InfernalMobsCore/]: player ServerPlayer['DavidMaster'/423, l='ServerLevel[world]', x=-1776.09, y=63.00, z=2570.64] from string DavidMaster querying server for mods of entity id 1079
[16Apr2025 19:07:51.327] [Netty Epoll Server IO #2/DEBUG] [atomicstryker.infernalmobs.common.InfernalMobsCore/]: resolves to entity Bat['Bat'/1079, l='ServerLevel[world]', x=-1791.55, y=-26.88, z=2606.02] modifiers null
[16Apr2025 19:07:52.689] [Netty Epoll Server IO #2/DEBUG] [atomicstryker.infernalmobs.common.InfernalMobsCore/]: player ServerPlayer['DavidMaster'/423, l='ServerLevel[world]', x=-1776.09, y=63.00, z=2570.64] from string DavidMaster querying server for mods of entity id 1078
[16Apr2025 19:07:52.690] [Netty Epoll Server IO #2/DEBUG] [atomicstryker.infernalmobs.common.InfernalMobsCore/]: resolves to entity Bat['Bat'/1078, l='ServerLevel[world]', x=-1851.12, y=-27.86, z=2591.47] modifiers null
[16Apr2025 19:07:53.775] [Netty Epoll Server IO #2/DEBUG] [atomicstryker.infernalmobs.common.InfernalMobsCore/]: player ServerPlayer['DavidMaster'/423, l='ServerLevel[world]', x=-1776.09, y=63.00, z=2570.64] from string DavidMaster querying server for mods of entity id 429
[16Apr2025 19:07:53.775] [Netty Epoll Server IO #2/DEBUG] [atomicstryker.infernalmobs.common.InfernalMobsCore/]: resolves to entity Bat['Bat'/429, l='ServerLevel[world]', x=-1848.95, y=8.02, z=2596.58] modifiers null
[16Apr2025 19:07:53.943] [Netty Epoll Server IO #2/DEBUG] [atomicstryker.infernalmobs.common.InfernalMobsCore/]: player ServerPlayer['DavidMaster'/423, l='ServerLevel[world]', x=-1776.09, y=63.00, z=2570.64] from string DavidMaster querying server for mods of entity id 1080
[16Apr2025 19:07:53.944] [Netty Epoll Server IO #2/DEBUG] [atomicstryker.infernalmobs.common.InfernalMobsCore/]: resolves to entity Bat['Bat'/1080, l='ServerLevel[world]', x=-1743.50, y=4.17, z=2545.08] modifiers null
[16Apr2025 19:07:56.237] [Netty Epoll Server IO #2/DEBUG] [atomicstryker.infernalmobs.common.InfernalMobsCore/]: player ServerPlayer['DavidMaster'/423, l='ServerLevel[world]', x=-1776.09, y=63.00, z=2570.64] from string DavidMaster querying server for mods of entity id 1081
[16Apr2025 19:07:56.237] [Netty Epoll Server IO #2/DEBUG] [atomicstryker.infernalmobs.common.InfernalMobsCore/]: resolves to entity Salmon['Salmon'/1081, l='ServerLevel[world]', x=-1767.50, y=56.03, z=2631.50] modifiers null
[16Apr2025 19:07:56.879] [Netty Epoll Server IO #2/DEBUG] [atomicstryker.infernalmobs.common.InfernalMobsCore/]: player ServerPlayer['DavidMaster'/423, l='ServerLevel[world]', x=-1776.09, y=63.00, z=2570.64] from string DavidMaster querying server for mods of entity id 1082
[16Apr2025 19:07:56.879] [Netty Epoll Server IO #2/DEBUG] [atomicstryker.infernalmobs.common.InfernalMobsCore/]: resolves to entity Skeleton['Skeleton'/1082, l='ServerLevel[world]', x=-1758.50, y=-18.00, z=2612.50] modifiers atomicstryker.infernalmobs.common.mods.MM_Cloaking@34cf50e7
[16Apr2025 19:07:56.879] [Netty Epoll Server IO #2/DEBUG] [atomicstryker.infernalmobs.common.InfernalMobsCore/]: server sending mods Cloaking Storm Sprint Rust Ghastly Darkness Berserk  for ent-ID 1082
[16Apr2025 19:07:57.091] [Netty Epoll Server IO #2/DEBUG] [atomicstryker.infernalmobs.common.InfernalMobsCore/]: player ServerPlayer['DavidMaster'/423, l='ServerLevel[world]', x=-1776.09, y=63.00, z=2570.64] from string DavidMaster querying server for mods of entity id 1083
[16Apr2025 19:07:57.092] [Netty Epoll Server IO #2/DEBUG] [atomicstryker.infernalmobs.common.InfernalMobsCore/]: resolves to entity Skeleton['Skeleton'/1083, l='ServerLevel[world]', x=-1801.50, y=-29.00, z=2539.50] modifiers atomicstryker.infernalmobs.common.mods.MM_Alchemist@6465f869
[16Apr2025 19:07:57.092] [Netty Epoll Server IO #2/DEBUG] [atomicstryker.infernalmobs.common.InfernalMobsCore/]: server sending mods Alchemist Quicksand  for ent-ID 1083
[16Apr2025 19:07:57.092] [Netty Epoll Server IO #2/DEBUG] [atomicstryker.infernalmobs.common.InfernalMobsCore/]: player ServerPlayer['DavidMaster'/423, l='ServerLevel[world]', x=-1776.09, y=63.00, z=2570.64] from string DavidMaster querying server for mods of entity id 1084
[16Apr2025 19:07:57.092] [Netty Epoll Server IO #2/DEBUG] [atomicstryker.infernalmobs.common.InfernalMobsCore/]: resolves to entity Skeleton['Skeleton'/1084, l='ServerLevel[world]', x=-1802.50, y=-29.00, z=2543.50] modifiers null
[16Apr2025 19:07:57.092] [Netty Epoll Server IO #2/DEBUG] [atomicstryker.infernalmobs.common.InfernalMobsCore/]: player ServerPlayer['DavidMaster'/423, l='ServerLevel[world]', x=-1776.09, y=63.00, z=2570.64] from string DavidMaster querying server for mods of entity id 1085
[16Apr2025 19:07:57.092] [Netty Epoll Server IO #2/DEBUG] [atomicstryker.infernalmobs.common.InfernalMobsCore/]: resolves to entity Skeleton['Skeleton'/1085, l='ServerLevel[world]', x=-1804.50, y=-29.00, z=2544.50] modifiers atomicstryker.infernalmobs.common.mods.MM_Cloaking@6b9948e7
[16Apr2025 19:07:57.092] [Netty Epoll Server IO #2/DEBUG] [atomicstryker.infernalmobs.common.InfernalMobsCore/]: server sending mods Cloaking Blastoff  for ent-ID 1085
[16Apr2025 19:07:57.892] [Netty Epoll Server IO #2/DEBUG] [atomicstryker.infernalmobs.common.InfernalMobsCore/]: player ServerPlayer['DavidMaster'/423, l='ServerLevel[world]', x=-1776.09, y=63.00, z=2570.64] from string DavidMaster querying server for mods of entity id 1086
[16Apr2025 19:07:57.892] [Netty Epoll Server IO #2/DEBUG] [atomicstryker.infernalmobs.common.InfernalMobsCore/]: resolves to entity Skeleton['Skeleton'/1086, l='ServerLevel[world]', x=-1783.50, y=24.00, z=2540.50] modifiers null
[16Apr2025 19:07:57.914] [Netty Epoll Server IO #2/DEBUG] [atomicstryker.infernalmobs.common.InfernalMobsCore/]: player ServerPlayer['DavidMaster'/423, l='ServerLevel[world]', x=-1776.09, y=63.00, z=2570.64] from string DavidMaster querying server for mods of entity id 1087
[16Apr2025 19:07:57.914] [Netty Epoll Server IO #2/DEBUG] [atomicstryker.infernalmobs.common.InfernalMobsCore/]: resolves to entity Skeleton['Skeleton'/1087, l='ServerLevel[world]', x=-1782.50, y=24.00, z=2541.50] modifiers null
[16Apr2025 19:07:59.491] [Netty Epoll Server IO #2/DEBUG] [atomicstryker.infernalmobs.common.InfernalMobsCore/]: player ServerPlayer['DavidMaster'/423, l='ServerLevel[world]', x=-1776.09, y=63.00, z=2570.64] from string DavidMaster querying server for mods of entity id 1088
[16Apr2025 19:07:59.491] [Netty Epoll Server IO #2/DEBUG] [atomicstryker.infernalmobs.common.InfernalMobsCore/]: resolves to entity Bat['Bat'/1088, l='ServerLevel[world]', x=-1827.92, y=14.17, z=2565.50] modifiers null
[16Apr2025 19:07:59.514] [Netty Epoll Server IO #2/DEBUG] [atomicstryker.infernalmobs.common.InfernalMobsCore/]: player ServerPlayer['DavidMaster'/423, l='ServerLevel[world]', x=-1776.09, y=63.00, z=2570.64] from string DavidMaster querying server for mods of entity id 1089
[16Apr2025 19:07:59.514] [Netty Epoll Server IO #2/DEBUG] [atomicstryker.infernalmobs.common.InfernalMobsCore/]: resolves to entity Spider['Spider'/1089, l='ServerLevel[world]', x=-1736.50, y=-50.00, z=2526.50] modifiers null
[16Apr2025 19:07:59.728] [Netty Epoll Server IO #2/DEBUG] [atomicstryker.infernalmobs.common.InfernalMobsCore/]: player ServerPlayer['DavidMaster'/423, l='ServerLevel[world]', x=-1776.09, y=63.00, z=2570.64] from string DavidMaster querying server for mods of entity id 1090
[16Apr2025 19:07:59.729] [Netty Epoll Server IO #2/DEBUG] [atomicstryker.infernalmobs.common.InfernalMobsCore/]: resolves to entity Bat['Bat'/1090, l='ServerLevel[world]', x=-1730.36, y=5.07, z=2544.26] modifiers null
[16Apr2025 19:07:59.890] [Netty Epoll Server IO #2/DEBUG] [atomicstryker.infernalmobs.common.InfernalMobsCore/]: player ServerPlayer['DavidMaster'/423, l='ServerLevel[world]', x=-1776.09, y=63.00, z=2570.64] from string DavidMaster querying server for mods of entity id 1091
[16Apr2025 19:07:59.891] [Netty Epoll Server IO #2/DEBUG] [atomicstryker.infernalmobs.common.InfernalMobsCore/]: resolves to entity Zombie['Zombie'/1091, l='ServerLevel[world]', x=-1718.50, y=2.00, z=2646.50] modifiers null
[16Apr2025 19:08:00.740] [Netty Epoll Server IO #2/DEBUG] [atomicstryker.infernalmobs.common.InfernalMobsCore/]: player ServerPlayer['DavidMaster'/423, l='ServerLevel[world]', x=-1776.09, y=63.00, z=2570.64] from string DavidMaster querying server for mods of entity id 1092
[16Apr2025 19:08:00.740] [Netty Epoll Server IO #2/DEBUG] [atomicstryker.infernalmobs.common.InfernalMobsCore/]: resolves to entity Creeper['Creeper'/1092, l='ServerLevel[world]', x=-1851.50, y=-13.00, z=2603.50] modifiers null
[16Apr2025 19:08:00.879] [Netty Epoll Server IO #2/DEBUG] [atomicstryker.infernalmobs.common.InfernalMobsCore/]: player ServerPlayer['DavidMaster'/423, l='ServerLevel[world]', x=-1776.09, y=63.00, z=2570.64] from string DavidMaster querying server for mods of entity id 1093
[16Apr2025 19:08:00.879] [Netty Epoll Server IO #2/DEBUG] [atomicstryker.infernalmobs.common.InfernalMobsCore/]: resolves to entity Skeleton['Skeleton'/1093, l='ServerLevel[world]', x=-1881.50, y=18.00, z=2539.50] modifiers null
[16Apr2025 19:08:02.491] [Netty Epoll Server IO #2/DEBUG] [atomicstryker.infernalmobs.common.InfernalMobsCore/]: player ServerPlayer['DavidMaster'/423, l='ServerLevel[world]', x=-1776.09, y=63.00, z=2570.64] from string DavidMaster querying server for mods of entity id 1098
[16Apr2025 19:08:02.492] [Netty Epoll Server IO #2/DEBUG] [atomicstryker.infernalmobs.common.InfernalMobsCore/]: resolves to entity Spider['Spider'/1098, l='ServerLevel[world]', x=-1689.50, y=20.00, z=2511.50] modifiers null
[16Apr2025 19:08:03.174] [Netty Epoll Server IO #2/DEBUG] [atomicstryker.infernalmobs.common.InfernalMobsCore/]: player ServerPlayer['DavidMaster'/423, l='ServerLevel[world]', x=-1776.09, y=63.00, z=2570.64] from string DavidMaster querying server for mods of entity id 1100
[16Apr2025 19:08:03.174] [Netty Epoll Server IO #2/DEBUG] [atomicstryker.infernalmobs.common.InfernalMobsCore/]: resolves to entity Salmon['Salmon'/1100, l='ServerLevel[world]', x=-1776.50, y=60.03, z=2602.50] modifiers null
[16Apr2025 19:08:03.214] [Netty Epoll Server IO #2/DEBUG] [atomicstryker.infernalmobs.common.InfernalMobsCore/]: player ServerPlayer['DavidMaster'/423, l='ServerLevel[world]', x=-1776.09, y=63.00, z=2570.64] from string DavidMaster querying server for mods of entity id 1101
[16Apr2025 19:08:03.214] [Netty Epoll Server IO #2/DEBUG] [atomicstryker.infernalmobs.common.InfernalMobsCore/]: resolves to entity Salmon['Salmon'/1101, l='ServerLevel[world]', x=-1772.50, y=60.03, z=2605.50] modifiers null
[16Apr2025 19:08:03.214] [Netty Epoll Server IO #2/DEBUG] [atomicstryker.infernalmobs.common.InfernalMobsCore/]: player ServerPlayer['DavidMaster'/423, l='ServerLevel[world]', x=-1776.09, y=63.00, z=2570.64] from string DavidMaster querying server for mods of entity id 1102
[16Apr2025 19:08:03.214] [Netty Epoll Server IO #2/DEBUG] [atomicstryker.infernalmobs.common.InfernalMobsCore/]: resolves to entity Salmon['Salmon'/1102, l='ServerLevel[world]', x=-1771.50, y=60.03, z=2605.50] modifiers null
[16Apr2025 19:08:03.214] [Netty Epoll Server IO #2/DEBUG] [atomicstryker.infernalmobs.common.InfernalMobsCore/]: player ServerPlayer['DavidMaster'/423, l='ServerLevel[world]', x=-1776.09, y=63.00, z=2570.64] from string DavidMaster querying server for mods of entity id 1103
[16Apr2025 19:08:03.214] [Netty Epoll Server IO #2/DEBUG] [atomicstryker.infernalmobs.common.InfernalMobsCore/]: resolves to entity Salmon['Salmon'/1103, l='ServerLevel[world]', x=-1772.50, y=60.03, z=2604.50] modifiers null
[16Apr2025 19:08:04.675] [Netty Epoll Server IO #2/DEBUG] [atomicstryker.infernalmobs.common.InfernalMobsCore/]: player ServerPlayer['DavidMaster'/423, l='ServerLevel[world]', x=-1776.09, y=63.00, z=2570.64] from string DavidMaster querying server for mods of entity id 1104
[16Apr2025 19:08:04.675] [Netty Epoll Server IO #2/DEBUG] [atomicstryker.infernalmobs.common.InfernalMobsCore/]: resolves to entity Creeper['Creeper'/1104, l='ServerLevel[world]', x=-1714.50, y=24.00, z=2482.50] modifiers null
[16Apr2025 19:08:04.675] [Netty Epoll Server IO #2/DEBUG] [atomicstryker.infernalmobs.common.InfernalMobsCore/]: player ServerPlayer['DavidMaster'/423, l='ServerLevel[world]', x=-1776.09, y=63.00, z=2570.64] from string DavidMaster querying server for mods of entity id 1105
[16Apr2025 19:08:04.675] [Netty Epoll Server IO #2/DEBUG] [atomicstryker.infernalmobs.common.InfernalMobsCore/]: resolves to entity Zombie['Zombie'/1105, l='ServerLevel[world]', x=-1712.50, y=24.00, z=2483.50] modifiers null
[16Apr2025 19:08:05.738] [Netty Epoll Server IO #2/DEBUG] [atomicstryker.infernalmobs.common.InfernalMobsCore/]: player ServerPlayer['DavidMaster'/423, l='ServerLevel[world]', x=-1776.09, y=63.00, z=2570.64] from string DavidMaster querying server for mods of entity id 1078
[16Apr2025 19:08:05.739] [Netty Epoll Server IO #2/DEBUG] [atomicstryker.infernalmobs.common.InfernalMobsCore/]: resolves to entity Bat['Bat'/1078, l='ServerLevel[world]', x=-1854.61, y=-28.97, z=2587.03] modifiers null
[16Apr2025 19:08:08.588] [Netty Epoll Server IO #2/DEBUG] [atomicstryker.infernalmobs.common.InfernalMobsCore/]: player ServerPlayer['DavidMaster'/423, l='ServerLevel[world]', x=-1776.09, y=63.00, z=2570.64] from string DavidMaster querying server for mods of entity id 1106
[16Apr2025 19:08:08.588] [Netty Epoll Server IO #2/DEBUG] [atomicstryker.infernalmobs.common.InfernalMobsCore/]: resolves to entity Salmon['Salmon'/1106, l='ServerLevel[world]', x=-1784.50, y=57.03, z=2617.50] modifiers null
[16Apr2025 19:08:08.588] [Netty Epoll Server IO #2/DEBUG] [atomicstryker.infernalmobs.common.InfernalMobsCore/]: player ServerPlayer['DavidMaster'/423, l='ServerLevel[world]', x=-1776.09, y=63.00, z=2570.64] from string DavidMaster querying server for mods of entity id 1107
[16Apr2025 19:08:08.588] [Netty Epoll Server IO #2/DEBUG] [atomicstryker.infernalmobs.common.InfernalMobsCore/]: resolves to entity Salmon['Salmon'/1107, l='ServerLevel[world]', x=-1785.50, y=57.03, z=2621.50] modifiers null
[16Apr2025 19:08:09.338] [Netty Epoll Server IO #2/DEBUG] [atomicstryker.infernalmobs.common.InfernalMobsCore/]: player ServerPlayer['DavidMaster'/423, l='ServerLevel[world]', x=-1776.09, y=63.00, z=2570.64] from string DavidMaster querying server for mods of entity id 1108
[16Apr2025 19:08:09.338] [Netty Epoll Server IO #2/DEBUG] [atomicstryker.infernalmobs.common.InfernalMobsCore/]: resolves to entity Skeleton['Skeleton'/1108, l='ServerLevel[world]', x=-1712.50, y=-34.00, z=2548.50] modifiers null
[16Apr2025 19:08:10.636] [Netty Epoll Server IO #2/DEBUG] [atomicstryker.infernalmobs.common.InfernalMobsCore/]: player ServerPlayer['DavidMaster'/423, l='ServerLevel[world]', x=-1776.09, y=63.00, z=2570.64] from string DavidMaster querying server for mods of entity id 1078
[16Apr2025 19:08:10.636] [Netty Epoll Server IO #2/DEBUG] [atomicstryker.infernalmobs.common.InfernalMobsCore/]: resolves to entity Bat['Bat'/1078, l='ServerLevel[world]', x=-1854.39, y=-28.02, z=2582.57] modifiers null
[16Apr2025 19:08:11.143] [Netty Epoll Server IO #2/DEBUG] [atomicstryker.infernalmobs.common.InfernalMobsCore/]: player ServerPlayer['DavidMaster'/423, l='ServerLevel[world]', x=-1776.09, y=63.00, z=2570.64] from string DavidMaster querying server for mods of entity id 1109
[16Apr2025 19:08:11.143] [Netty Epoll Server IO #2/DEBUG] [atomicstryker.infernalmobs.common.InfernalMobsCore/]: resolves to entity Skeleton['Skeleton'/1109, l='ServerLevel[world]', x=-1864.50, y=-26.00, z=2577.50] modifiers null
[16Apr2025 19:08:11.143] [Netty Epoll Server IO #2/DEBUG] [atomicstryker.infernalmobs.common.InfernalMobsCore/]: player ServerPlayer['DavidMaster'/423, l='ServerLevel[world]', x=-1776.09, y=63.00, z=2570.64] from string DavidMaster querying server for mods of entity id 1110
[16Apr2025 19:08:11.143] [Netty Epoll Server IO #2/DEBUG] [atomicstryker.infernalmobs.common.InfernalMobsCore/]: resolves to entity Skeleton['Skeleton'/1110, l='ServerLevel[world]', x=-1864.50, y=-26.00, z=2576.50] modifiers null
[16Apr2025 19:08:11.375] [Netty Epoll Server IO #2/DEBUG] [atomicstryker.infernalmobs.common.InfernalMobsCore/]: player ServerPlayer['DavidMaster'/423, l='ServerLevel[world]', x=-1776.09, y=63.00, z=2570.64] from string DavidMaster querying server for mods of entity id 1112
[16Apr2025 19:08:11.375] [Netty Epoll Server IO #2/DEBUG] [atomicstryker.infernalmobs.common.InfernalMobsCore/]: resolves to entity GlowSquid['Glow Squid'/1112, l='ServerLevel[world]', x=-1726.50, y=15.00, z=2515.50] modifiers null
[16Apr2025 19:08:11.412] [Netty Epoll Server IO #2/DEBUG] [atomicstryker.infernalmobs.common.InfernalMobsCore/]: player ServerPlayer['DavidMaster'/423, l='ServerLevel[world]', x=-1776.09, y=63.00, z=2570.64] from string DavidMaster querying server for mods of entity id 1113
[16Apr2025 19:08:11.412] [Netty Epoll Server IO #2/DEBUG] [atomicstryker.infernalmobs.common.InfernalMobsCore/]: resolves to entity GlowSquid['Glow Squid'/1113, l='ServerLevel[world]', x=-1727.50, y=15.00, z=2510.50] modifiers null
[16Apr2025 19:08:11.412] [Netty Epoll Server IO #2/DEBUG] [atomicstryker.infernalmobs.common.InfernalMobsCore/]: player ServerPlayer['DavidMaster'/423, l='ServerLevel[world]', x=-1776.09, y=63.00, z=2570.64] from string DavidMaster querying server for mods of entity id 1114
[16Apr2025 19:08:11.412] [Netty Epoll Server IO #2/DEBUG] [atomicstryker.infernalmobs.common.InfernalMobsCore/]: resolves to entity GlowSquid['Glow Squid'/1114, l='ServerLevel[world]', x=-1729.50, y=15.00, z=2508.50] modifiers null
[16Apr2025 19:08:11.412] [Netty Epoll Server IO #2/DEBUG] [atomicstryker.infernalmobs.common.InfernalMobsCore/]: player ServerPlayer['DavidMaster'/423, l='ServerLevel[world]', x=-1776.09, y=63.00, z=2570.64] from string DavidMaster querying server for mods of entity id 1115
[16Apr2025 19:08:11.412] [Netty Epoll Server IO #2/DEBUG] [atomicstryker.infernalmobs.common.InfernalMobsCore/]: resolves to entity GlowSquid['Glow Squid'/1115, l='ServerLevel[world]', x=-1731.50, y=15.00, z=2513.50] modifiers null
[16Apr2025 19:08:13.998] [Netty Epoll Server IO #2/DEBUG] [atomicstryker.infernalmobs.common.InfernalMobsCore/]: player ServerPlayer['DavidMaster'/423, l='ServerLevel[world]', x=-1776.09, y=63.00, z=2570.64] from string DavidMaster querying server for mods of entity id 1116
[16Apr2025 19:08:13.998] [Netty Epoll Server IO #2/DEBUG] [atomicstryker.infernalmobs.common.InfernalMobsCore/]: resolves to entity Zombie['Zombie'/1116, l='ServerLevel[world]', x=-1822.50, y=-19.00, z=2552.50] modifiers null
[16Apr2025 19:08:14.013] [Netty Epoll Server IO #2/DEBUG] [atomicstryker.infernalmobs.common.InfernalMobsCore/]: player ServerPlayer['DavidMaster'/423, l='ServerLevel[world]', x=-1776.09, y=63.00, z=2570.64] from string DavidMaster querying server for mods of entity id 1117
[16Apr2025 19:08:14.013] [Netty Epoll Server IO #2/DEBUG] [atomicstryker.infernalmobs.common.InfernalMobsCore/]: resolves to entity Zombie['Zombie'/1117, l='ServerLevel[world]', x=-1820.50, y=-19.00, z=2553.50] modifiers null
[16Apr2025 19:08:14.013] [Netty Epoll Server IO #2/DEBUG] [atomicstryker.infernalmobs.common.InfernalMobsCore/]: player ServerPlayer['DavidMaster'/423, l='ServerLevel[world]', x=-1776.09, y=63.00, z=2570.64] from string DavidMaster querying server for mods of entity id 1118
[16Apr2025 19:08:14.013] [Netty Epoll Server IO #2/DEBUG] [atomicstryker.infernalmobs.common.InfernalMobsCore/]: resolves to entity Creeper['Creeper'/1118, l='ServerLevel[world]', x=-1819.50, y=-19.00, z=2553.50] modifiers null
[16Apr2025 19:08:15.496] [Netty Epoll Server IO #2/DEBUG] [atomicstryker.infernalmobs.common.InfernalMobsCore/]: player ServerPlayer['DavidMaster'/423, l='ServerLevel[world]', x=-1776.09, y=63.00, z=2570.64] from string DavidMaster querying server for mods of entity id 1119
[16Apr2025 19:08:15.496] [Netty Epoll Server IO #2/DEBUG] [atomicstryker.infernalmobs.common.InfernalMobsCore/]: resolves to entity Salmon['Salmon'/1119, l='ServerLevel[world]', x=-1762.50, y=52.02, z=2631.50] modifiers null
[16Apr2025 19:08:17.747] [Netty Epoll Server IO #2/DEBUG] [atomicstryker.infernalmobs.common.InfernalMobsCore/]: player ServerPlayer['DavidMaster'/423, l='ServerLevel[world]', x=-1776.09, y=63.00, z=2570.64] from string DavidMaster querying server for mods of entity id 1120
[16Apr2025 19:08:17.747] [Netty Epoll Server IO #2/DEBUG] [atomicstryker.infernalmobs.common.InfernalMobsCore/]: resolves to entity Creeper['Creeper'/1120, l='ServerLevel[world]', x=-1848.50, y=-17.00, z=2627.50] modifiers null
[16Apr2025 19:08:17.919] [Netty Epoll Server IO #2/DEBUG] [atomicstryker.infernalmobs.common.InfernalMobsCore/]: player ServerPlayer['DavidMaster'/423, l='ServerLevel[world]', x=-1776.09, y=63.00, z=2570.64] from string DavidMaster querying server for mods of entity id 1121
[16Apr2025 19:08:17.919] [Netty Epoll Server IO #2/DEBUG] [atomicstryker.infernalmobs.common.InfernalMobsCore/]: resolves to entity Salmon['Salmon'/1121, l='ServerLevel[world]', x=-1747.50, y=57.03, z=2627.50] modifiers null
[16Apr2025 19:08:17.919] [Netty Epoll Server IO #2/DEBUG] [atomicstryker.infernalmobs.common.InfernalMobsCore/]: player ServerPlayer['DavidMaster'/423, l='ServerLevel[world]', x=-1776.09, y=63.00, z=2570.64] from string DavidMaster querying server for mods of entity id 1122
[16Apr2025 19:08:17.919] [Netty Epoll Server IO #2/DEBUG] [atomicstryker.infernalmobs.common.InfernalMobsCore/]: resolves to entity Salmon['Salmon'/1122, l='ServerLevel[world]', x=-1749.50, y=57.03, z=2628.50] modifiers null
[16Apr2025 19:08:17.960] [Netty Epoll Server IO #2/DEBUG] [atomicstryker.infernalmobs.common.InfernalMobsCore/]: player ServerPlayer['DavidMaster'/423, l='ServerLevel[world]', x=-1776.09, y=63.00, z=2570.64] from string DavidMaster querying server for mods of entity id 1123
[16Apr2025 19:08:17.960] [Netty Epoll Server IO #2/DEBUG] [atomicstryker.infernalmobs.common.InfernalMobsCore/]: resolves to entity Salmon['Salmon'/1123, l='ServerLevel[world]', x=-1750.50, y=57.04, z=2628.50] modifiers null
[16Apr2025 19:08:19.980] [Netty Epoll Server IO #2/DEBUG] [atomicstryker.infernalmobs.common.InfernalMobsCore/]: player ServerPlayer['DavidMaster'/423, l='ServerLevel[world]', x=-1776.09, y=63.00, z=2570.64] from string DavidMaster querying server for mods of entity id 1124
[16Apr2025 19:08:19.980] [Netty Epoll Server IO #2/DEBUG] [atomicstryker.infernalmobs.common.InfernalMobsCore/]: resolves to entity Zombie['Zombie'/1124, l='ServerLevel[world]', x=-1745.50, y=-25.00, z=2529.50] modifiers null
[16Apr2025 19:08:20.014] [Netty Epoll Server IO #2/DEBUG] [atomicstryker.infernalmobs.common.InfernalMobsCore/]: player ServerPlayer['DavidMaster'/423, l='ServerLevel[world]', x=-1776.09, y=63.00, z=2570.64] from string DavidMaster querying server for mods of entity id 1125
[16Apr2025 19:08:20.014] [Netty Epoll Server IO #2/DEBUG] [atomicstryker.infernalmobs.common.InfernalMobsCore/]: resolves to entity Spider['Spider'/1125, l='ServerLevel[world]', x=-1732.50, y=-25.00, z=2534.50] modifiers null
[16Apr2025 19:08:20.014] [Netty Epoll Server IO #2/DEBUG] [atomicstryker.infernalmobs.common.InfernalMobsCore/]: player ServerPlayer['DavidMaster'/423, l='ServerLevel[world]', x=-1776.09, y=63.00, z=2570.64] from string DavidMaster querying server for mods of entity id 1126
[16Apr2025 19:08:20.014] [Netty Epoll Server IO #2/DEBUG] [atomicstryker.infernalmobs.common.InfernalMobsCore/]: resolves to entity Spider['Spider'/1126, l='ServerLevel[world]', x=-1731.50, y=-25.00, z=2536.50] modifiers null
[16Apr2025 19:08:21.685] [Netty Epoll Server IO #2/DEBUG] [atomicstryker.infernalmobs.common.InfernalMobsCore/]: player ServerPlayer['DavidMaster'/423, l='ServerLevel[world]', x=-1776.09, y=63.00, z=2570.64] from string DavidMaster querying server for mods of entity id 1078
[16Apr2025 19:08:21.685] [Netty Epoll Server IO #2/DEBUG] [atomicstryker.infernalmobs.common.InfernalMobsCore/]: resolves to entity Bat['Bat'/1078, l='ServerLevel[world]', x=-1853.21, y=-30.97, z=2579.85] modifiers null
[16Apr2025 19:08:23.215] [Netty Epoll Server IO #2/DEBUG] [atomicstryker.infernalmobs.common.InfernalMobsCore/]: player ServerPlayer['DavidMaster'/423, l='ServerLevel[world]', x=-1776.09, y=63.00, z=2570.64] from string DavidMaster querying server for mods of entity id 1127
[16Apr2025 19:08:23.215] [Netty Epoll Server IO #2/DEBUG] [atomicstryker.infernalmobs.common.InfernalMobsCore/]: resolves to entity Skeleton['Skeleton'/1127, l='ServerLevel[world]', x=-1788.50, y=-23.00, z=2601.50] modifiers null
[16Apr2025 19:08:23.735] [Netty Epoll Server IO #2/DEBUG] [atomicstryker.infernalmobs.common.InfernalMobsCore/]: player ServerPlayer['DavidMaster'/423, l='ServerLevel[world]', x=-1776.09, y=63.00, z=2570.64] from string DavidMaster querying server for mods of entity id 1129
[16Apr2025 19:08:23.735] [Netty Epoll Server IO #2/DEBUG] [atomicstryker.infernalmobs.common.InfernalMobsCore/]: resolves to entity Salmon['Salmon'/1129, l='ServerLevel[world]', x=-1761.50, y=61.04, z=2551.50] modifiers null
[16Apr2025 19:08:23.764] [Netty Epoll Server IO #2/DEBUG] [atomicstryker.infernalmobs.common.InfernalMobsCore/]: player ServerPlayer['DavidMaster'/423, l='ServerLevel[world]', x=-1776.09, y=63.00, z=2570.64] from string DavidMaster querying server for mods of entity id 1130
[16Apr2025 19:08:23.764] [Netty Epoll Server IO #2/DEBUG] [atomicstryker.infernalmobs.common.InfernalMobsCore/]: resolves to entity Salmon['Salmon'/1130, l='ServerLevel[world]', x=-1760.50, y=61.04, z=2550.50] modifiers null
[16Apr2025 19:08:23.764] [Netty Epoll Server IO #2/DEBUG] [atomicstryker.infernalmobs.common.InfernalMobsCore/]: player ServerPlayer['DavidMaster'/423, l='ServerLevel[world]', x=-1776.09, y=63.00, z=2570.64] from string DavidMaster querying server for mods of entity id 1131
[16Apr2025 19:08:23.764] [Netty Epoll Server IO #2/DEBUG] [atomicstryker.infernalmobs.common.InfernalMobsCore/]: resolves to entity Bat['Bat'/1131, l='ServerLevel[world]', x=-1723.33, y=-45.97, z=2571.58] modifiers null
[16Apr2025 19:08:24.642] [Netty Epoll Server IO #2/DEBUG] [atomicstryker.infernalmobs.common.InfernalMobsCore/]: player ServerPlayer['DavidMaster'/423, l='ServerLevel[world]', x=-1776.09, y=63.00, z=2570.64] from string DavidMaster querying server for mods of entity id 1078
[16Apr2025 19:08:24.642] [Netty Epoll Server IO #2/DEBUG] [atomicstryker.infernalmobs.common.InfernalMobsCore/]: resolves to entity Bat['Bat'/1078, l='ServerLevel[world]', x=-1853.43, y=-29.62, z=2580.40] modifiers null
[16Apr2025 19:08:25.943] [Netty Epoll Server IO #2/DEBUG] [atomicstryker.infernalmobs.common.InfernalMobsCore/]: player ServerPlayer['DavidMaster'/423, l='ServerLevel[world]', x=-1776.09, y=63.00, z=2570.64] from string DavidMaster querying server for mods of entity id 1132
[16Apr2025 19:08:25.943] [Netty Epoll Server IO #2/DEBUG] [atomicstryker.infernalmobs.common.InfernalMobsCore/]: resolves to entity Skeleton['Skeleton'/1132, l='ServerLevel[world]', x=-1899.50, y=50.00, z=2599.50] modifiers null
[16Apr2025 19:08:25.943] [Netty Epoll Server IO #2/DEBUG] [atomicstryker.infernalmobs.common.InfernalMobsCore/]: player ServerPlayer['DavidMaster'/423, l='ServerLevel[world]', x=-1776.09, y=63.00, z=2570.64] from string DavidMaster querying server for mods of entity id 1133
[16Apr2025 19:08:25.943] [Netty Epoll Server IO #2/DEBUG] [atomicstryker.infernalmobs.common.InfernalMobsCore/]: resolves to entity Bat['Bat'/1133, l='ServerLevel[world]', x=-1750.41, y=-24.93, z=2528.51] modifiers null
[16Apr2025 19:08:25.964] [Netty Epoll Server IO #2/DEBUG] [atomicstryker.infernalmobs.common.InfernalMobsCore/]: player ServerPlayer['DavidMaster'/423, l='ServerLevel[world]', x=-1776.09, y=63.00, z=2570.64] from string DavidMaster querying server for mods of entity id 1134
[16Apr2025 19:08:25.964] [Netty Epoll Server IO #2/DEBUG] [atomicstryker.infernalmobs.common.InfernalMobsCore/]: resolves to entity Creeper['Creeper'/1134, l='ServerLevel[world]', x=-1727.50, y=2.00, z=2639.50] modifiers null
[16Apr2025 19:08:25.964] [Netty Epoll Server IO #2/DEBUG] [atomicstryker.infernalmobs.common.InfernalMobsCore/]: player ServerPlayer['DavidMaster'/423, l='ServerLevel[world]', x=-1776.09, y=63.00, z=2570.64] from string DavidMaster querying server for mods of entity id 1135
[16Apr2025 19:08:25.964] [Netty Epoll Server IO #2/DEBUG] [atomicstryker.infernalmobs.common.InfernalMobsCore/]: resolves to entity Zombie['Zombie'/1135, l='ServerLevel[world]', x=-1725.50, y=2.00, z=2642.50] modifiers atomicstryker.infernalmobs.common.mods.MM_Ninja@6e4e997e
[16Apr2025 19:08:25.964] [Netty Epoll Server IO #2/DEBUG] [atomicstryker.infernalmobs.common.InfernalMobsCore/]: server sending mods Ninja Fiery Weakness  for ent-ID 1135
[16Apr2025 19:08:25.965] [Netty Epoll Server IO #2/DEBUG] [atomicstryker.infernalmobs.common.InfernalMobsCore/]: player ServerPlayer['DavidMaster'/423, l='ServerLevel[world]', x=-1776.09, y=63.00, z=2570.64] from string DavidMaster querying server for mods of entity id 1136
[16Apr2025 19:08:25.965] [Netty Epoll Server IO #2/DEBUG] [atomicstryker.infernalmobs.common.InfernalMobsCore/]: resolves to entity Zombie['Zombie'/1136, l='ServerLevel[world]', x=-1725.50, y=2.00, z=2644.50] modifiers null
[16Apr2025 19:08:25.965] [Netty Epoll Server IO #2/DEBUG] [atomicstryker.infernalmobs.common.InfernalMobsCore/]: player ServerPlayer['DavidMaster'/423, l='ServerLevel[world]', x=-1776.09, y=63.00, z=2570.64] from string DavidMaster querying server for mods of entity id 1137
[16Apr2025 19:08:25.965] [Netty Epoll Server IO #2/DEBUG] [atomicstryker.infernalmobs.common.InfernalMobsCore/]: resolves to entity Zombie['Zombie'/1137, l='ServerLevel[world]', x=-1724.50, y=2.00, z=2647.50] modifiers null
[16Apr2025 19:08:28.525] [Netty Epoll Server IO #2/DEBUG] [atomicstryker.infernalmobs.common.InfernalMobsCore/]: player ServerPlayer['DavidMaster'/423, l='ServerLevel[world]', x=-1776.09, y=63.00, z=2570.64] from string DavidMaster querying server for mods of entity id 1139
[16Apr2025 19:08:28.525] [Netty Epoll Server IO #2/DEBUG] [atomicstryker.infernalmobs.common.InfernalMobsCore/]: resolves to entity Skeleton['Skeleton'/1139, l='ServerLevel[world]', x=-1828.50, y=31.00, z=2474.50] modifiers null
[16Apr2025 19:08:29.784] [Netty Epoll Server IO #2/DEBUG] [atomicstryker.infernalmobs.common.InfernalMobsCore/]: player ServerPlayer['DavidMaster'/423, l='ServerLevel[world]', x=-1776.09, y=63.00, z=2570.64] from string DavidMaster querying server for mods of entity id 1140
[16Apr2025 19:08:29.784] [Netty Epoll Server IO #2/DEBUG] [atomicstryker.infernalmobs.common.InfernalMobsCore/]: resolves to entity Creeper['Creeper'/1140, l='ServerLevel[world]', x=-1789.50, y=-46.00, z=2590.50] modifiers null
[16Apr2025 19:08:29.784] [Netty Epoll Server IO #2/DEBUG] [atomicstryker.infernalmobs.common.InfernalMobsCore/]: player ServerPlayer['DavidMaster'/423, l='ServerLevel[world]', x=-1776.09, y=63.00, z=2570.64] from string DavidMaster querying server for mods of entity id 1141
[16Apr2025 19:08:29.784] [Netty Epoll Server IO #2/DEBUG] [atomicstryker.infernalmobs.common.InfernalMobsCore/]: resolves to entity Creeper['Creeper'/1141, l='ServerLevel[world]', x=-1789.50, y=-46.00, z=2593.50] modifiers null
[16Apr2025 19:08:31.075] [Netty Epoll Server IO #2/DEBUG] [atomicstryker.infernalmobs.common.InfernalMobsCore/]: player ServerPlayer['DavidMaster'/423, l='ServerLevel[world]', x=-1776.09, y=63.00, z=2570.64] from string DavidMaster querying server for mods of entity id 1142
[16Apr2025 19:08:31.075] [Netty Epoll Server IO #2/DEBUG] [atomicstryker.infernalmobs.common.InfernalMobsCore/]: resolves to entity Bat['Bat'/1142, l='ServerLevel[world]', x=-1767.47, y=1.12, z=2507.76] modifiers null
[16Apr2025 19:08:31.228] [Netty Epoll Server IO #2/DEBUG] [atomicstryker.infernalmobs.common.InfernalMobsCore/]: player ServerPlayer['DavidMaster'/423, l='ServerLevel[world]', x=-1776.09, y=63.00, z=2570.64] from string DavidMaster querying server for mods of entity id 1144
[16Apr2025 19:08:31.228] [Netty Epoll Server IO #2/DEBUG] [atomicstryker.infernalmobs.common.InfernalMobsCore/]: resolves to entity Creeper['Creeper'/1144, l='ServerLevel[world]', x=-1729.50, y=-34.00, z=2556.50] modifiers null
[16Apr2025 19:08:31.228] [Netty Epoll Server IO #2/DEBUG] [atomicstryker.infernalmobs.common.InfernalMobsCore/]: player ServerPlayer['DavidMaster'/423, l='ServerLevel[world]', x=-1776.09, y=63.00, z=2570.64] from string DavidMaster querying server for mods of entity id 1145
[16Apr2025 19:08:31.228] [Netty Epoll Server IO #2/DEBUG] [atomicstryker.infernalmobs.common.InfernalMobsCore/]: resolves to entity Creeper['Creeper'/1145, l='ServerLevel[world]', x=-1727.50, y=-34.00, z=2554.50] modifiers null
[16Apr2025 19:08:31.536] [Netty Epoll Server IO #2/DEBUG] [atomicstryker.infernalmobs.common.InfernalMobsCore/]: player ServerPlayer['DavidMaster'/423, l='ServerLevel[world]', x=-1776.09, y=63.00, z=2570.64] from string DavidMaster querying server for mods of entity id 1146
[16Apr2025 19:08:31.536] [Netty Epoll Server IO #2/DEBUG] [atomicstryker.infernalmobs.common.InfernalMobsCore/]: resolves to entity Bat['Bat'/1146, l='ServerLevel[world]', x=-1770.75, y=-32.83, z=2639.92] modifiers null
[16Apr2025 19:08:32.937] [Netty Epoll Server IO #2/DEBUG] [atomicstryker.infernalmobs.common.InfernalMobsCore/]: player ServerPlayer['DavidMaster'/423, l='ServerLevel[world]', x=-1776.09, y=63.00, z=2570.64] from string DavidMaster querying server for mods of entity id 1148
[16Apr2025 19:08:32.937] [Netty Epoll Server IO #2/DEBUG] [atomicstryker.infernalmobs.common.InfernalMobsCore/]: resolves to entity Creeper['Creeper'/1148, l='ServerLevel[world]', x=-1796.50, y=-49.00, z=2563.50] modifiers null
[16Apr2025 19:08:32.963] [Netty Epoll Server IO #2/DEBUG] [atomicstryker.infernalmobs.common.InfernalMobsCore/]: player ServerPlayer['DavidMaster'/423, l='ServerLevel[world]', x=-1776.09, y=63.00, z=2570.64] from string DavidMaster querying server for mods of entity id 1149
[16Apr2025 19:08:32.963] [Netty Epoll Server IO #2/DEBUG] [atomicstryker.infernalmobs.common.InfernalMobsCore/]: resolves to entity Creeper['Creeper'/1149, l='ServerLevel[world]', x=-1798.50, y=-49.00, z=2563.50] modifiers null
[16Apr2025 19:08:33.631] [Netty Epoll Server IO #2/DEBUG] [atomicstryker.infernalmobs.common.InfernalMobsCore/]: player ServerPlayer['DavidMaster'/423, l='ServerLevel[world]', x=-1776.09, y=63.00, z=2570.64] from string DavidMaster querying server for mods of entity id 1150
[16Apr2025 19:08:33.631] [Netty Epoll Server IO #2/DEBUG] [atomicstryker.infernalmobs.common.InfernalMobsCore/]: resolves to entity Salmon['Salmon'/1150, l='ServerLevel[world]', x=-1768.50, y=58.02, z=2594.50] modifiers null
[16Apr2025 19:08:33.663] [Netty Epoll Server IO #2/DEBUG] [atomicstryker.infernalmobs.common.InfernalMobsCore/]: player ServerPlayer['DavidMaster'/423, l='ServerLevel[world]', x=-1776.09, y=63.00, z=2570.64] from string DavidMaster querying server for mods of entity id 1151
[16Apr2025 19:08:33.663] [Netty Epoll Server IO #2/DEBUG] [atomicstryker.infernalmobs.common.InfernalMobsCore/]: resolves to entity Salmon['Salmon'/1151, l='ServerLevel[world]', x=-1770.50, y=58.02, z=2593.50] modifiers null
[16Apr2025 19:08:34.709] [Netty Epoll Server IO #2/DEBUG] [atomicstryker.infernalmobs.common.InfernalMobsCore/]: player ServerPlayer['DavidMaster'/423, l='ServerLevel[world]', x=-1776.09, y=63.00, z=2570.64] from string DavidMaster querying server for mods of entity id 1078
[16Apr2025 19:08:34.709] [Netty Epoll Server IO #2/DEBUG] [atomicstryker.infernalmobs.common.InfernalMobsCore/]: resolves to entity Bat['Bat'/1078, l='ServerLevel[world]', x=-1853.43, y=-29.94, z=2586.22] modifiers null
[16Apr2025 19:08:40.678] [Netty Epoll Server IO #2/DEBUG] [atomicstryker.infernalmobs.common.InfernalMobsCore/]: player ServerPlayer['DavidMaster'/423, l='ServerLevel[world]', x=-1776.09, y=63.00, z=2570.64] from string DavidMaster querying server for mods of entity id 1078
[16Apr2025 19:08:40.678] [Netty Epoll Server IO #2/DEBUG] [atomicstryker.infernalmobs.common.InfernalMobsCore/]: resolves to entity Bat['Bat'/1078, l='ServerLevel[world]', x=-1854.74, y=-33.24, z=2580.94] modifiers null
[16Apr2025 19:08:40.928] [Netty Epoll Server IO #2/DEBUG] [atomicstryker.infernalmobs.common.InfernalMobsCore/]: player ServerPlayer['DavidMaster'/423, l='ServerLevel[world]', x=-1776.09, y=63.00, z=2570.64] from string DavidMaster querying server for mods of entity id 1154
[16Apr2025 19:08:40.928] [Netty Epoll Server IO #2/DEBUG] [atomicstryker.infernalmobs.common.InfernalMobsCore/]: resolves to entity Skeleton['Skeleton'/1154, l='ServerLevel[world]', x=-1744.46, y=-25.00, z=2515.45] modifiers null
[16Apr2025 19:08:40.929] [Netty Epoll Server IO #2/DEBUG] [atomicstryker.infernalmobs.common.InfernalMobsCore/]: player ServerPlayer['DavidMaster'/423, l='ServerLevel[world]', x=-1776.09, y=63.00, z=2570.64] from string DavidMaster querying server for mods of entity id 1155
[16Apr2025 19:08:40.929] [Netty Epoll Server IO #2/DEBUG] [atomicstryker.infernalmobs.common.InfernalMobsCore/]: resolves to entity Skeleton['Skeleton'/1155, l='ServerLevel[world]', x=-1746.50, y=-25.00, z=2514.50] modifiers null
[16Apr2025 19:08:41.834] [Netty Epoll Server IO #2/DEBUG] [atomicstryker.infernalmobs.common.InfernalMobsCore/]: player ServerPlayer['DavidMaster'/423, l='ServerLevel[world]', x=-1776.09, y=63.00, z=2570.64] from string DavidMaster querying server for mods of entity id 1157
[16Apr2025 19:08:41.834] [Netty Epoll Server IO #2/DEBUG] [atomicstryker.infernalmobs.common.InfernalMobsCore/]: resolves to entity Zombie['Zombie'/1157, l='ServerLevel[world]', x=-1854.50, y=15.00, z=2643.50] modifiers null
[16Apr2025 19:08:42.028] [Netty Epoll Server IO #2/DEBUG] [atomicstryker.infernalmobs.common.InfernalMobsCore/]: player ServerPlayer['DavidMaster'/423, l='ServerLevel[world]', x=-1776.09, y=63.00, z=2570.64] from string DavidMaster querying server for mods of entity id 1158
[16Apr2025 19:08:42.028] [Netty Epoll Server IO #2/DEBUG] [atomicstryker.infernalmobs.common.InfernalMobsCore/]: resolves to entity Creeper['Creeper'/1158, l='ServerLevel[world]', x=-1767.50, y=-25.00, z=2590.50] modifiers null
[16Apr2025 19:08:42.063] [Netty Epoll Server IO #2/DEBUG] [atomicstryker.infernalmobs.common.InfernalMobsCore/]: player ServerPlayer['DavidMaster'/423, l='ServerLevel[world]', x=-1776.09, y=63.00, z=2570.64] from string DavidMaster querying server for mods of entity id 1159
[16Apr2025 19:08:42.063] [Netty Epoll Server IO #2/DEBUG] [atomicstryker.infernalmobs.common.InfernalMobsCore/]: resolves to entity Skeleton['Skeleton'/1159, l='ServerLevel[world]', x=-1765.50, y=-25.00, z=2585.50] modifiers null
[16Apr2025 19:08:42.063] [Netty Epoll Server IO #2/DEBUG] [atomicstryker.infernalmobs.common.InfernalMobsCore/]: player ServerPlayer['DavidMaster'/423, l='ServerLevel[world]', x=-1776.09, y=63.00, z=2570.64] from string DavidMaster querying server for mods of entity id 1160
[16Apr2025 19:08:42.063] [Netty Epoll Server IO #2/DEBUG] [atomicstryker.infernalmobs.common.InfernalMobsCore/]: resolves to entity Salmon['Salmon'/1160, l='ServerLevel[world]', x=-1755.50, y=58.03, z=2629.50] modifiers null
[16Apr2025 19:08:42.640] [Netty Epoll Server IO #2/DEBUG] [atomicstryker.infernalmobs.common.InfernalMobsCore/]: player ServerPlayer['DavidMaster'/423, l='ServerLevel[world]', x=-1776.09, y=63.00, z=2570.64] from string DavidMaster querying server for mods of entity id 1161
[16Apr2025 19:08:42.641] [Netty Epoll Server IO #2/DEBUG] [atomicstryker.infernalmobs.common.InfernalMobsCore/]: resolves to entity Zombie['Zombie'/1161, l='ServerLevel[world]', x=-1690.50, y=-2.00, z=2552.50] modifiers null
[16Apr2025 19:08:42.641] [Netty Epoll Server IO #2/DEBUG] [atomicstryker.infernalmobs.common.InfernalMobsCore/]: player ServerPlayer['DavidMaster'/423, l='ServerLevel[world]', x=-1776.09, y=63.00, z=2570.64] from string DavidMaster querying server for mods of entity id 1162
[16Apr2025 19:08:42.641] [Netty Epoll Server IO #2/DEBUG] [atomicstryker.infernalmobs.common.InfernalMobsCore/]: resolves to entity Zombie['Zombie'/1162, l='ServerLevel[world]', x=-1689.50, y=-2.00, z=2552.50] modifiers null
[16Apr2025 19:08:43.840] [Netty Epoll Server IO #2/DEBUG] [atomicstryker.infernalmobs.common.InfernalMobsCore/]: player ServerPlayer['DavidMaster'/423, l='ServerLevel[world]', x=-1776.09, y=63.00, z=2570.64] from string DavidMaster querying server for mods of entity id 1163
[16Apr2025 19:08:43.840] [Netty Epoll Server IO #2/DEBUG] [atomicstryker.infernalmobs.common.InfernalMobsCore/]: resolves to entity Salmon['Salmon'/1163, l='ServerLevel[world]', x=-1751.50, y=56.02, z=2567.50] modifiers null
[16Apr2025 19:08:43.841] [Netty Epoll Server IO #2/DEBUG] [atomicstryker.infernalmobs.common.InfernalMobsCore/]: player ServerPlayer['DavidMaster'/423, l='ServerLevel[world]', x=-1776.09, y=63.00, z=2570.64] from string DavidMaster querying server for mods of entity id 1164
[16Apr2025 19:08:43.841] [Netty Epoll Server IO #2/DEBUG] [atomicstryker.infernalmobs.common.InfernalMobsCore/]: resolves to entity Salmon['Salmon'/1164, l='ServerLevel[world]', x=-1753.50, y=56.02, z=2564.50] modifiers null
[16Apr2025 19:08:44.329] [Netty Epoll Server IO #2/DEBUG] [atomicstryker.infernalmobs.common.InfernalMobsCore/]: player ServerPlayer['DavidMaster'/423, l='ServerLevel[world]', x=-1776.09, y=63.00, z=2570.64] from string DavidMaster querying server for mods of entity id 1165
[16Apr2025 19:08:44.329] [Netty Epoll Server IO #2/DEBUG] [atomicstryker.infernalmobs.common.InfernalMobsCore/]: resolves to entity Zombie['Zombie'/1165, l='ServerLevel[world]', x=-1787.50, y=-14.00, z=2526.50] modifiers null
[16Apr2025 19:08:44.329] [Netty Epoll Server IO #2/DEBUG] [atomicstryker.infernalmobs.common.InfernalMobsCore/]: player ServerPlayer['DavidMaster'/423, l='ServerLevel[world]', x=-1776.09, y=63.00, z=2570.64] from string DavidMaster querying server for mods of entity id 1166
[16Apr2025 19:08:44.329] [Netty Epoll Server IO #2/DEBUG] [atomicstryker.infernalmobs.common.InfernalMobsCore/]: resolves to entity Zombie['Zombie'/1166, l='ServerLevel[world]', x=-1783.50, y=-14.00, z=2523.50] modifiers null
[16Apr2025 19:08:45.624] [Netty Epoll Server IO #2/DEBUG] [atomicstryker.infernalmobs.common.InfernalMobsCore/]: player ServerPlayer['DavidMaster'/423, l='ServerLevel[world]', x=-1776.09, y=63.00, z=2570.64] from string DavidMaster querying server for mods of entity id 1146
[16Apr2025 19:08:45.625] [Netty Epoll Server IO #2/DEBUG] [atomicstryker.infernalmobs.common.InfernalMobsCore/]: resolves to entity Bat['Bat'/1146, l='ServerLevel[world]', x=-1767.65, y=-34.69, z=2650.19] modifiers null
[16Apr2025 19:08:46.285] [Netty Epoll Server IO #2/DEBUG] [atomicstryker.infernalmobs.common.InfernalMobsCore/]: player ServerPlayer['DavidMaster'/423, l='ServerLevel[world]', x=-1776.09, y=63.00, z=2570.64] from string DavidMaster querying server for mods of entity id 1167
[16Apr2025 19:08:46.285] [Netty Epoll Server IO #2/DEBUG] [atomicstryker.infernalmobs.common.InfernalMobsCore/]: resolves to entity Skeleton['Skeleton'/1167, l='ServerLevel[world]', x=-1879.50, y=3.00, z=2527.50] modifiers null
[16Apr2025 19:08:46.338] [Netty Epoll Server IO #2/DEBUG] [atomicstryker.infernalmobs.common.InfernalMobsCore/]: player ServerPlayer['DavidMaster'/423, l='ServerLevel[world]', x=-1776.09, y=63.00, z=2570.64] from string DavidMaster querying server for mods of entity id 1168
[16Apr2025 19:08:46.338] [Netty Epoll Server IO #2/DEBUG] [atomicstryker.infernalmobs.common.InfernalMobsCore/]: resolves to entity Spider['Spider'/1168, l='ServerLevel[world]', x=-1864.50, y=17.00, z=2560.50] modifiers null
[16Apr2025 19:08:46.364] [Netty Epoll Server IO #2/DEBUG] [atomicstryker.infernalmobs.common.InfernalMobsCore/]: player ServerPlayer['DavidMaster'/423, l='ServerLevel[world]', x=-1776.09, y=63.00, z=2570.64] from string DavidMaster querying server for mods of entity id 1170
[16Apr2025 19:08:46.364] [Netty Epoll Server IO #2/DEBUG] [atomicstryker.infernalmobs.common.InfernalMobsCore/]: resolves to entity Bat['Bat'/1170, l='ServerLevel[world]', x=-1783.25, y=-25.83, z=2612.25] modifiers null
[16Apr2025 19:08:46.364] [Netty Epoll Server IO #2/DEBUG] [atomicstryker.infernalmobs.common.InfernalMobsCore/]: player ServerPlayer['DavidMaster'/423, l='ServerLevel[world]', x=-1776.09, y=63.00, z=2570.64] from string DavidMaster querying server for mods of entity id 1171
[16Apr2025 19:08:46.364] [Netty Epoll Server IO #2/DEBUG] [atomicstryker.infernalmobs.common.InfernalMobsCore/]: resolves to entity Bat['Bat'/1171, l='ServerLevel[world]', x=-1781.61, y=-25.83, z=2617.92] modifiers null
[16Apr2025 19:08:46.675] [Netty Epoll Server IO #2/DEBUG] [atomicstryker.infernalmobs.common.InfernalMobsCore/]: player ServerPlayer['DavidMaster'/423, l='ServerLevel[world]', x=-1776.09, y=63.00, z=2570.64] from string DavidMaster querying server for mods of entity id 1172
[16Apr2025 19:08:46.675] [Netty Epoll Server IO #2/DEBUG] [atomicstryker.infernalmobs.common.InfernalMobsCore/]: resolves to entity Salmon['Salmon'/1172, l='ServerLevel[world]', x=-1770.50, y=53.88, z=2610.50] modifiers null
[16Apr2025 19:08:47.135] [Netty Epoll Server IO #2/DEBUG] [atomicstryker.infernalmobs.common.InfernalMobsCore/]: player ServerPlayer['DavidMaster'/423, l='ServerLevel[world]', x=-1776.09, y=63.00, z=2570.64] from string DavidMaster querying server for mods of entity id 1173
[16Apr2025 19:08:47.135] [Netty Epoll Server IO #2/DEBUG] [atomicstryker.infernalmobs.common.InfernalMobsCore/]: resolves to entity Salmon['Salmon'/1173, l='ServerLevel[world]', x=-1754.50, y=60.03, z=2582.50] modifiers null
[16Apr2025 19:08:47.276] [Netty Epoll Server IO #2/DEBUG] [atomicstryker.infernalmobs.common.InfernalMobsCore/]: player ServerPlayer['DavidMaster'/423, l='ServerLevel[world]', x=-1776.09, y=63.00, z=2570.64] from string DavidMaster querying server for mods of entity id 1174
[16Apr2025 19:08:47.276] [Netty Epoll Server IO #2/DEBUG] [atomicstryker.infernalmobs.common.InfernalMobsCore/]: resolves to entity Salmon['Salmon'/1174, l='ServerLevel[world]', x=-1758.50, y=56.03, z=2622.50] modifiers null
[16Apr2025 19:08:47.314] [Netty Epoll Server IO #2/DEBUG] [atomicstryker.infernalmobs.common.InfernalMobsCore/]: player ServerPlayer['DavidMaster'/423, l='ServerLevel[world]', x=-1776.09, y=63.00, z=2570.64] from string DavidMaster querying server for mods of entity id 1175
[16Apr2025 19:08:47.314] [Netty Epoll Server IO #2/DEBUG] [atomicstryker.infernalmobs.common.InfernalMobsCore/]: resolves to entity Salmon['Salmon'/1175, l='ServerLevel[world]', x=-1757.50, y=56.03, z=2622.50] modifiers null
[16Apr2025 19:08:49.135] [Netty Epoll Server IO #2/DEBUG] [atomicstryker.infernalmobs.common.InfernalMobsCore/]: player ServerPlayer['DavidMaster'/423, l='ServerLevel[world]', x=-1776.09, y=63.00, z=2570.64] from string DavidMaster querying server for mods of entity id 1179
[16Apr2025 19:08:49.135] [Netty Epoll Server IO #2/DEBUG] [atomicstryker.infernalmobs.common.InfernalMobsCore/]: resolves to entity Drowned['Drowned'/1179, l='ServerLevel[world]', x=-1748.50, y=47.01, z=2625.50] modifiers null
[16Apr2025 19:08:50.337] [Netty Epoll Server IO #2/DEBUG] [atomicstryker.infernalmobs.common.InfernalMobsCore/]: player ServerPlayer['DavidMaster'/423, l='ServerLevel[world]', x=-1776.09, y=63.00, z=2570.64] from string DavidMaster querying server for mods of entity id 1181
[16Apr2025 19:08:50.337] [Netty Epoll Server IO #2/DEBUG] [atomicstryker.infernalmobs.common.InfernalMobsCore/]: resolves to entity Zombie['Zombie'/1181, l='ServerLevel[world]', x=-1707.50, y=-3.00, z=2590.50] modifiers null
[16Apr2025 19:08:50.337] [Netty Epoll Server IO #2/DEBUG] [atomicstryker.infernalmobs.common.InfernalMobsCore/]: player ServerPlayer['DavidMaster'/423, l='ServerLevel[world]', x=-1776.09, y=63.00, z=2570.64] from string DavidMaster querying server for mods of entity id 1182
[16Apr2025 19:08:50.337] [Netty Epoll Server IO #2/DEBUG] [atomicstryker.infernalmobs.common.InfernalMobsCore/]: resolves to entity Spider['Spider'/1182, l='ServerLevel[world]', x=-1833.50, y=34.00, z=2461.50] modifiers null
[16Apr2025 19:08:50.364] [Netty Epoll Server IO #2/DEBUG] [atomicstryker.infernalmobs.common.InfernalMobsCore/]: player ServerPlayer['DavidMaster'/423, l='ServerLevel[world]', x=-1776.09, y=63.00, z=2570.64] from string DavidMaster querying server for mods of entity id 1183
[16Apr2025 19:08:50.364] [Netty Epoll Server IO #2/DEBUG] [atomicstryker.infernalmobs.common.InfernalMobsCore/]: resolves to entity Creeper['Creeper'/1183, l='ServerLevel[world]', x=-1834.50, y=34.00, z=2460.50] modifiers null
[16Apr2025 19:08:50.364] [Netty Epoll Server IO #2/DEBUG] [atomicstryker.infernalmobs.common.InfernalMobsCore/]: player ServerPlayer['DavidMaster'/423, l='ServerLevel[world]', x=-1776.09, y=63.00, z=2570.64] from string DavidMaster querying server for mods of entity id 1184
[16Apr2025 19:08:50.364] [Netty Epoll Server IO #2/DEBUG] [atomicstryker.infernalmobs.common.InfernalMobsCore/]: resolves to entity Creeper['Creeper'/1184, l='ServerLevel[world]', x=-1832.50, y=34.00, z=2459.50] modifiers null
[16Apr2025 19:08:51.835] [Netty Epoll Server IO #2/DEBUG] [atomicstryker.infernalmobs.common.InfernalMobsCore/]: player ServerPlayer['DavidMaster'/423, l='ServerLevel[world]', x=-1776.09, y=63.00, z=2570.64] from string DavidMaster querying server for mods of entity id 1185
[16Apr2025 19:08:51.835] [Netty Epoll Server IO #2/DEBUG] [atomicstryker.infernalmobs.common.InfernalMobsCore/]: resolves to entity Zombie['Zombie'/1185, l='ServerLevel[world]', x=-1717.50, y=40.00, z=2473.50] modifiers null
[16Apr2025 19:08:52.551] [Server thread/DEBUG] [net.minecraftforge.common.ForgeHooks/WP]: Gathering id map for writing to world save world
[16Apr2025 19:08:52.561] [Server thread/DEBUG] [net.minecraftforge.common.ForgeHooks/WP]: ID Map collection complete world
[16Apr2025 19:08:53.127] [Netty Epoll Server IO #2/DEBUG] [atomicstryker.infernalmobs.common.InfernalMobsCore/]: player ServerPlayer['DavidMaster'/423, l='ServerLevel[world]', x=-1776.09, y=63.00, z=2570.64] from string DavidMaster querying server for mods of entity id 1186
[16Apr2025 19:08:53.128] [Netty Epoll Server IO #2/DEBUG] [atomicstryker.infernalmobs.common.InfernalMobsCore/]: resolves to entity Creeper['Creeper'/1186, l='ServerLevel[world]', x=-1819.50, y=27.00, z=2494.50] modifiers atomicstryker.infernalmobs.common.mods.MM_Blastoff@2048b438
[16Apr2025 19:08:53.128] [Netty Epoll Server IO #2/DEBUG] [atomicstryker.infernalmobs.common.InfernalMobsCore/]: server sending mods Blastoff Vengeance  for ent-ID 1186
[16Apr2025 19:08:53.128] [Netty Epoll Server IO #2/DEBUG] [atomicstryker.infernalmobs.common.InfernalMobsCore/]: player ServerPlayer['DavidMaster'/423, l='ServerLevel[world]', x=-1776.09, y=63.00, z=2570.64] from string DavidMaster querying server for mods of entity id 1187
[16Apr2025 19:08:53.128] [Netty Epoll Server IO #2/DEBUG] [atomicstryker.infernalmobs.common.InfernalMobsCore/]: resolves to entity Creeper['Creeper'/1187, l='ServerLevel[world]', x=-1744.50, y=-28.00, z=2588.50] modifiers null
[16Apr2025 19:08:53.128] [Netty Epoll Server IO #2/DEBUG] [atomicstryker.infernalmobs.common.InfernalMobsCore/]: player ServerPlayer['DavidMaster'/423, l='ServerLevel[world]', x=-1776.09, y=63.00, z=2570.64] from string DavidMaster querying server for mods of entity id 1188
[16Apr2025 19:08:53.128] [Netty Epoll Server IO #2/DEBUG] [atomicstryker.infernalmobs.common.InfernalMobsCore/]: resolves to entity Creeper['Creeper'/1188, l='ServerLevel[world]', x=-1743.50, y=-28.00, z=2587.50] modifiers null
[16Apr2025 19:08:54.032] [Netty Epoll Server IO #2/DEBUG] [atomicstryker.infernalmobs.common.InfernalMobsCore/]: player ServerPlayer['DavidMaster'/423, l='ServerLevel[world]', x=-1776.09, y=63.00, z=2570.64] from string DavidMaster querying server for mods of entity id 1189
[16Apr2025 19:08:54.033] [Netty Epoll Server IO #2/DEBUG] [atomicstryker.infernalmobs.common.InfernalMobsCore/]: resolves to entity Skeleton['Skeleton'/1189, l='ServerLevel[world]', x=-1797.50, y=-27.00, z=2552.50] modifiers atomicstryker.infernalmobs.common.mods.MM_Blastoff@6b25a6e8
[16Apr2025 19:08:54.033] [Netty Epoll Server IO #2/DEBUG] [atomicstryker.infernalmobs.common.InfernalMobsCore/]: server sending mods Blastoff Darkness Regen Unyielding Cloaking Alchemist Sticky Sapper  for ent-ID 1189
[16Apr2025 19:08:54.033] [Netty Epoll Server IO #2/DEBUG] [atomicstryker.infernalmobs.common.InfernalMobsCore/]: player ServerPlayer['DavidMaster'/423, l='ServerLevel[world]', x=-1776.09, y=63.00, z=2570.64] from string DavidMaster querying server for mods of entity id 1190
[16Apr2025 19:08:54.033] [Netty Epoll Server IO #2/DEBUG] [atomicstryker.infernalmobs.common.InfernalMobsCore/]: resolves to entity Creeper['Creeper'/1190, l='ServerLevel[world]', x=-1691.50, y=-3.00, z=2584.50] modifiers null
[16Apr2025 19:08:54.033] [Netty Epoll Server IO #2/DEBUG] [atomicstryker.infernalmobs.common.InfernalMobsCore/]: player ServerPlayer['DavidMaster'/423, l='ServerLevel[world]', x=-1776.09, y=63.00, z=2570.64] from string DavidMaster querying server for mods of entity id 1191
[16Apr2025 19:08:54.033] [Netty Epoll Server IO #2/DEBUG] [atomicstryker.infernalmobs.common.InfernalMobsCore/]: resolves to entity Zombie['Zombie'/1191, l='ServerLevel[world]', x=-1691.50, y=-3.00, z=2578.50] modifiers null
[16Apr2025 19:08:56.087] [Netty Epoll Server IO #2/DEBUG] [atomicstryker.infernalmobs.common.InfernalMobsCore/]: player ServerPlayer['DavidMaster'/423, l='ServerLevel[world]', x=-1776.09, y=63.00, z=2570.64] from string DavidMaster querying server for mods of entity id 1192
[16Apr2025 19:08:56.087] [Netty Epoll Server IO #2/DEBUG] [atomicstryker.infernalmobs.common.InfernalMobsCore/]: resolves to entity GlowSquid['Glow Squid'/1192, l='ServerLevel[world]', x=-1744.50, y=11.00, z=2669.50] modifiers null
[16Apr2025 19:08:56.088] [Netty Epoll Server IO #2/DEBUG] [atomicstryker.infernalmobs.common.InfernalMobsCore/]: player ServerPlayer['DavidMaster'/423, l='ServerLevel[world]', x=-1776.09, y=63.00, z=2570.64] from string DavidMaster querying server for mods of entity id 1193
[16Apr2025 19:08:56.088] [Netty Epoll Server IO #2/DEBUG] [atomicstryker.infernalmobs.common.InfernalMobsCore/]: resolves to entity GlowSquid['Glow Squid'/1193, l='ServerLevel[world]', x=-1749.50, y=11.00, z=2670.50] modifiers null
[16Apr2025 19:08:56.113] [Netty Epoll Server IO #2/DEBUG] [atomicstryker.infernalmobs.common.InfernalMobsCore/]: player ServerPlayer['DavidMaster'/423, l='ServerLevel[world]', x=-1776.09, y=63.00, z=2570.64] from string DavidMaster querying server for mods of entity id 1194
[16Apr2025 19:08:56.113] [Netty Epoll Server IO #2/DEBUG] [atomicstryker.infernalmobs.common.InfernalMobsCore/]: resolves to entity GlowSquid['Glow Squid'/1194, l='ServerLevel[world]', x=-1752.50, y=11.00, z=2672.50] modifiers null
[16Apr2025 19:08:56.113] [Netty Epoll Server IO #2/DEBUG] [atomicstryker.infernalmobs.common.InfernalMobsCore/]: player ServerPlayer['DavidMaster'/423, l='ServerLevel[world]', x=-1776.09, y=63.00, z=2570.64] from string DavidMaster querying server for mods of entity id 1195
[16Apr2025 19:08:56.113] [Netty Epoll Server IO #2/DEBUG] [atomicstryker.infernalmobs.common.InfernalMobsCore/]: resolves to entity GlowSquid['Glow Squid'/1195, l='ServerLevel[world]', x=-1741.50, y=11.00, z=2675.50] modifiers null
[16Apr2025 19:08:56.206] [Netty Epoll Server IO #2/DEBUG] [atomicstryker.infernalmobs.common.InfernalMobsCore/]: player ServerPlayer['DavidMaster'/423, l='ServerLevel[world]', x=-1776.09, y=63.00, z=2570.64] from string DavidMaster querying server for mods of entity id 1196
[16Apr2025 19:08:56.206] [Netty Epoll Server IO #2/DEBUG] [atomicstryker.infernalmobs.common.InfernalMobsCore/]: resolves to entity Creeper['Creeper'/1196, l='ServerLevel[world]', x=-1794.50, y=-37.00, z=2614.50] modifiers null
[16Apr2025 19:08:56.444] [Netty Epoll Server IO #2/DEBUG] [atomicstryker.infernalmobs.common.InfernalMobsCore/]: player ServerPlayer['DavidMaster'/423, l='ServerLevel[world]', x=-1776.09, y=63.00, z=2570.64] from string DavidMaster querying server for mods of entity id 1198
[16Apr2025 19:08:56.444] [Netty Epoll Server IO #2/DEBUG] [atomicstryker.infernalmobs.common.InfernalMobsCore/]: resolves to entity Skeleton['Skeleton'/1198, l='ServerLevel[world]', x=-1896.50, y=71.00, z=2586.50] modifiers atomicstryker.infernalmobs.common.mods.MM_Ninja@4a5a151b
[16Apr2025 19:08:56.444] [Netty Epoll Server IO #2/DEBUG] [atomicstryker.infernalmobs.common.InfernalMobsCore/]: server sending mods Ninja Exhaust LifeSteal  for ent-ID 1198
[16Apr2025 19:08:56.444] [Netty Epoll Server IO #2/DEBUG] [atomicstryker.infernalmobs.common.InfernalMobsCore/]: player ServerPlayer['DavidMaster'/423, l='ServerLevel[world]', x=-1776.09, y=63.00, z=2570.64] from string DavidMaster querying server for mods of entity id 1199
[16Apr2025 19:08:56.444] [Netty Epoll Server IO #2/DEBUG] [atomicstryker.infernalmobs.common.InfernalMobsCore/]: resolves to entity Zombie['Zombie'/1199, l='ServerLevel[world]', x=-1901.50, y=71.00, z=2587.50] modifiers null
[16Apr2025 19:08:58.373] [Netty Epoll Server IO #2/DEBUG] [atomicstryker.infernalmobs.common.InfernalMobsCore/]: player ServerPlayer['DavidMaster'/423, l='ServerLevel[world]', x=-1776.09, y=63.00, z=2570.64] from string DavidMaster querying server for mods of entity id 1200
[16Apr2025 19:08:58.374] [Netty Epoll Server IO #2/DEBUG] [atomicstryker.infernalmobs.common.InfernalMobsCore/]: resolves to entity Skeleton['Skeleton'/1200, l='ServerLevel[world]', x=-1845.50, y=-42.00, z=2560.50] modifiers null
[16Apr2025 19:08:59.602] [Netty Epoll Server IO #2/DEBUG] [atomicstryker.infernalmobs.common.InfernalMobsCore/]: player ServerPlayer['DavidMaster'/423, l='ServerLevel[world]', x=-1776.09, y=63.00, z=2570.64] from string DavidMaster querying server for mods of entity id 1201
[16Apr2025 19:08:59.602] [Netty Epoll Server IO #2/DEBUG] [atomicstryker.infernalmobs.common.InfernalMobsCore/]: resolves to entity Skeleton['Skeleton'/1201, l='ServerLevel[world]', x=-1696.50, y=-4.00, z=2618.50] modifiers null
[16Apr2025 19:08:59.602] [Netty Epoll Server IO #2/DEBUG] [atomicstryker.infernalmobs.common.InfernalMobsCore/]: player ServerPlayer['DavidMaster'/423, l='ServerLevel[world]', x=-1776.09, y=63.00, z=2570.64] from string DavidMaster querying server for mods of entity id 1202
[16Apr2025 19:08:59.602] [Netty Epoll Server IO #2/DEBUG] [atomicstryker.infernalmobs.common.InfernalMobsCore/]: resolves to entity Skeleton['Skeleton'/1202, l='ServerLevel[world]', x=-1696.50, y=-4.00, z=2617.50] modifiers null
[16Apr2025 19:08:59.602] [Netty Epoll Server IO #2/DEBUG] [atomicstryker.infernalmobs.common.InfernalMobsCore/]: player ServerPlayer['DavidMaster'/423, l='ServerLevel[world]', x=-1776.09, y=63.00, z=2570.64] from string DavidMaster querying server for mods of entity id 1203
[16Apr2025 19:08:59.602] [Netty Epoll Server IO #2/DEBUG] [atomicstryker.infernalmobs.common.InfernalMobsCore/]: resolves to entity Skeleton['Skeleton'/1203, l='ServerLevel[world]', x=-1695.50, y=-4.00, z=2617.50] modifiers null
[16Apr2025 19:08:59.614] [Netty Epoll Server IO #2/DEBUG] [atomicstryker.infernalmobs.common.InfernalMobsCore/]: player ServerPlayer['DavidMaster'/423, l='ServerLevel[world]', x=-1776.09, y=63.00, z=2570.64] from string DavidMaster querying server for mods of entity id 1204
[16Apr2025 19:08:59.614] [Netty Epoll Server IO #2/DEBUG] [atomicstryker.infernalmobs.common.InfernalMobsCore/]: resolves to entity Skeleton['Skeleton'/1204, l='ServerLevel[world]', x=-1689.50, y=-4.00, z=2616.50] modifiers atomicstryker.infernalmobs.common.mods.MM_Ghastly@50c5f047
[16Apr2025 19:08:59.614] [Netty Epoll Server IO #2/DEBUG] [atomicstryker.infernalmobs.common.InfernalMobsCore/]: server sending mods Ghastly Choke LifeSteal Sapper  for ent-ID 1204
[16Apr2025 19:08:59.883] [Netty Epoll Server IO #2/DEBUG] [atomicstryker.infernalmobs.common.InfernalMobsCore/]: player ServerPlayer['DavidMaster'/423, l='ServerLevel[world]', x=-1776.09, y=63.00, z=2570.64] from string DavidMaster querying server for mods of entity id 1205
[16Apr2025 19:08:59.883] [Netty Epoll Server IO #2/DEBUG] [atomicstryker.infernalmobs.common.InfernalMobsCore/]: resolves to entity Bat['Bat'/1205, l='ServerLevel[world]', x=-1727.57, y=-3.00, z=2558.45] modifiers null
[16Apr2025 19:08:59.913] [Netty Epoll Server IO #2/DEBUG] [atomicstryker.infernalmobs.common.InfernalMobsCore/]: player ServerPlayer['DavidMaster'/423, l='ServerLevel[world]', x=-1776.09, y=63.00, z=2570.64] from string DavidMaster querying server for mods of entity id 1206
[16Apr2025 19:08:59.913] [Netty Epoll Server IO #2/DEBUG] [atomicstryker.infernalmobs.common.InfernalMobsCore/]: resolves to entity Bat['Bat'/1206, l='ServerLevel[world]', x=-1726.86, y=-2.97, z=2558.45] modifiers null
[16Apr2025 19:08:59.913] [Netty Epoll Server IO #2/DEBUG] [atomicstryker.infernalmobs.common.InfernalMobsCore/]: player ServerPlayer['DavidMaster'/423, l='ServerLevel[world]', x=-1776.09, y=63.00, z=2570.64] from string DavidMaster querying server for mods of entity id 1207
[16Apr2025 19:08:59.913] [Netty Epoll Server IO #2/DEBUG] [atomicstryker.infernalmobs.common.InfernalMobsCore/]: resolves to entity Bat['Bat'/1207, l='ServerLevel[world]', x=-1727.63, y=-3.00, z=2557.74] modifiers null
[16Apr2025 19:09:01.990] [Netty Epoll Server IO #2/DEBUG] [atomicstryker.infernalmobs.common.InfernalMobsCore/]: player ServerPlayer['DavidMaster'/423, l='ServerLevel[world]', x=-1776.09, y=63.00, z=2570.64] from string DavidMaster querying server for mods of entity id 1209
[16Apr2025 19:09:01.990] [Netty Epoll Server IO #2/DEBUG] [atomicstryker.infernalmobs.common.InfernalMobsCore/]: resolves to entity Salmon['Salmon'/1209, l='ServerLevel[world]', x=-1751.50, y=61.02, z=2629.50] modifiers null
[16Apr2025 19:09:05.519] [Netty Epoll Server IO #2/DEBUG] [atomicstryker.infernalmobs.common.InfernalMobsCore/]: player ServerPlayer['DavidMaster'/423, l='ServerLevel[world]', x=-1776.09, y=63.00, z=2570.64] from string DavidMaster querying server for mods of entity id 1210
[16Apr2025 19:09:05.519] [Netty Epoll Server IO #2/DEBUG] [atomicstryker.infernalmobs.common.InfernalMobsCore/]: resolves to entity EnderMan['Enderman'/1210, l='ServerLevel[world]', x=-1705.50, y=-8.00, z=2510.50] modifiers null
[16Apr2025 19:09:06.176] [Netty Epoll Server IO #2/DEBUG] [atomicstryker.infernalmobs.common.InfernalMobsCore/]: player ServerPlayer['DavidMaster'/423, l='ServerLevel[world]', x=-1776.09, y=63.00, z=2570.64] from string DavidMaster querying server for mods of entity id 1211
[16Apr2025 19:09:06.177] [Netty Epoll Server IO #2/DEBUG] [atomicstryker.infernalmobs.common.InfernalMobsCore/]: resolves to entity Zombie['Zombie'/1211, l='ServerLevel[world]', x=-1740.50, y=-25.00, z=2553.50] modifiers null
[16Apr2025 19:09:06.177] [Netty Epoll Server IO #2/DEBUG] [atomicstryker.infernalmobs.common.InfernalMobsCore/]: player ServerPlayer['DavidMaster'/423, l='ServerLevel[world]', x=-1776.09, y=63.00, z=2570.64] from string DavidMaster querying server for mods of entity id 1212
[16Apr2025 19:09:06.177] [Netty Epoll Server IO #2/DEBUG] [atomicstryker.infernalmobs.common.InfernalMobsCore/]: resolves to entity Zombie['Zombie'/1212, l='ServerLevel[world]', x=-1741.50, y=-25.00, z=2555.50] modifiers null
[16Apr2025 19:09:07.383] [Netty Epoll Server IO #2/DEBUG] [atomicstryker.infernalmobs.common.InfernalMobsCore/]: player ServerPlayer['DavidMaster'/423, l='ServerLevel[world]', x=-1776.09, y=63.00, z=2570.64] from string DavidMaster querying server for mods of entity id 1213
[16Apr2025 19:09:07.384] [Netty Epoll Server IO #2/DEBUG] [atomicstryker.infernalmobs.common.InfernalMobsCore/]: resolves to entity Salmon['Salmon'/1213, l='ServerLevel[world]', x=-1769.50, y=55.03, z=2598.50] modifiers null
[16Apr2025 19:09:07.412] [Netty Epoll Server IO #2/DEBUG] [atomicstryker.infernalmobs.common.InfernalMobsCore/]: player ServerPlayer['DavidMaster'/423, l='ServerLevel[world]', x=-1776.09, y=63.00, z=2570.64] from string DavidMaster querying server for mods of entity id 1214
[16Apr2025 19:09:07.412] [Netty Epoll Server IO #2/DEBUG] [atomicstryker.infernalmobs.common.InfernalMobsCore/]: resolves to entity Salmon['Salmon'/1214, l='ServerLevel[world]', x=-1767.50, y=55.02, z=2595.50] modifiers null
[16Apr2025 19:09:09.030] [Netty Epoll Server IO #2/DEBUG] [atomicstryker.infernalmobs.common.InfernalMobsCore/]: player ServerPlayer['DavidMaster'/423, l='ServerLevel[world]', x=-1776.09, y=63.00, z=2570.64] from string DavidMaster querying server for mods of entity id 1216
[16Apr2025 19:09:09.030] [Netty Epoll Server IO #2/DEBUG] [atomicstryker.infernalmobs.common.InfernalMobsCore/]: resolves to entity Zombie['Zombie'/1216, l='ServerLevel[world]', x=-1857.50, y=-32.00, z=2576.50] modifiers null
[16Apr2025 19:09:09.063] [Netty Epoll Server IO #2/DEBUG] [atomicstryker.infernalmobs.common.InfernalMobsCore/]: player ServerPlayer['DavidMaster'/423, l='ServerLevel[world]', x=-1776.09, y=63.00, z=2570.64] from string DavidMaster querying server for mods of entity id 1217
[16Apr2025 19:09:09.064] [Netty Epoll Server IO #2/DEBUG] [atomicstryker.infernalmobs.common.InfernalMobsCore/]: resolves to entity Zombie['Zombie'/1217, l='ServerLevel[world]', x=-1859.50, y=-32.00, z=2567.50] modifiers null
[16Apr2025 19:09:09.925] [Netty Epoll Server IO #2/DEBUG] [atomicstryker.infernalmobs.common.InfernalMobsCore/]: player ServerPlayer['DavidMaster'/423, l='ServerLevel[world]', x=-1776.09, y=63.00, z=2570.64] from string DavidMaster querying server for mods of entity id 1218
[16Apr2025 19:09:09.925] [Netty Epoll Server IO #2/DEBUG] [atomicstryker.infernalmobs.common.InfernalMobsCore/]: resolves to entity Skeleton['Skeleton'/1218, l='ServerLevel[world]', x=-1850.50, y=16.00, z=2649.50] modifiers null
[16Apr2025 19:09:10.189] [Netty Epoll Server IO #2/DEBUG] [atomicstryker.infernalmobs.common.InfernalMobsCore/]: player ServerPlayer['DavidMaster'/423, l='ServerLevel[world]', x=-1776.09, y=63.00, z=2570.64] from string DavidMaster querying server for mods of entity id 1219
[16Apr2025 19:09:10.189] [Netty Epoll Server IO #2/DEBUG] [atomicstryker.infernalmobs.common.InfernalMobsCore/]: resolves to entity Zombie['Zombie'/1219, l='ServerLevel[world]', x=-1727.50, y=-6.00, z=2510.50] modifiers null
[16Apr2025 19:09:10.189] [Netty Epoll Server IO #2/DEBUG] [atomicstryker.infernalmobs.common.InfernalMobsCore/]: player ServerPlayer['DavidMaster'/423, l='ServerLevel[world]', x=-1776.09, y=63.00, z=2570.64] from string DavidMaster querying server for mods of entity id 1220
[16Apr2025 19:09:10.189] [Netty Epoll Server IO #2/DEBUG] [atomicstryker.infernalmobs.common.InfernalMobsCore/]: resolves to entity Zombie['Zombie'/1220, l='ServerLevel[world]', x=-1727.50, y=-6.00, z=2518.50] modifiers null
[16Apr2025 19:09:10.928] [Netty Epoll Server IO #2/DEBUG] [atomicstryker.infernalmobs.common.InfernalMobsCore/]: player ServerPlayer['DavidMaster'/423, l='ServerLevel[world]', x=-1776.03, y=63.00, z=2571.89] from string DavidMaster querying server for mods of entity id 758
[16Apr2025 19:09:10.928] [Netty Epoll Server IO #2/DEBUG] [atomicstryker.infernalmobs.common.InfernalMobsCore/]: resolves to entity Chicken['Chicken'/758, l='ServerLevel[world]', x=-1931.37, y=76.00, z=2609.36] modifiers null
[16Apr2025 19:09:10.928] [Netty Epoll Server IO #2/DEBUG] [atomicstryker.infernalmobs.common.InfernalMobsCore/]: player ServerPlayer['DavidMaster'/423, l='ServerLevel[world]', x=-1776.03, y=63.00, z=2571.89] from string DavidMaster querying server for mods of entity id 798
[16Apr2025 19:09:10.928] [Netty Epoll Server IO #2/DEBUG] [atomicstryker.infernalmobs.common.InfernalMobsCore/]: resolves to entity Sheep['Sheep'/798, l='ServerLevel[world]', x=-1830.45, y=77.00, z=2721.55] modifiers null
[16Apr2025 19:09:11.138] [Netty Epoll Server IO #2/DEBUG] [atomicstryker.infernalmobs.common.InfernalMobsCore/]: player ServerPlayer['DavidMaster'/423, l='ServerLevel[world]', x=-1775.97, y=63.00, z=2572.75] from string DavidMaster querying server for mods of entity id 1221
[16Apr2025 19:09:11.138] [Netty Epoll Server IO #2/DEBUG] [atomicstryker.infernalmobs.common.InfernalMobsCore/]: resolves to entity Zombie['Zombie'/1221, l='ServerLevel[world]', x=-1831.55, y=-18.00, z=2549.50] modifiers null
[16Apr2025 19:09:11.153] [Netty Epoll Server IO #2/DEBUG] [atomicstryker.infernalmobs.common.InfernalMobsCore/]: player ServerPlayer['DavidMaster'/423, l='ServerLevel[world]', x=-1775.97, y=63.00, z=2572.75] from string DavidMaster querying server for mods of entity id 1222
[16Apr2025 19:09:11.153] [Netty Epoll Server IO #2/DEBUG] [atomicstryker.infernalmobs.common.InfernalMobsCore/]: resolves to entity Creeper['Creeper'/1222, l='ServerLevel[world]', x=-1829.50, y=-18.00, z=2549.50] modifiers null
[16Apr2025 19:09:11.297] [Netty Epoll Server IO #2/DEBUG] [atomicstryker.infernalmobs.common.InfernalMobsCore/]: player ServerPlayer['DavidMaster'/423, l='ServerLevel[world]', x=-1775.93, y=63.00, z=2573.40] from string DavidMaster querying server for mods of entity id 1223
[16Apr2025 19:09:11.298] [Netty Epoll Server IO #2/DEBUG] [atomicstryker.infernalmobs.common.InfernalMobsCore/]: resolves to entity Squid['Squid'/1223, l='ServerLevel[world]', x=-1778.50, y=57.00, z=2604.50] modifiers null
[16Apr2025 19:09:11.299] [Netty Epoll Server IO #2/DEBUG] [atomicstryker.infernalmobs.common.InfernalMobsCore/]: player ServerPlayer['DavidMaster'/423, l='ServerLevel[world]', x=-1775.93, y=63.00, z=2573.40] from string DavidMaster querying server for mods of entity id 1224
[16Apr2025 19:09:11.299] [Netty Epoll Server IO #2/DEBUG] [atomicstryker.infernalmobs.common.InfernalMobsCore/]: resolves to entity Squid['Squid'/1224, l='ServerLevel[world]', x=-1777.50, y=57.00, z=2600.50] modifiers null
[16Apr2025 19:09:11.299] [Netty Epoll Server IO #2/DEBUG] [atomicstryker.infernalmobs.common.InfernalMobsCore/]: player ServerPlayer['DavidMaster'/423, l='ServerLevel[world]', x=-1775.93, y=63.00, z=2573.40] from string DavidMaster querying server for mods of entity id 1225
[16Apr2025 19:09:11.300] [Netty Epoll Server IO #2/DEBUG] [atomicstryker.infernalmobs.common.InfernalMobsCore/]: resolves to entity Squid['Squid'/1225, l='ServerLevel[world]', x=-1775.50, y=57.00, z=2604.50] modifiers null
[16Apr2025 19:09:11.300] [Netty Epoll Server IO #2/DEBUG] [atomicstryker.infernalmobs.common.InfernalMobsCore/]: player ServerPlayer['DavidMaster'/423, l='ServerLevel[world]', x=-1775.93, y=63.00, z=2573.40] from string DavidMaster querying server for mods of entity id 1226
[16Apr2025 19:09:11.300] [Netty Epoll Server IO #2/DEBUG] [atomicstryker.infernalmobs.common.InfernalMobsCore/]: resolves to entity Squid['Squid'/1226, l='ServerLevel[world]', x=-1776.50, y=57.00, z=2603.50] modifiers null
[16Apr2025 19:09:11.386] [Netty Epoll Server IO #2/DEBUG] [atomicstryker.infernalmobs.common.InfernalMobsCore/]: player ServerPlayer['DavidMaster'/423, l='ServerLevel[world]', x=-1775.85, y=63.00, z=2573.51] from string DavidMaster querying server for mods of entity id 1227
[16Apr2025 19:09:11.386] [Netty Epoll Server IO #2/DEBUG] [atomicstryker.infernalmobs.common.InfernalMobsCore/]: resolves to entity Creeper['Creeper'/1227, l='ServerLevel[world]', x=-1827.50, y=-8.00, z=2644.50] modifiers null
[16Apr2025 19:09:11.386] [Netty Epoll Server IO #2/DEBUG] [atomicstryker.infernalmobs.common.InfernalMobsCore/]: player ServerPlayer['DavidMaster'/423, l='ServerLevel[world]', x=-1775.85, y=63.00, z=2573.51] from string DavidMaster querying server for mods of entity id 1228
[16Apr2025 19:09:11.386] [Netty Epoll Server IO #2/DEBUG] [atomicstryker.infernalmobs.common.InfernalMobsCore/]: resolves to entity Zombie['Zombie'/1228, l='ServerLevel[world]', x=-1831.50, y=-8.00, z=2640.50] modifiers null
[16Apr2025 19:09:11.425] [Netty Epoll Server IO #2/DEBUG] [atomicstryker.infernalmobs.common.InfernalMobsCore/]: player ServerPlayer['DavidMaster'/423, l='ServerLevel[world]', x=-1775.85, y=63.00, z=2573.51] from string DavidMaster querying server for mods of entity id 1229
[16Apr2025 19:09:11.425] [Netty Epoll Server IO #2/DEBUG] [atomicstryker.infernalmobs.common.InfernalMobsCore/]: resolves to entity Zombie['Zombie'/1229, l='ServerLevel[world]', x=-1832.50, y=-8.00, z=2639.50] modifiers null
[16Apr2025 19:09:11.425] [Netty Epoll Server IO #2/DEBUG] [atomicstryker.infernalmobs.common.InfernalMobsCore/]: player ServerPlayer['DavidMaster'/423, l='ServerLevel[world]', x=-1775.85, y=63.00, z=2573.51] from string DavidMaster querying server for mods of entity id 1230
[16Apr2025 19:09:11.425] [Netty Epoll Server IO #2/DEBUG] [atomicstryker.infernalmobs.common.InfernalMobsCore/]: resolves to entity Zombie['Zombie'/1230, l='ServerLevel[world]', x=-1836.50, y=-8.00, z=2644.50] modifiers null
[16Apr2025 19:09:11.482] [Netty Epoll Server IO #2/DEBUG] [atomicstryker.infernalmobs.common.InfernalMobsCore/]: player ServerPlayer['DavidMaster'/423, l='ServerLevel[world]', x=-1775.63, y=63.00, z=2573.58] from string DavidMaster querying server for mods of entity id 787
[16Apr2025 19:09:11.482] [Netty Epoll Server IO #2/DEBUG] [atomicstryker.infernalmobs.common.InfernalMobsCore/]: resolves to entity Chicken['Chicken'/787, l='ServerLevel[world]', x=-1791.73, y=88.00, z=2732.33] modifiers null
[16Apr2025 19:09:11.482] [Netty Epoll Server IO #2/DEBUG] [atomicstryker.infernalmobs.common.InfernalMobsCore/]: player ServerPlayer['DavidMaster'/423, l='ServerLevel[world]', x=-1775.63, y=63.00, z=2573.58] from string DavidMaster querying server for mods of entity id 1231
[16Apr2025 19:09:11.483] [Netty Epoll Server IO #2/DEBUG] [atomicstryker.infernalmobs.common.InfernalMobsCore/]: resolves to entity Salmon['Salmon'/1231, l='ServerLevel[world]', x=-1768.50, y=58.02, z=2617.50] modifiers null
[16Apr2025 19:09:11.491] [Netty Epoll Server IO #2/DEBUG] [atomicstryker.infernalmobs.common.InfernalMobsCore/]: player ServerPlayer['DavidMaster'/423, l='ServerLevel[world]', x=-1775.63, y=63.00, z=2573.58] from string DavidMaster querying server for mods of entity id 1232
[16Apr2025 19:09:11.491] [Netty Epoll Server IO #2/DEBUG] [atomicstryker.infernalmobs.common.InfernalMobsCore/]: resolves to entity Salmon['Salmon'/1232, l='ServerLevel[world]', x=-1765.50, y=58.02, z=2618.50] modifiers null
[16Apr2025 19:09:11.902] [Server thread/DEBUG] [atomicstryker.infernalmobs.common.InfernalMobsCore/]: entity EnderMan['Enderman'/1244, l='ServerLevel[world]', x=-1583.96, y=70.00, z=2608.96] was spawned in unmodified before, not modifying it
[16Apr2025 19:09:11.904] [Server thread/DEBUG] [atomicstryker.infernalmobs.common.InfernalMobsCore/]: entity EnderMan['Enderman'/1248, l='ServerLevel[world]', x=-1580.84, y=69.00, z=2556.71] was spawned in unmodified before, not modifying it
[16Apr2025 19:09:13.122] [Netty Epoll Server IO #2/DEBUG] [atomicstryker.infernalmobs.common.InfernalMobsCore/]: player ServerPlayer['DavidMaster'/423, l='ServerLevel[world]', x=-1771.21, y=63.00, z=2576.93] from string DavidMaster querying server for mods of entity id 1259
[16Apr2025 19:09:13.122] [Netty Epoll Server IO #2/DEBUG] [atomicstryker.infernalmobs.common.InfernalMobsCore/]: resolves to entity Drowned['Drowned'/1259, l='ServerLevel[world]', x=-1774.50, y=48.01, z=2457.50] modifiers null
[16Apr2025 19:09:13.239] [Netty Epoll Server IO #2/DEBUG] [atomicstryker.infernalmobs.common.InfernalMobsCore/]: player ServerPlayer['DavidMaster'/423, l='ServerLevel[world]', x=-1771.21, y=63.00, z=2577.20] from string DavidMaster querying server for mods of entity id 1260
[16Apr2025 19:09:13.239] [Netty Epoll Server IO #2/DEBUG] [atomicstryker.infernalmobs.common.InfernalMobsCore/]: resolves to entity Creeper['Creeper'/1260, l='ServerLevel[world]', x=-1875.50, y=1.00, z=2570.50] modifiers null
[16Apr2025 19:09:13.674] [Netty Epoll Server IO #2/DEBUG] [atomicstryker.infernalmobs.common.InfernalMobsCore/]: player ServerPlayer['DavidMaster'/423, l='ServerLevel[world]', x=-1770.05, y=63.00, z=2577.67] from string DavidMaster querying server for mods of entity id 1261
[16Apr2025 19:09:13.674] [Netty Epoll Server IO #2/DEBUG] [atomicstryker.infernalmobs.common.InfernalMobsCore/]: resolves to entity Creeper['Creeper'/1261, l='ServerLevel[world]', x=-1693.50, y=-2.00, z=2581.50] modifiers null
[16Apr2025 19:09:13.714] [Netty Epoll Server IO #2/DEBUG] [atomicstryker.infernalmobs.common.InfernalMobsCore/]: player ServerPlayer['DavidMaster'/423, l='ServerLevel[world]', x=-1770.05, y=63.00, z=2577.67] from string DavidMaster querying server for mods of entity id 1262
[16Apr2025 19:09:13.714] [Netty Epoll Server IO #2/DEBUG] [atomicstryker.infernalmobs.common.InfernalMobsCore/]: resolves to entity Creeper['Creeper'/1262, l='ServerLevel[world]', x=-1695.50, y=-2.00, z=2578.50] modifiers null
[16Apr2025 19:09:14.412] [Netty Epoll Server IO #2/DEBUG] [atomicstryker.infernalmobs.common.InfernalMobsCore/]: player ServerPlayer['DavidMaster'/423, l='ServerLevel[world]', x=-1767.88, y=62.94, z=2576.72] from string DavidMaster querying server for mods of entity id 1263
[16Apr2025 19:09:14.412] [Netty Epoll Server IO #2/DEBUG] [atomicstryker.infernalmobs.common.InfernalMobsCore/]: resolves to entity Zombie['Zombie'/1263, l='ServerLevel[world]', x=-1720.50, y=66.00, z=2489.50] modifiers null
[16Apr2025 19:09:14.560] [Netty Epoll Server IO #2/DEBUG] [atomicstryker.infernalmobs.common.InfernalMobsCore/]: player ServerPlayer['DavidMaster'/423, l='ServerLevel[world]', x=-1767.86, y=62.94, z=2576.72] from string DavidMaster querying server for mods of entity id 1234
[16Apr2025 19:09:14.560] [Netty Epoll Server IO #2/DEBUG] [atomicstryker.infernalmobs.common.InfernalMobsCore/]: resolves to entity Bat['Bat'/1234, l='ServerLevel[world]', x=-1727.36, y=-19.47, z=2509.84] modifiers null
[16Apr2025 19:09:14.704] [Netty Epoll Server IO #2/DEBUG] [atomicstryker.infernalmobs.common.InfernalMobsCore/]: player ServerPlayer['DavidMaster'/423, l='ServerLevel[world]', x=-1767.86, y=62.94, z=2576.72] from string DavidMaster querying server for mods of entity id 1264
[16Apr2025 19:09:14.705] [Netty Epoll Server IO #2/DEBUG] [atomicstryker.infernalmobs.common.InfernalMobsCore/]: resolves to entity Zombie['Zombie'/1264, l='ServerLevel[world]', x=-1731.50, y=4.00, z=2545.50] modifiers null
[16Apr2025 19:09:14.705] [Netty Epoll Server IO #2/DEBUG] [atomicstryker.infernalmobs.common.InfernalMobsCore/]: player ServerPlayer['DavidMaster'/423, l='ServerLevel[world]', x=-1767.86, y=62.94, z=2576.72] from string DavidMaster querying server for mods of entity id 1265
[16Apr2025 19:09:14.705] [Netty Epoll Server IO #2/DEBUG] [atomicstryker.infernalmobs.common.InfernalMobsCore/]: resolves to entity Zombie['Zombie'/1265, l='ServerLevel[world]', x=-1731.50, y=4.00, z=2546.50] modifiers null
[16Apr2025 19:09:16.473] [Netty Epoll Server IO #2/DEBUG] [atomicstryker.infernalmobs.common.InfernalMobsCore/]: player ServerPlayer['DavidMaster'/423, l='ServerLevel[world]', x=-1768.32, y=62.94, z=2576.31] from string DavidMaster querying server for mods of entity id 729
[16Apr2025 19:09:16.473] [Netty Epoll Server IO #2/DEBUG] [atomicstryker.infernalmobs.common.InfernalMobsCore/]: resolves to entity Sheep['Sheep'/729, l='ServerLevel[world]', x=-1926.93, y=71.00, z=2556.55] modifiers null
[16Apr2025 19:09:16.914] [Netty Epoll Server IO #2/DEBUG] [atomicstryker.infernalmobs.common.InfernalMobsCore/]: player ServerPlayer['DavidMaster'/423, l='ServerLevel[world]', x=-1768.34, y=62.94, z=2576.29] from string DavidMaster querying server for mods of entity id 699
[16Apr2025 19:09:16.914] [Netty Epoll Server IO #2/DEBUG] [atomicstryker.infernalmobs.common.InfernalMobsCore/]: resolves to entity Chicken['Chicken'/699, l='ServerLevel[world]', x=-1924.63, y=71.00, z=2542.15] modifiers null
[16Apr2025 19:09:17.737] [Netty Epoll Server IO #2/DEBUG] [atomicstryker.infernalmobs.common.InfernalMobsCore/]: player ServerPlayer['DavidMaster'/423, l='ServerLevel[world]', x=-1767.53, y=62.94, z=2575.29] from string DavidMaster querying server for mods of entity id 1285
[16Apr2025 19:09:17.737] [Netty Epoll Server IO #2/DEBUG] [atomicstryker.infernalmobs.common.InfernalMobsCore/]: resolves to entity Spider['Spider'/1285, l='ServerLevel[world]', x=-1704.50, y=0.00, z=2658.50] modifiers null
[16Apr2025 19:09:17.737] [Netty Epoll Server IO #2/DEBUG] [atomicstryker.infernalmobs.common.InfernalMobsCore/]: player ServerPlayer['DavidMaster'/423, l='ServerLevel[world]', x=-1767.53, y=62.94, z=2575.29] from string DavidMaster querying server for mods of entity id 1287
[16Apr2025 19:09:17.737] [Netty Epoll Server IO #2/DEBUG] [atomicstryker.infernalmobs.common.InfernalMobsCore/]: resolves to entity Creeper['Creeper'/1287, l='ServerLevel[world]', x=-1703.50, y=0.00, z=2661.40] modifiers null
[16Apr2025 19:09:17.737] [Netty Epoll Server IO #2/DEBUG] [atomicstryker.infernalmobs.common.InfernalMobsCore/]: player ServerPlayer['DavidMaster'/423, l='ServerLevel[world]', x=-1767.53, y=62.94, z=2575.29] from string DavidMaster querying server for mods of entity id 1288
[16Apr2025 19:09:17.737] [Netty Epoll Server IO #2/DEBUG] [atomicstryker.infernalmobs.common.InfernalMobsCore/]: resolves to entity Creeper['Creeper'/1288, l='ServerLevel[world]', x=-1702.50, y=0.00, z=2659.50] modifiers null
[16Apr2025 19:09:17.763] [Netty Epoll Server IO #2/DEBUG] [atomicstryker.infernalmobs.common.InfernalMobsCore/]: player ServerPlayer['DavidMaster'/423, l='ServerLevel[world]', x=-1767.53, y=62.94, z=2575.29] from string DavidMaster querying server for mods of entity id 1290
[16Apr2025 19:09:17.763] [Netty Epoll Server IO #2/DEBUG] [atomicstryker.infernalmobs.common.InfernalMobsCore/]: resolves to entity Creeper['Creeper'/1290, l='ServerLevel[world]', x=-1703.50, y=0.00, z=2660.50] modifiers null
[16Apr2025 19:09:18.390] [Netty Epoll Server IO #2/DEBUG] [atomicstryker.infernalmobs.common.InfernalMobsCore/]: player ServerPlayer['DavidMaster'/423, l='ServerLevel[world]', x=-1766.92, y=62.94, z=2575.07] from string DavidMaster querying server for mods of entity id 1291
[16Apr2025 19:09:18.390] [Netty Epoll Server IO #2/DEBUG] [atomicstryker.infernalmobs.common.InfernalMobsCore/]: resolves to entity Salmon['Salmon'/1291, l='ServerLevel[world]', x=-1771.50, y=55.03, z=2629.50] modifiers null
[16Apr2025 19:09:22.827] [Netty Epoll Server IO #2/DEBUG] [atomicstryker.infernalmobs.common.InfernalMobsCore/]: player ServerPlayer['DavidMaster'/423, l='ServerLevel[world]', x=-1767.02, y=62.94, z=2579.18] from string DavidMaster querying server for mods of entity id 734
[16Apr2025 19:09:22.827] [Netty Epoll Server IO #2/DEBUG] [atomicstryker.infernalmobs.common.InfernalMobsCore/]: resolves to entity Chicken['Chicken'/734, l='ServerLevel[world]', x=-1922.06, y=71.00, z=2541.96] modifiers null
[16Apr2025 19:09:22.864] [Netty Epoll Server IO #2/DEBUG] [atomicstryker.infernalmobs.common.InfernalMobsCore/]: player ServerPlayer['DavidMaster'/423, l='ServerLevel[world]', x=-1767.02, y=62.94, z=2579.18] from string DavidMaster querying server for mods of entity id 741
[16Apr2025 19:09:22.864] [Netty Epoll Server IO #2/DEBUG] [atomicstryker.infernalmobs.common.InfernalMobsCore/]: resolves to entity Sheep['Sheep'/741, l='ServerLevel[world]', x=-1924.90, y=71.00, z=2556.55] modifiers null
[16Apr2025 19:09:22.975] [Netty Epoll Server IO #2/DEBUG] [atomicstryker.infernalmobs.common.InfernalMobsCore/]: player ServerPlayer['DavidMaster'/423, l='ServerLevel[world]', x=-1767.17, y=62.94, z=2579.34] from string DavidMaster querying server for mods of entity id 624
[16Apr2025 19:09:22.975] [Netty Epoll Server IO #2/DEBUG] [atomicstryker.infernalmobs.common.InfernalMobsCore/]: resolves to entity Chicken['Chicken'/624, l='ServerLevel[world]', x=-1923.31, y=70.94, z=2546.50] modifiers null
[16Apr2025 19:09:22.975] [Netty Epoll Server IO #2/DEBUG] [atomicstryker.infernalmobs.common.InfernalMobsCore/]: player ServerPlayer['DavidMaster'/423, l='ServerLevel[world]', x=-1767.17, y=62.94, z=2579.34] from string DavidMaster querying server for mods of entity id 698
[16Apr2025 19:09:22.975] [Netty Epoll Server IO #2/DEBUG] [atomicstryker.infernalmobs.common.InfernalMobsCore/]: resolves to entity Chicken['Chicken'/698, l='ServerLevel[world]', x=-1921.98, y=71.00, z=2540.50] modifiers null
[16Apr2025 19:09:23.885] [Netty Epoll Server IO #2/DEBUG] [atomicstryker.infernalmobs.common.InfernalMobsCore/]: player ServerPlayer['DavidMaster'/423, l='ServerLevel[world]', x=-1767.71, y=62.94, z=2578.23] from string DavidMaster querying server for mods of entity id 702
[16Apr2025 19:09:23.885] [Netty Epoll Server IO #2/DEBUG] [atomicstryker.infernalmobs.common.InfernalMobsCore/]: resolves to entity Chicken['Chicken'/702, l='ServerLevel[world]', x=-1921.96, y=71.00, z=2538.27] modifiers null
[16Apr2025 19:09:23.885] [Netty Epoll Server IO #2/DEBUG] [atomicstryker.infernalmobs.common.InfernalMobsCore/]: player ServerPlayer['DavidMaster'/423, l='ServerLevel[world]', x=-1767.71, y=62.94, z=2578.23] from string DavidMaster querying server for mods of entity id 736
[16Apr2025 19:09:23.885] [Netty Epoll Server IO #2/DEBUG] [atomicstryker.infernalmobs.common.InfernalMobsCore/]: resolves to entity Sheep['Sheep'/736, l='ServerLevel[world]', x=-1925.83, y=71.00, z=2556.55] modifiers null
[16Apr2025 19:09:23.932] [Netty Epoll Server IO #2/DEBUG] [atomicstryker.infernalmobs.common.InfernalMobsCore/]: player ServerPlayer['DavidMaster'/423, l='ServerLevel[world]', x=-1767.84, y=62.94, z=2578.06] from string DavidMaster querying server for mods of entity id 711
[16Apr2025 19:09:23.932] [Netty Epoll Server IO #2/DEBUG] [atomicstryker.infernalmobs.common.InfernalMobsCore/]: resolves to entity Chicken['Chicken'/711, l='ServerLevel[world]', x=-1923.47, y=71.00, z=2543.17] modifiers null
[16Apr2025 19:09:24.016] [Netty Epoll Server IO #2/DEBUG] [atomicstryker.infernalmobs.common.InfernalMobsCore/]: player ServerPlayer['DavidMaster'/423, l='ServerLevel[world]', x=-1768.13, y=62.94, z=2577.74] from string DavidMaster querying server for mods of entity id 719
[16Apr2025 19:09:24.016] [Netty Epoll Server IO #2/DEBUG] [atomicstryker.infernalmobs.common.InfernalMobsCore/]: resolves to entity Sheep['Sheep'/719, l='ServerLevel[world]', x=-1925.84, y=71.00, z=2555.57] modifiers null
[16Apr2025 19:09:24.057] [Netty Epoll Server IO #2/DEBUG] [atomicstryker.infernalmobs.common.InfernalMobsCore/]: player ServerPlayer['DavidMaster'/423, l='ServerLevel[world]', x=-1768.13, y=62.94, z=2577.74] from string DavidMaster querying server for mods of entity id 771
[16Apr2025 19:09:24.057] [Netty Epoll Server IO #2/DEBUG] [atomicstryker.infernalmobs.common.InfernalMobsCore/]: resolves to entity Chicken['Chicken'/771, l='ServerLevel[world]', x=-1927.19, y=76.00, z=2589.28] modifiers null
[16Apr2025 19:09:24.057] [Netty Epoll Server IO #2/DEBUG] [atomicstryker.infernalmobs.common.InfernalMobsCore/]: player ServerPlayer['DavidMaster'/423, l='ServerLevel[world]', x=-1768.13, y=62.94, z=2577.74] from string DavidMaster querying server for mods of entity id 744
[16Apr2025 19:09:24.057] [Netty Epoll Server IO #2/DEBUG] [atomicstryker.infernalmobs.common.InfernalMobsCore/]: resolves to entity Chicken['Chicken'/744, l='ServerLevel[world]', x=-1924.38, y=71.00, z=2547.07] modifiers null
[16Apr2025 19:09:24.103] [Netty Epoll Server IO #2/DEBUG] [atomicstryker.infernalmobs.common.InfernalMobsCore/]: player ServerPlayer['DavidMaster'/423, l='ServerLevel[world]', x=-1768.30, y=62.94, z=2577.62] from string DavidMaster querying server for mods of entity id 724
[16Apr2025 19:09:24.103] [Netty Epoll Server IO #2/DEBUG] [atomicstryker.infernalmobs.common.InfernalMobsCore/]: resolves to entity Sheep['Sheep'/724, l='ServerLevel[world]', x=-1925.90, y=71.00, z=2554.63] modifiers null
[16Apr2025 19:09:24.241] [Netty Epoll Server IO #2/DEBUG] [atomicstryker.infernalmobs.common.InfernalMobsCore/]: player ServerPlayer['DavidMaster'/423, l='ServerLevel[world]', x=-1768.89, y=62.94, z=2577.43] from string DavidMaster querying server for mods of entity id 746
[16Apr2025 19:09:24.241] [Netty Epoll Server IO #2/DEBUG] [atomicstryker.infernalmobs.common.InfernalMobsCore/]: resolves to entity Chicken['Chicken'/746, l='ServerLevel[world]', x=-1924.87, y=71.00, z=2546.05] modifiers null
[16Apr2025 19:09:24.329] [Netty Epoll Server IO #2/DEBUG] [atomicstryker.infernalmobs.common.InfernalMobsCore/]: player ServerPlayer['DavidMaster'/423, l='ServerLevel[world]', x=-1769.32, y=62.94, z=2577.41] from string DavidMaster querying server for mods of entity id 1233
[16Apr2025 19:09:24.329] [Netty Epoll Server IO #2/DEBUG] [atomicstryker.infernalmobs.common.InfernalMobsCore/]: resolves to entity Bat['Bat'/1233, l='ServerLevel[world]', x=-1730.86, y=-15.05, z=2507.81] modifiers null
[16Apr2025 19:09:24.364] [Netty Epoll Server IO #2/DEBUG] [atomicstryker.infernalmobs.common.InfernalMobsCore/]: player ServerPlayer['DavidMaster'/423, l='ServerLevel[world]', x=-1769.32, y=62.94, z=2577.41] from string DavidMaster querying server for mods of entity id 729
[16Apr2025 19:09:24.364] [Netty Epoll Server IO #2/DEBUG] [atomicstryker.infernalmobs.common.InfernalMobsCore/]: resolves to entity Sheep['Sheep'/729, l='ServerLevel[world]', x=-1926.93, y=71.00, z=2556.55] modifiers null
[16Apr2025 19:09:24.364] [Netty Epoll Server IO #2/DEBUG] [atomicstryker.infernalmobs.common.InfernalMobsCore/]: player ServerPlayer['DavidMaster'/423, l='ServerLevel[world]', x=-1769.32, y=62.94, z=2577.41] from string DavidMaster querying server for mods of entity id 699
[16Apr2025 19:09:24.364] [Netty Epoll Server IO #2/DEBUG] [atomicstryker.infernalmobs.common.InfernalMobsCore/]: resolves to entity Chicken['Chicken'/699, l='ServerLevel[world]', x=-1924.63, y=71.00, z=2542.15] modifiers null
[16Apr2025 19:09:24.391] [Netty Epoll Server IO #2/DEBUG] [atomicstryker.infernalmobs.common.InfernalMobsCore/]: player ServerPlayer['DavidMaster'/423, l='ServerLevel[world]', x=-1769.53, y=62.94, z=2577.43] from string DavidMaster querying server for mods of entity id 726
[16Apr2025 19:09:24.391] [Netty Epoll Server IO #2/DEBUG] [atomicstryker.infernalmobs.common.InfernalMobsCore/]: resolves to entity Sheep['Sheep'/726, l='ServerLevel[world]', x=-1926.89, y=71.00, z=2553.40] modifiers null
[16Apr2025 19:09:24.412] [Netty Epoll Server IO #2/DEBUG] [atomicstryker.infernalmobs.common.InfernalMobsCore/]: player ServerPlayer['DavidMaster'/423, l='ServerLevel[world]', x=-1769.53, y=62.94, z=2577.43] from string DavidMaster querying server for mods of entity id 694
[16Apr2025 19:09:24.412] [Netty Epoll Server IO #2/DEBUG] [atomicstryker.infernalmobs.common.InfernalMobsCore/]: resolves to entity Chicken['Chicken'/694, l='ServerLevel[world]', x=-1925.32, y=71.00, z=2544.31] modifiers null
[16Apr2025 19:09:24.412] [Netty Epoll Server IO #2/DEBUG] [atomicstryker.infernalmobs.common.InfernalMobsCore/]: player ServerPlayer['DavidMaster'/423, l='ServerLevel[world]', x=-1769.53, y=62.94, z=2577.43] from string DavidMaster querying server for mods of entity id 770
[16Apr2025 19:09:24.412] [Netty Epoll Server IO #2/DEBUG] [atomicstryker.infernalmobs.common.InfernalMobsCore/]: resolves to entity Pig['Pig'/770, l='ServerLevel[world]', x=-1928.80, y=76.00, z=2579.15] modifiers null
[16Apr2025 19:09:24.524] [Netty Epoll Server IO #2/DEBUG] [atomicstryker.infernalmobs.common.InfernalMobsCore/]: player ServerPlayer['DavidMaster'/423, l='ServerLevel[world]', x=-1770.16, y=63.00, z=2577.56] from string DavidMaster querying server for mods of entity id 735
[16Apr2025 19:09:24.524] [Netty Epoll Server IO #2/DEBUG] [atomicstryker.infernalmobs.common.InfernalMobsCore/]: resolves to entity Sheep['Sheep'/735, l='ServerLevel[world]', x=-1927.93, y=71.00, z=2556.55] modifiers null
[16Apr2025 19:09:24.564] [Netty Epoll Server IO #2/DEBUG] [atomicstryker.infernalmobs.common.InfernalMobsCore/]: player ServerPlayer['DavidMaster'/423, l='ServerLevel[world]', x=-1770.16, y=63.00, z=2577.56] from string DavidMaster querying server for mods of entity id 721
[16Apr2025 19:09:24.565] [Netty Epoll Server IO #2/DEBUG] [atomicstryker.infernalmobs.common.InfernalMobsCore/]: resolves to entity Sheep['Sheep'/721, l='ServerLevel[world]', x=-1927.64, y=71.00, z=2555.50] modifiers null
[16Apr2025 19:09:24.567] [Netty Epoll Server IO #2/DEBUG] [atomicstryker.infernalmobs.common.InfernalMobsCore/]: player ServerPlayer['DavidMaster'/423, l='ServerLevel[world]', x=-1770.16, y=63.00, z=2577.56] from string DavidMaster querying server for mods of entity id 733
[16Apr2025 19:09:24.567] [Netty Epoll Server IO #2/DEBUG] [atomicstryker.infernalmobs.common.InfernalMobsCore/]: resolves to entity Sheep['Sheep'/733, l='ServerLevel[world]', x=-1927.16, y=71.00, z=2551.20] modifiers null
[16Apr2025 19:09:24.624] [Netty Epoll Server IO #2/DEBUG] [atomicstryker.infernalmobs.common.InfernalMobsCore/]: player ServerPlayer['DavidMaster'/423, l='ServerLevel[world]', x=-1770.57, y=63.00, z=2577.68] from string DavidMaster querying server for mods of entity id 731
[16Apr2025 19:09:24.624] [Netty Epoll Server IO #2/DEBUG] [atomicstryker.infernalmobs.common.InfernalMobsCore/]: resolves to entity Sheep['Sheep'/731, l='ServerLevel[world]', x=-1927.93, y=71.00, z=2554.46] modifiers null
[16Apr2025 19:09:24.663] [Netty Epoll Server IO #2/DEBUG] [atomicstryker.infernalmobs.common.InfernalMobsCore/]: player ServerPlayer['DavidMaster'/423, l='ServerLevel[world]', x=-1770.57, y=63.00, z=2577.68] from string DavidMaster querying server for mods of entity id 769
[16Apr2025 19:09:24.663] [Netty Epoll Server IO #2/DEBUG] [atomicstryker.infernalmobs.common.InfernalMobsCore/]: resolves to entity Pig['Pig'/769, l='ServerLevel[world]', x=-1928.32, y=77.00, z=2597.56] modifiers null
[16Apr2025 19:09:24.663] [Netty Epoll Server IO #2/DEBUG] [atomicstryker.infernalmobs.common.InfernalMobsCore/]: player ServerPlayer['DavidMaster'/423, l='ServerLevel[world]', x=-1770.57, y=63.00, z=2577.68] from string DavidMaster querying server for mods of entity id 739
[16Apr2025 19:09:24.664] [Netty Epoll Server IO #2/DEBUG] [atomicstryker.infernalmobs.common.InfernalMobsCore/]: resolves to entity Sheep['Sheep'/739, l='ServerLevel[world]', x=-1927.42, y=71.00, z=2549.34] modifiers null
[16Apr2025 19:09:24.664] [Netty Epoll Server IO #2/DEBUG] [atomicstryker.infernalmobs.common.InfernalMobsCore/]: player ServerPlayer['DavidMaster'/423, l='ServerLevel[world]', x=-1770.57, y=63.00, z=2577.68] from string DavidMaster querying server for mods of entity id 748
[16Apr2025 19:09:24.664] [Netty Epoll Server IO #2/DEBUG] [atomicstryker.infernalmobs.common.InfernalMobsCore/]: resolves to entity Chicken['Chicken'/748, l='ServerLevel[world]', x=-1926.75, y=70.94, z=2546.52] modifiers null
[16Apr2025 19:09:24.684] [Netty Epoll Server IO #2/DEBUG] [atomicstryker.infernalmobs.common.InfernalMobsCore/]: player ServerPlayer['DavidMaster'/423, l='ServerLevel[world]', x=-1770.78, y=63.00, z=2577.70] from string DavidMaster querying server for mods of entity id 720
[16Apr2025 19:09:24.684] [Netty Epoll Server IO #2/DEBUG] [atomicstryker.infernalmobs.common.InfernalMobsCore/]: resolves to entity Sheep['Sheep'/720, l='ServerLevel[world]', x=-1927.93, y=71.00, z=2552.51] modifiers null
[16Apr2025 19:09:24.684] [Netty Epoll Server IO #2/DEBUG] [atomicstryker.infernalmobs.common.InfernalMobsCore/]: player ServerPlayer['DavidMaster'/423, l='ServerLevel[world]', x=-1770.78, y=63.00, z=2577.70] from string DavidMaster querying server for mods of entity id 737
[16Apr2025 19:09:24.684] [Netty Epoll Server IO #2/DEBUG] [atomicstryker.infernalmobs.common.InfernalMobsCore/]: resolves to entity Chicken['Chicken'/737, l='ServerLevel[world]', x=-1926.99, y=71.00, z=2547.05] modifiers null
[16Apr2025 19:09:24.714] [Netty Epoll Server IO #2/DEBUG] [atomicstryker.infernalmobs.common.InfernalMobsCore/]: player ServerPlayer['DavidMaster'/423, l='ServerLevel[world]', x=-1770.78, y=63.00, z=2577.70] from string DavidMaster querying server for mods of entity id 725
[16Apr2025 19:09:24.714] [Netty Epoll Server IO #2/DEBUG] [atomicstryker.infernalmobs.common.InfernalMobsCore/]: resolves to entity Sheep['Sheep'/725, l='ServerLevel[world]', x=-1927.45, y=71.00, z=2548.38] modifiers null
[16Apr2025 19:09:24.714] [Netty Epoll Server IO #2/DEBUG] [atomicstryker.infernalmobs.common.InfernalMobsCore/]: player ServerPlayer['DavidMaster'/423, l='ServerLevel[world]', x=-1770.78, y=63.00, z=2577.70] from string DavidMaster querying server for mods of entity id 747
[16Apr2025 19:09:24.714] [Netty Epoll Server IO #2/DEBUG] [atomicstryker.infernalmobs.common.InfernalMobsCore/]: resolves to entity Chicken['Chicken'/747, l='ServerLevel[world]', x=-1927.10, y=71.00, z=2546.56] modifiers null
[16Apr2025 19:09:24.714] [Netty Epoll Server IO #2/DEBUG] [atomicstryker.infernalmobs.common.InfernalMobsCore/]: player ServerPlayer['DavidMaster'/423, l='ServerLevel[world]', x=-1770.78, y=63.00, z=2577.70] from string DavidMaster querying server for mods of entity id 738
[16Apr2025 19:09:24.714] [Netty Epoll Server IO #2/DEBUG] [atomicstryker.infernalmobs.common.InfernalMobsCore/]: resolves to entity Chicken['Chicken'/738, l='ServerLevel[world]', x=-1926.91, y=71.00, z=2546.02] modifiers null
[16Apr2025 19:09:24.833] [Netty Epoll Server IO #2/DEBUG] [atomicstryker.infernalmobs.common.InfernalMobsCore/]: player ServerPlayer['DavidMaster'/423, l='ServerLevel[world]', x=-1771.39, y=63.00, z=2577.84] from string DavidMaster querying server for mods of entity id 715
[16Apr2025 19:09:24.833] [Netty Epoll Server IO #2/DEBUG] [atomicstryker.infernalmobs.common.InfernalMobsCore/]: resolves to entity Chicken['Chicken'/715, l='ServerLevel[world]', x=-1927.60, y=71.00, z=2547.17] modifiers null
[16Apr2025 19:09:24.864] [Netty Epoll Server IO #2/DEBUG] [atomicstryker.infernalmobs.common.InfernalMobsCore/]: player ServerPlayer['DavidMaster'/423, l='ServerLevel[world]', x=-1771.39, y=63.00, z=2577.84] from string DavidMaster querying server for mods of entity id 709
[16Apr2025 19:09:24.864] [Netty Epoll Server IO #2/DEBUG] [atomicstryker.infernalmobs.common.InfernalMobsCore/]: resolves to entity Chicken['Chicken'/709, l='ServerLevel[world]', x=-1925.94, y=71.00, z=2540.03] modifiers null
[16Apr2025 19:09:24.864] [Netty Epoll Server IO #2/DEBUG] [atomicstryker.infernalmobs.common.InfernalMobsCore/]: player ServerPlayer['DavidMaster'/423, l='ServerLevel[world]', x=-1771.39, y=63.00, z=2577.84] from string DavidMaster querying server for mods of entity id 707
[16Apr2025 19:09:24.864] [Netty Epoll Server IO #2/DEBUG] [atomicstryker.infernalmobs.common.InfernalMobsCore/]: resolves to entity Chicken['Chicken'/707, l='ServerLevel[world]', x=-1927.48, y=71.00, z=2546.72] modifiers null
[16Apr2025 19:09:24.864] [Netty Epoll Server IO #2/DEBUG] [atomicstryker.infernalmobs.common.InfernalMobsCore/]: player ServerPlayer['DavidMaster'/423, l='ServerLevel[world]', x=-1771.39, y=63.00, z=2577.84] from string DavidMaster querying server for mods of entity id 696
[16Apr2025 19:09:24.864] [Netty Epoll Server IO #2/DEBUG] [atomicstryker.infernalmobs.common.InfernalMobsCore/]: resolves to entity Chicken['Chicken'/696, l='ServerLevel[world]', x=-1927.42, y=71.00, z=2546.23] modifiers null
[16Apr2025 19:09:24.864] [Netty Epoll Server IO #2/DEBUG] [atomicstryker.infernalmobs.common.InfernalMobsCore/]: player ServerPlayer['DavidMaster'/423, l='ServerLevel[world]', x=-1771.39, y=63.00, z=2577.84] from string DavidMaster querying server for mods of entity id 1309
[16Apr2025 19:09:24.864] [Netty Epoll Server IO #2/DEBUG] [atomicstryker.infernalmobs.common.InfernalMobsCore/]: resolves to entity Skeleton['Skeleton'/1309, l='ServerLevel[world]', x=-1754.50, y=-5.00, z=2521.50] modifiers null
[16Apr2025 19:09:24.930] [Netty Epoll Server IO #2/DEBUG] [atomicstryker.infernalmobs.common.InfernalMobsCore/]: player ServerPlayer['DavidMaster'/423, l='ServerLevel[world]', x=-1771.56, y=63.00, z=2577.90] from string DavidMaster querying server for mods of entity id 1310
[16Apr2025 19:09:24.930] [Netty Epoll Server IO #2/DEBUG] [atomicstryker.infernalmobs.common.InfernalMobsCore/]: resolves to entity Zombie['Zombie'/1310, l='ServerLevel[world]', x=-1744.49, y=-5.00, z=2519.45] modifiers null
[16Apr2025 19:09:24.963] [Netty Epoll Server IO #2/DEBUG] [atomicstryker.infernalmobs.common.InfernalMobsCore/]: player ServerPlayer['DavidMaster'/423, l='ServerLevel[world]', x=-1771.56, y=63.00, z=2577.90] from string DavidMaster querying server for mods of entity id 655
[16Apr2025 19:09:24.963] [Netty Epoll Server IO #2/DEBUG] [atomicstryker.infernalmobs.common.InfernalMobsCore/]: resolves to entity Chicken['Chicken'/655, l='ServerLevel[world]', x=-1925.95, y=71.00, z=2539.06] modifiers null
[16Apr2025 19:09:24.963] [Netty Epoll Server IO #2/DEBUG] [atomicstryker.infernalmobs.common.InfernalMobsCore/]: player ServerPlayer['DavidMaster'/423, l='ServerLevel[world]', x=-1771.56, y=63.00, z=2577.90] from string DavidMaster querying server for mods of entity id 700
[16Apr2025 19:09:24.963] [Netty Epoll Server IO #2/DEBUG] [atomicstryker.infernalmobs.common.InfernalMobsCore/]: resolves to entity Chicken['Chicken'/700, l='ServerLevel[world]', x=-1926.73, y=71.00, z=2541.29] modifiers null
[16Apr2025 19:09:25.037] [Netty Epoll Server IO #2/DEBUG] [atomicstryker.infernalmobs.common.InfernalMobsCore/]: player ServerPlayer['DavidMaster'/423, l='ServerLevel[world]', x=-1771.69, y=63.00, z=2577.85] from string DavidMaster querying server for mods of entity id 708
[16Apr2025 19:09:25.037] [Netty Epoll Server IO #2/DEBUG] [atomicstryker.infernalmobs.common.InfernalMobsCore/]: resolves to entity Chicken['Chicken'/708, l='ServerLevel[world]', x=-1928.03, y=71.00, z=2546.41] modifiers null
[16Apr2025 19:09:25.129] [Netty Epoll Server IO #2/DEBUG] [atomicstryker.infernalmobs.common.InfernalMobsCore/]: player ServerPlayer['DavidMaster'/423, l='ServerLevel[world]', x=-1771.94, y=63.00, z=2577.62] from string DavidMaster querying server for mods of entity id 706
[16Apr2025 19:09:25.129] [Netty Epoll Server IO #2/DEBUG] [atomicstryker.infernalmobs.common.InfernalMobsCore/]: resolves to entity Chicken['Chicken'/706, l='ServerLevel[world]', x=-1928.00, y=71.00, z=2544.59] modifiers null
[16Apr2025 19:09:25.484] [Netty Epoll Server IO #2/DEBUG] [atomicstryker.infernalmobs.common.InfernalMobsCore/]: player ServerPlayer['DavidMaster'/423, l='ServerLevel[world]', x=-1772.58, y=63.00, z=2577.08] from string DavidMaster querying server for mods of entity id 760
[16Apr2025 19:09:25.484] [Netty Epoll Server IO #2/DEBUG] [atomicstryker.infernalmobs.common.InfernalMobsCore/]: resolves to entity Pig['Pig'/760, l='ServerLevel[world]', x=-1930.40, y=77.00, z=2600.64] modifiers null
[16Apr2025 19:09:25.572] [Netty Epoll Server IO #2/DEBUG] [atomicstryker.infernalmobs.common.InfernalMobsCore/]: player ServerPlayer['DavidMaster'/423, l='ServerLevel[world]', x=-1772.59, y=63.00, z=2577.08] from string DavidMaster querying server for mods of entity id 690
[16Apr2025 19:09:25.572] [Netty Epoll Server IO #2/DEBUG] [atomicstryker.infernalmobs.common.InfernalMobsCore/]: resolves to entity Chicken['Chicken'/690, l='ServerLevel[world]', x=-1927.89, y=71.00, z=2538.84] modifiers null
[16Apr2025 19:09:26.076] [Netty Epoll Server IO #2/DEBUG] [atomicstryker.infernalmobs.common.InfernalMobsCore/]: player ServerPlayer['DavidMaster'/423, l='ServerLevel[world]', x=-1772.72, y=63.00, z=2576.31] from string DavidMaster querying server for mods of entity id 1311
[16Apr2025 19:09:26.076] [Netty Epoll Server IO #2/DEBUG] [atomicstryker.infernalmobs.common.InfernalMobsCore/]: resolves to entity Salmon['Salmon'/1311, l='ServerLevel[world]', x=-1751.50, y=61.03, z=2595.50] modifiers null
[16Apr2025 19:09:26.194] [Netty Epoll Server IO #2/DEBUG] [atomicstryker.infernalmobs.common.InfernalMobsCore/]: player ServerPlayer['DavidMaster'/423, l='ServerLevel[world]', x=-1772.99, y=63.00, z=2575.98] from string DavidMaster querying server for mods of entity id 1233
[16Apr2025 19:09:26.194] [Netty Epoll Server IO #2/DEBUG] [atomicstryker.infernalmobs.common.InfernalMobsCore/]: resolves to entity Bat['Bat'/1233, l='ServerLevel[world]', x=-1731.08, y=-12.88, z=2509.72] modifiers null
[16Apr2025 19:09:26.194] [Netty Epoll Server IO #2/DEBUG] [atomicstryker.infernalmobs.common.InfernalMobsCore/]: player ServerPlayer['DavidMaster'/423, l='ServerLevel[world]', x=-1772.99, y=63.00, z=2575.98] from string DavidMaster querying server for mods of entity id 690
[16Apr2025 19:09:26.194] [Netty Epoll Server IO #2/DEBUG] [atomicstryker.infernalmobs.common.InfernalMobsCore/]: resolves to entity Chicken['Chicken'/690, l='ServerLevel[world]', x=-1927.89, y=71.00, z=2538.84] modifiers null
[16Apr2025 19:09:26.529] [Netty Epoll Server IO #2/DEBUG] [atomicstryker.infernalmobs.common.InfernalMobsCore/]: player ServerPlayer['DavidMaster'/423, l='ServerLevel[world]', x=-1774.32, y=63.00, z=2575.66] from string DavidMaster querying server for mods of entity id 1325
[16Apr2025 19:09:26.529] [Netty Epoll Server IO #2/DEBUG] [atomicstryker.infernalmobs.common.InfernalMobsCore/]: resolves to entity GlowSquid['Glow Squid'/1325, l='ServerLevel[world]', x=-1725.50, y=12.00, z=2530.50] modifiers null
[16Apr2025 19:09:26.564] [Netty Epoll Server IO #2/DEBUG] [atomicstryker.infernalmobs.common.InfernalMobsCore/]: player ServerPlayer['DavidMaster'/423, l='ServerLevel[world]', x=-1774.32, y=63.00, z=2575.66] from string DavidMaster querying server for mods of entity id 1326
[16Apr2025 19:09:26.564] [Netty Epoll Server IO #2/DEBUG] [atomicstryker.infernalmobs.common.InfernalMobsCore/]: resolves to entity GlowSquid['Glow Squid'/1326, l='ServerLevel[world]', x=-1722.50, y=12.00, z=2533.50] modifiers null
[16Apr2025 19:09:26.564] [Netty Epoll Server IO #2/DEBUG] [atomicstryker.infernalmobs.common.InfernalMobsCore/]: player ServerPlayer['DavidMaster'/423, l='ServerLevel[world]', x=-1774.32, y=63.00, z=2575.66] from string DavidMaster querying server for mods of entity id 1327
[16Apr2025 19:09:26.564] [Netty Epoll Server IO #2/DEBUG] [atomicstryker.infernalmobs.common.InfernalMobsCore/]: resolves to entity GlowSquid['Glow Squid'/1327, l='ServerLevel[world]', x=-1720.50, y=12.00, z=2531.50] modifiers null
[16Apr2025 19:09:26.564] [Netty Epoll Server IO #2/DEBUG] [atomicstryker.infernalmobs.common.InfernalMobsCore/]: player ServerPlayer['DavidMaster'/423, l='ServerLevel[world]', x=-1774.32, y=63.00, z=2575.66] from string DavidMaster querying server for mods of entity id 1328
[16Apr2025 19:09:26.564] [Netty Epoll Server IO #2/DEBUG] [atomicstryker.infernalmobs.common.InfernalMobsCore/]: resolves to entity GlowSquid['Glow Squid'/1328, l='ServerLevel[world]', x=-1726.50, y=12.00, z=2533.50] modifiers null
[16Apr2025 19:09:26.685] [Netty Epoll Server IO #2/DEBUG] [atomicstryker.infernalmobs.common.InfernalMobsCore/]: player ServerPlayer['DavidMaster'/423, l='ServerLevel[world]', x=-1774.95, y=63.00, z=2575.57] from string DavidMaster querying server for mods of entity id 716
[16Apr2025 19:09:26.685] [Netty Epoll Server IO #2/DEBUG] [atomicstryker.infernalmobs.common.InfernalMobsCore/]: resolves to entity Wolf['Wolf'/716, l='ServerLevel[world]', x=-1933.07, y=71.00, z=2556.70] modifiers null
[16Apr2025 19:09:26.929] [Netty Epoll Server IO #2/DEBUG] [atomicstryker.infernalmobs.common.InfernalMobsCore/]: player ServerPlayer['DavidMaster'/423, l='ServerLevel[world]', x=-1775.72, y=63.00, z=2574.91] from string DavidMaster querying server for mods of entity id 1329
[16Apr2025 19:09:26.929] [Netty Epoll Server IO #2/DEBUG] [atomicstryker.infernalmobs.common.InfernalMobsCore/]: resolves to entity Creeper['Creeper'/1329, l='ServerLevel[world]', x=-1820.50, y=6.00, z=2588.50] modifiers null
[16Apr2025 19:09:26.963] [Netty Epoll Server IO #2/DEBUG] [atomicstryker.infernalmobs.common.InfernalMobsCore/]: player ServerPlayer['DavidMaster'/423, l='ServerLevel[world]', x=-1775.72, y=63.00, z=2574.91] from string DavidMaster querying server for mods of entity id 758
[16Apr2025 19:09:26.964] [Netty Epoll Server IO #2/DEBUG] [atomicstryker.infernalmobs.common.InfernalMobsCore/]: resolves to entity Chicken['Chicken'/758, l='ServerLevel[world]', x=-1931.37, y=76.00, z=2609.36] modifiers null
[16Apr2025 19:09:27.185] [Netty Epoll Server IO #2/DEBUG] [atomicstryker.infernalmobs.common.InfernalMobsCore/]: player ServerPlayer['DavidMaster'/423, l='ServerLevel[world]', x=-1775.85, y=63.00, z=2574.30] from string DavidMaster querying server for mods of entity id 683
[16Apr2025 19:09:27.185] [Netty Epoll Server IO #2/DEBUG] [atomicstryker.infernalmobs.common.InfernalMobsCore/]: resolves to entity Pig['Pig'/683, l='ServerLevel[world]', x=-1807.98, y=76.00, z=2418.24] modifiers null
[16Apr2025 19:09:27.185] [Netty Epoll Server IO #2/DEBUG] [atomicstryker.infernalmobs.common.InfernalMobsCore/]: player ServerPlayer['DavidMaster'/423, l='ServerLevel[world]', x=-1775.85, y=63.00, z=2574.30] from string DavidMaster querying server for mods of entity id 853
[16Apr2025 19:09:27.185] [Netty Epoll Server IO #2/DEBUG] [atomicstryker.infernalmobs.common.InfernalMobsCore/]: resolves to entity Pig['Pig'/853, l='ServerLevel[world]', x=-1934.78, y=71.00, z=2556.55] modifiers null
[16Apr2025 19:09:27.773] [Netty Epoll Server IO #2/DEBUG] [atomicstryker.infernalmobs.common.InfernalMobsCore/]: player ServerPlayer['DavidMaster'/423, l='ServerLevel[world]', x=-1775.49, y=63.00, z=2573.17] from string DavidMaster querying server for mods of entity id 879
[16Apr2025 19:09:27.773] [Netty Epoll Server IO #2/DEBUG] [atomicstryker.infernalmobs.common.InfernalMobsCore/]: resolves to entity Chicken['Chicken'/879, l='ServerLevel[world]', x=-1764.60, y=77.00, z=2414.50] modifiers null
[16Apr2025 19:09:28.079] [Netty Epoll Server IO #2/DEBUG] [atomicstryker.infernalmobs.common.InfernalMobsCore/]: player ServerPlayer['DavidMaster'/423, l='ServerLevel[world]', x=-1775.36, y=63.00, z=2571.91] from string DavidMaster querying server for mods of entity id 902
[16Apr2025 19:09:28.079] [Netty Epoll Server IO #2/DEBUG] [atomicstryker.infernalmobs.common.InfernalMobsCore/]: resolves to entity Chicken['Chicken'/902, l='ServerLevel[world]', x=-1745.50, y=82.00, z=2415.60] modifiers null
[16Apr2025 19:09:28.327] [Server thread/DEBUG] [mcp.mobius.waila.registry.RegistryFilter/]: [WTHIT] Start filter for minecraft:block
[16Apr2025 19:09:28.328] [Server thread/DEBUG] [mcp.mobius.waila.registry.RegistryFilter/]: [WTHIT] 	Negate: false, Tag      : #waila:extra/energy_blacklist
[16Apr2025 19:09:28.329] [Server thread/DEBUG] [mcp.mobius.waila.registry.RegistryFilter/]: [WTHIT] Finished in 1ms, id: 2013137815
[16Apr2025 19:09:28.329] [Server thread/DEBUG] [mcp.mobius.waila.registry.RegistryFilter/]: [WTHIT] Start filter for minecraft:block_entity_type
[16Apr2025 19:09:28.329] [Server thread/DEBUG] [mcp.mobius.waila.registry.RegistryFilter/]: [WTHIT] 	Negate: false, Tag      : #waila:extra/energy_blacklist
[16Apr2025 19:09:28.329] [Server thread/DEBUG] [mcp.mobius.waila.registry.RegistryFilter/]: [WTHIT] Finished in 0ms, id: 2111571298
[16Apr2025 19:09:28.329] [Server thread/DEBUG] [mcp.mobius.waila.registry.RegistryFilter/]: [WTHIT] Start filter for minecraft:entity_type
[16Apr2025 19:09:28.329] [Server thread/DEBUG] [mcp.mobius.waila.registry.RegistryFilter/]: [WTHIT] 	Negate: false, Tag      : #waila:extra/energy_blacklist
[16Apr2025 19:09:28.329] [Server thread/DEBUG] [mcp.mobius.waila.registry.RegistryFilter/]: [WTHIT] Finished in 0ms, id: 932418750
[16Apr2025 19:09:28.329] [Server thread/DEBUG] [mcp.mobius.waila.registry.RegistryFilter/]: [WTHIT] Start filter for minecraft:block
[16Apr2025 19:09:28.329] [Server thread/DEBUG] [mcp.mobius.waila.registry.RegistryFilter/]: [WTHIT] 	Negate: false, Tag      : #waila:extra/fluid_blacklist
[16Apr2025 19:09:28.329] [Server thread/DEBUG] [mcp.mobius.waila.registry.RegistryFilter/]: [WTHIT] Finished in 0ms, id: 72169349
[16Apr2025 19:09:28.329] [Server thread/DEBUG] [mcp.mobius.waila.registry.RegistryFilter/]: [WTHIT] Start filter for minecraft:block_entity_type
[16Apr2025 19:09:28.329] [Server thread/DEBUG] [mcp.mobius.waila.registry.RegistryFilter/]: [WTHIT] 	Negate: false, Tag      : #waila:extra/fluid_blacklist
[16Apr2025 19:09:28.329] [Server thread/DEBUG] [mcp.mobius.waila.registry.RegistryFilter/]: [WTHIT] Finished in 0ms, id: 729693365
[16Apr2025 19:09:28.329] [Server thread/DEBUG] [mcp.mobius.waila.registry.RegistryFilter/]: [WTHIT] Start filter for minecraft:entity_type
[16Apr2025 19:09:28.329] [Server thread/DEBUG] [mcp.mobius.waila.registry.RegistryFilter/]: [WTHIT] 	Negate: false, Tag      : #waila:extra/fluid_blacklist
[16Apr2025 19:09:28.329] [Server thread/DEBUG] [mcp.mobius.waila.registry.RegistryFilter/]: [WTHIT] Finished in 0ms, id: 1641292265
[16Apr2025 19:09:28.330] [Server thread/DEBUG] [mcp.mobius.waila.registry.RegistryFilter/]: [WTHIT] Start filter for minecraft:block
[16Apr2025 19:09:28.330] [Server thread/DEBUG] [mcp.mobius.waila.registry.RegistryFilter/]: [WTHIT] 	Negate: false, Tag      : #waila:extra/progress_blacklist
[16Apr2025 19:09:28.330] [Server thread/DEBUG] [mcp.mobius.waila.registry.RegistryFilter/]: [WTHIT] Finished in 0ms, id: 538889132
[16Apr2025 19:09:28.330] [Server thread/DEBUG] [mcp.mobius.waila.registry.RegistryFilter/]: [WTHIT] Start filter for minecraft:block_entity_type
[16Apr2025 19:09:28.330] [Server thread/DEBUG] [mcp.mobius.waila.registry.RegistryFilter/]: [WTHIT] 	Negate: false, Tag      : #waila:extra/progress_blacklist
[16Apr2025 19:09:28.330] [Server thread/DEBUG] [mcp.mobius.waila.registry.RegistryFilter/]: [WTHIT] Finished in 0ms, id: 720425366
[16Apr2025 19:09:28.330] [Server thread/DEBUG] [mcp.mobius.waila.registry.RegistryFilter/]: [WTHIT] Start filter for minecraft:entity_type
[16Apr2025 19:09:28.330] [Server thread/DEBUG] [mcp.mobius.waila.registry.RegistryFilter/]: [WTHIT] 	Negate: false, Tag      : #waila:extra/progress_blacklist
[16Apr2025 19:09:28.330] [Server thread/DEBUG] [mcp.mobius.waila.registry.RegistryFilter/]: [WTHIT] Finished in 0ms, id: 2019611580
[16Apr2025 19:09:28.330] [Server thread/DEBUG] [mcp.mobius.waila.registry.RegistryFilter/]: [WTHIT] Start filter for minecraft:block
[16Apr2025 19:09:28.330] [Server thread/DEBUG] [mcp.mobius.waila.registry.RegistryFilter/]: [WTHIT] 	Negate: false, Tag      : #waila:extra/item_blacklist
[16Apr2025 19:09:28.330] [Server thread/DEBUG] [mcp.mobius.waila.registry.RegistryFilter/]: [WTHIT] Finished in 0ms, id: 1696130963
[16Apr2025 19:09:28.330] [Server thread/DEBUG] [mcp.mobius.waila.registry.RegistryFilter/]: [WTHIT] Start filter for minecraft:block_entity_type
[16Apr2025 19:09:28.330] [Server thread/DEBUG] [mcp.mobius.waila.registry.RegistryFilter/]: [WTHIT] 	Negate: false, Tag      : #waila:extra/item_blacklist
[16Apr2025 19:09:28.330] [Server thread/DEBUG] [mcp.mobius.waila.registry.RegistryFilter/]: [WTHIT] Finished in 0ms, id: 479865247
[16Apr2025 19:09:28.330] [Server thread/DEBUG] [mcp.mobius.waila.registry.RegistryFilter/]: [WTHIT] Start filter for minecraft:entity_type
[16Apr2025 19:09:28.330] [Server thread/DEBUG] [mcp.mobius.waila.registry.RegistryFilter/]: [WTHIT] 	Negate: false, Tag      : #waila:extra/item_blacklist
[16Apr2025 19:09:28.330] [Server thread/DEBUG] [mcp.mobius.waila.registry.RegistryFilter/]: [WTHIT] Finished in 0ms, id: 817904254
[16Apr2025 19:09:28.435] [Netty Epoll Server IO #2/DEBUG] [atomicstryker.infernalmobs.common.InfernalMobsCore/]: player ServerPlayer['DavidMaster'/423, l='ServerLevel[world]', x=-1774.58, y=63.00, z=2570.68] from string DavidMaster querying server for mods of entity id 755
[16Apr2025 19:09:28.435] [Netty Epoll Server IO #2/DEBUG] [atomicstryker.infernalmobs.common.InfernalMobsCore/]: resolves to entity Horse['Horse'/755, l='ServerLevel[world]', x=-1735.45, y=83.00, z=2416.14] modifiers null
[16Apr2025 19:09:28.851] [Netty Epoll Server IO #2/DEBUG] [atomicstryker.infernalmobs.common.InfernalMobsCore/]: player ServerPlayer['DavidMaster'/423, l='ServerLevel[world]', x=-1774.38, y=63.00, z=2570.54] from string DavidMaster querying server for mods of entity id 1178
[16Apr2025 19:09:28.851] [Netty Epoll Server IO #2/DEBUG] [atomicstryker.infernalmobs.common.InfernalMobsCore/]: resolves to entity Bat['Bat'/1178, l='ServerLevel[world]', x=-1728.71, y=2.07, z=2506.11] modifiers null
[16Apr2025 19:09:30.923] [Netty Epoll Server IO #2/DEBUG] [atomicstryker.infernalmobs.common.InfernalMobsCore/]: player ServerPlayer['DavidMaster'/423, l='ServerLevel[world]', x=-1774.38, y=63.00, z=2570.54] from string DavidMaster querying server for mods of entity id 1178
[16Apr2025 19:09:30.923] [Netty Epoll Server IO #2/DEBUG] [atomicstryker.infernalmobs.common.InfernalMobsCore/]: resolves to entity Bat['Bat'/1178, l='ServerLevel[world]', x=-1726.61, y=2.68, z=2507.56] modifiers null
[16Apr2025 19:09:31.982] [Netty Epoll Server IO #2/DEBUG] [atomicstryker.infernalmobs.common.InfernalMobsCore/]: player ServerPlayer['DavidMaster'/423, l='ServerLevel[world]', x=-1774.38, y=63.00, z=2570.54] from string DavidMaster querying server for mods of entity id 1331
[16Apr2025 19:09:31.982] [Netty Epoll Server IO #2/DEBUG] [atomicstryker.infernalmobs.common.InfernalMobsCore/]: resolves to entity Skeleton['Skeleton'/1331, l='ServerLevel[world]', x=-1726.50, y=64.00, z=2545.50] modifiers atomicstryker.infernalmobs.common.mods.MM_1UP@7ef0db56
[16Apr2025 19:09:31.982] [Netty Epoll Server IO #2/DEBUG] [atomicstryker.infernalmobs.common.InfernalMobsCore/]: server sending mods 1UP Sprint  for ent-ID 1331
[16Apr2025 19:09:31.983] [Netty Epoll Server IO #2/DEBUG] [atomicstryker.infernalmobs.common.InfernalMobsCore/]: player ServerPlayer['DavidMaster'/423, l='ServerLevel[world]', x=-1774.38, y=63.00, z=2570.54] from string DavidMaster querying server for mods of entity id 1332
[16Apr2025 19:09:31.983] [Netty Epoll Server IO #2/DEBUG] [atomicstryker.infernalmobs.common.InfernalMobsCore/]: resolves to entity Skeleton['Skeleton'/1332, l='ServerLevel[world]', x=-1726.50, y=64.00, z=2548.50] modifiers null
[16Apr2025 19:09:31.983] [Netty Epoll Server IO #2/DEBUG] [atomicstryker.infernalmobs.common.InfernalMobsCore/]: player ServerPlayer['DavidMaster'/423, l='ServerLevel[world]', x=-1774.38, y=63.00, z=2570.54] from string DavidMaster querying server for mods of entity id 1333
[16Apr2025 19:09:31.983] [Netty Epoll Server IO #2/DEBUG] [atomicstryker.infernalmobs.common.InfernalMobsCore/]: resolves to entity Creeper['Creeper'/1333, l='ServerLevel[world]', x=-1729.50, y=64.00, z=2551.50] modifiers null
[16Apr2025 19:09:31.983] [Netty Epoll Server IO #2/DEBUG] [atomicstryker.infernalmobs.common.InfernalMobsCore/]: player ServerPlayer['DavidMaster'/423, l='ServerLevel[world]', x=-1774.38, y=63.00, z=2570.54] from string DavidMaster querying server for mods of entity id 1334
[16Apr2025 19:09:31.983] [Netty Epoll Server IO #2/DEBUG] [atomicstryker.infernalmobs.common.InfernalMobsCore/]: resolves to entity Creeper['Creeper'/1334, l='ServerLevel[world]', x=-1729.50, y=64.00, z=2552.50] modifiers null
[16Apr2025 19:09:32.992] [Netty Epoll Server IO #2/DEBUG] [atomicstryker.infernalmobs.common.InfernalMobsCore/]: player ServerPlayer['DavidMaster'/423, l='ServerLevel[world]', x=-1774.38, y=63.00, z=2570.54] from string DavidMaster querying server for mods of entity id 1336
[16Apr2025 19:09:32.992] [Netty Epoll Server IO #2/DEBUG] [atomicstryker.infernalmobs.common.InfernalMobsCore/]: resolves to entity Bat['Bat'/1336, l='ServerLevel[world]', x=-1773.48, y=-25.88, z=2632.48] modifiers null
[16Apr2025 19:09:32.992] [Netty Epoll Server IO #2/DEBUG] [atomicstryker.infernalmobs.common.InfernalMobsCore/]: player ServerPlayer['DavidMaster'/423, l='ServerLevel[world]', x=-1774.38, y=63.00, z=2570.54] from string DavidMaster querying server for mods of entity id 1337
[16Apr2025 19:09:32.992] [Netty Epoll Server IO #2/DEBUG] [atomicstryker.infernalmobs.common.InfernalMobsCore/]: resolves to entity Bat['Bat'/1337, l='ServerLevel[world]', x=-1774.77, y=-25.88, z=2631.77] modifiers null
[16Apr2025 19:09:35.292] [Netty Epoll Server IO #2/DEBUG] [atomicstryker.infernalmobs.common.InfernalMobsCore/]: player ServerPlayer['DavidMaster'/423, l='ServerLevel[world]', x=-1775.95, y=63.00, z=2570.53] from string DavidMaster querying server for mods of entity id 853
[16Apr2025 19:09:35.292] [Netty Epoll Server IO #2/DEBUG] [atomicstryker.infernalmobs.common.InfernalMobsCore/]: resolves to entity Pig['Pig'/853, l='ServerLevel[world]', x=-1934.78, y=71.00, z=2556.55] modifiers null
[16Apr2025 19:09:35.380] [Server thread/DEBUG] [atomicstryker.infernalmobs.common.InfernalMobsCore/]: entity Skeleton['Skeleton'/1348, l='ServerLevel[world]', x=-1968.93, y=20.00, z=2565.00] was spawned in unmodified before, not modifying it
[16Apr2025 19:09:35.380] [Server thread/DEBUG] [atomicstryker.infernalmobs.common.InfernalMobsCore/]: entity Skeleton['Skeleton'/1349, l='ServerLevel[world]', x=-1969.58, y=20.00, z=2564.43] was spawned in unmodified before, not modifying it
[16Apr2025 19:09:35.491] [Netty Epoll Server IO #2/DEBUG] [atomicstryker.infernalmobs.common.InfernalMobsCore/]: player ServerPlayer['DavidMaster'/423, l='ServerLevel[world]', x=-1776.49, y=63.00, z=2570.79] from string DavidMaster querying server for mods of entity id 750
[16Apr2025 19:09:35.491] [Netty Epoll Server IO #2/DEBUG] [atomicstryker.infernalmobs.common.InfernalMobsCore/]: resolves to entity Pig['Pig'/750, l='ServerLevel[world]', x=-1934.42, y=71.00, z=2548.54] modifiers null
[16Apr2025 19:09:35.513] [Netty Epoll Server IO #2/DEBUG] [atomicstryker.infernalmobs.common.InfernalMobsCore/]: player ServerPlayer['DavidMaster'/423, l='ServerLevel[world]', x=-1776.49, y=63.00, z=2570.79] from string DavidMaster querying server for mods of entity id 758
[16Apr2025 19:09:35.513] [Netty Epoll Server IO #2/DEBUG] [atomicstryker.infernalmobs.common.InfernalMobsCore/]: resolves to entity Chicken['Chicken'/758, l='ServerLevel[world]', x=-1931.37, y=76.00, z=2609.36] modifiers null
[16Apr2025 19:09:35.685] [Netty Epoll Server IO #2/DEBUG] [atomicstryker.infernalmobs.common.InfernalMobsCore/]: player ServerPlayer['DavidMaster'/423, l='ServerLevel[world]', x=-1776.55, y=63.00, z=2570.81] from string DavidMaster querying server for mods of entity id 849
[16Apr2025 19:09:35.685] [Netty Epoll Server IO #2/DEBUG] [atomicstryker.infernalmobs.common.InfernalMobsCore/]: resolves to entity Pig['Pig'/849, l='ServerLevel[world]', x=-1935.71, y=71.00, z=2556.55] modifiers null
[16Apr2025 19:09:35.685] [Netty Epoll Server IO #2/DEBUG] [atomicstryker.infernalmobs.common.InfernalMobsCore/]: player ServerPlayer['DavidMaster'/423, l='ServerLevel[world]', x=-1776.55, y=63.00, z=2570.81] from string DavidMaster querying server for mods of entity id 717
[16Apr2025 19:09:35.685] [Netty Epoll Server IO #2/DEBUG] [atomicstryker.infernalmobs.common.InfernalMobsCore/]: resolves to entity Pig['Pig'/717, l='ServerLevel[world]', x=-1935.48, y=71.00, z=2554.01] modifiers null
[16Apr2025 19:09:37.637] [Netty Epoll Server IO #2/DEBUG] [atomicstryker.infernalmobs.common.InfernalMobsCore/]: player ServerPlayer['DavidMaster'/423, l='ServerLevel[world]', x=-1776.55, y=63.00, z=2570.81] from string DavidMaster querying server for mods of entity id 1354
[16Apr2025 19:09:37.637] [Netty Epoll Server IO #2/DEBUG] [atomicstryker.infernalmobs.common.InfernalMobsCore/]: resolves to entity Salmon['Salmon'/1354, l='ServerLevel[world]', x=-1762.50, y=52.02, z=2592.50] modifiers null
[16Apr2025 19:09:37.637] [Netty Epoll Server IO #2/DEBUG] [atomicstryker.infernalmobs.common.InfernalMobsCore/]: player ServerPlayer['DavidMaster'/423, l='ServerLevel[world]', x=-1776.55, y=63.00, z=2570.81] from string DavidMaster querying server for mods of entity id 1355
[16Apr2025 19:09:37.637] [Netty Epoll Server IO #2/DEBUG] [atomicstryker.infernalmobs.common.InfernalMobsCore/]: resolves to entity Salmon['Salmon'/1355, l='ServerLevel[world]', x=-1757.50, y=52.02, z=2589.50] modifiers null
[16Apr2025 19:09:40.025] [Netty Epoll Server IO #2/DEBUG] [atomicstryker.infernalmobs.common.InfernalMobsCore/]: player ServerPlayer['DavidMaster'/423, l='ServerLevel[world]', x=-1776.64, y=63.00, z=2569.98] from string DavidMaster querying server for mods of entity id 755
[16Apr2025 19:09:40.025] [Netty Epoll Server IO #2/DEBUG] [atomicstryker.infernalmobs.common.InfernalMobsCore/]: resolves to entity Horse['Horse'/755, l='ServerLevel[world]', x=-1735.45, y=83.00, z=2416.14] modifiers null
[16Apr2025 19:09:40.374] [Netty Epoll Server IO #2/DEBUG] [atomicstryker.infernalmobs.common.InfernalMobsCore/]: player ServerPlayer['DavidMaster'/423, l='ServerLevel[world]', x=-1776.17, y=63.00, z=2569.25] from string DavidMaster querying server for mods of entity id 1178
[16Apr2025 19:09:40.374] [Netty Epoll Server IO #2/DEBUG] [atomicstryker.infernalmobs.common.InfernalMobsCore/]: resolves to entity Bat['Bat'/1178, l='ServerLevel[world]', x=-1724.84, y=0.89, z=2507.68] modifiers null
[16Apr2025 19:09:40.412] [Netty Epoll Server IO #2/DEBUG] [atomicstryker.infernalmobs.common.InfernalMobsCore/]: player ServerPlayer['DavidMaster'/423, l='ServerLevel[world]', x=-1776.17, y=63.00, z=2569.25] from string DavidMaster querying server for mods of entity id 900
[16Apr2025 19:09:40.412] [Netty Epoll Server IO #2/DEBUG] [atomicstryker.infernalmobs.common.InfernalMobsCore/]: resolves to entity Chicken['Chicken'/900, l='ServerLevel[world]', x=-1742.45, y=81.00, z=2413.12] modifiers null
[16Apr2025 19:09:42.791] [Server thread/INFO] [net.minecraft.server.MinecraftServer/]: DavidMaster has reached the goal [Greed may lead to loss]
[16Apr2025 19:09:42.925] [Netty Epoll Server IO #2/DEBUG] [atomicstryker.infernalmobs.common.InfernalMobsCore/]: player ServerPlayer['DavidMaster'/423, l='ServerLevel[world]', x=-1750.50, y=-48.90, z=2541.50] from string DavidMaster querying server for mods of entity id 1357
[16Apr2025 19:09:42.963] [Netty Epoll Server IO #2/DEBUG] [atomicstryker.infernalmobs.common.InfernalMobsCore/]: player ServerPlayer['DavidMaster'/423, l='ServerLevel[world]', x=-1750.50, y=-48.90, z=2541.50] from string DavidMaster querying server for mods of entity id 1358
[16Apr2025 19:09:43.013] [Netty Epoll Server IO #2/DEBUG] [atomicstryker.infernalmobs.common.InfernalMobsCore/]: player ServerPlayer['DavidMaster'/423, l='ServerLevel[world]', x=-1750.50, y=-48.90, z=2541.50] from string DavidMaster querying server for mods of entity id 988
[16Apr2025 19:09:43.013] [Netty Epoll Server IO #2/DEBUG] [atomicstryker.infernalmobs.common.InfernalMobsCore/]: resolves to entity Chicken['Chicken'/988, l='ServerLevel[world]', x=-1597.71, y=68.00, z=2565.79] modifiers null
[16Apr2025 19:09:43.013] [Netty Epoll Server IO #2/DEBUG] [atomicstryker.infernalmobs.common.InfernalMobsCore/]: player ServerPlayer['DavidMaster'/423, l='ServerLevel[world]', x=-1750.50, y=-48.90, z=2541.50] from string DavidMaster querying server for mods of entity id 989
[16Apr2025 19:09:43.013] [Netty Epoll Server IO #2/DEBUG] [atomicstryker.infernalmobs.common.InfernalMobsCore/]: resolves to entity Sheep['Sheep'/989, l='ServerLevel[world]', x=-1599.99, y=68.00, z=2563.07] modifiers null
[16Apr2025 19:09:43.013] [Netty Epoll Server IO #2/DEBUG] [atomicstryker.infernalmobs.common.InfernalMobsCore/]: player ServerPlayer['DavidMaster'/423, l='ServerLevel[world]', x=-1750.50, y=-48.90, z=2541.50] from string DavidMaster querying server for mods of entity id 981
[16Apr2025 19:09:43.013] [Netty Epoll Server IO #2/DEBUG] [atomicstryker.infernalmobs.common.InfernalMobsCore/]: resolves to entity Chicken['Chicken'/981, l='ServerLevel[world]', x=-1599.78, y=67.00, z=2546.50] modifiers null
[16Apr2025 19:09:43.013] [Netty Epoll Server IO #2/DEBUG] [atomicstryker.infernalmobs.common.InfernalMobsCore/]: player ServerPlayer['DavidMaster'/423, l='ServerLevel[world]', x=-1750.50, y=-48.90, z=2541.50] from string DavidMaster querying server for mods of entity id 937
[16Apr2025 19:09:43.013] [Netty Epoll Server IO #2/DEBUG] [atomicstryker.infernalmobs.common.InfernalMobsCore/]: resolves to entity Chicken['Chicken'/937, l='ServerLevel[world]', x=-1822.66, y=83.00, z=2399.66] modifiers null
[16Apr2025 19:09:43.013] [Netty Epoll Server IO #2/DEBUG] [atomicstryker.infernalmobs.common.InfernalMobsCore/]: player ServerPlayer['DavidMaster'/423, l='ServerLevel[world]', x=-1750.50, y=-48.90, z=2541.50] from string DavidMaster querying server for mods of entity id 674
[16Apr2025 19:09:43.013] [Netty Epoll Server IO #2/DEBUG] [atomicstryker.infernalmobs.common.InfernalMobsCore/]: resolves to entity Sheep['Sheep'/674, l='ServerLevel[world]', x=-1656.41, y=76.00, z=2458.64] modifiers null
[16Apr2025 19:09:43.013] [Netty Epoll Server IO #2/DEBUG] [atomicstryker.infernalmobs.common.InfernalMobsCore/]: player ServerPlayer['DavidMaster'/423, l='ServerLevel[world]', x=-1750.50, y=-48.90, z=2541.50] from string DavidMaster querying server for mods of entity id 775
[16Apr2025 19:09:43.013] [Netty Epoll Server IO #2/DEBUG] [atomicstryker.infernalmobs.common.InfernalMobsCore/]: resolves to entity Cow['Cow'/775, l='ServerLevel[world]', x=-1638.33, y=73.00, z=2440.32] modifiers null
[16Apr2025 19:09:43.013] [Netty Epoll Server IO #2/DEBUG] [atomicstryker.infernalmobs.common.InfernalMobsCore/]: player ServerPlayer['DavidMaster'/423, l='ServerLevel[world]', x=-1750.50, y=-48.90, z=2541.50] from string DavidMaster querying server for mods of entity id 1073
[16Apr2025 19:09:43.014] [Netty Epoll Server IO #2/DEBUG] [atomicstryker.infernalmobs.common.InfernalMobsCore/]: resolves to entity Bat['Bat'/1073, l='ServerLevel[world]', x=-1756.25, y=19.10, z=2463.13] modifiers null
[16Apr2025 19:09:43.014] [Netty Epoll Server IO #2/DEBUG] [atomicstryker.infernalmobs.common.InfernalMobsCore/]: player ServerPlayer['DavidMaster'/423, l='ServerLevel[world]', x=-1750.50, y=-48.90, z=2541.50] from string DavidMaster querying server for mods of entity id 976
[16Apr2025 19:09:43.014] [Netty Epoll Server IO #2/DEBUG] [atomicstryker.infernalmobs.common.InfernalMobsCore/]: resolves to entity Sheep['Sheep'/976, l='ServerLevel[world]', x=-1593.49, y=67.00, z=2539.19] modifiers null
[16Apr2025 19:09:43.014] [Netty Epoll Server IO #2/DEBUG] [atomicstryker.infernalmobs.common.InfernalMobsCore/]: player ServerPlayer['DavidMaster'/423, l='ServerLevel[world]', x=-1750.50, y=-48.90, z=2541.50] from string DavidMaster querying server for mods of entity id 1177
[16Apr2025 19:09:43.014] [Netty Epoll Server IO #2/DEBUG] [atomicstryker.infernalmobs.common.InfernalMobsCore/]: resolves to entity Bat['Bat'/1177, l='ServerLevel[world]', x=-1733.75, y=4.10, z=2498.25] modifiers null
[16Apr2025 19:09:43.014] [Netty Epoll Server IO #2/DEBUG] [atomicstryker.infernalmobs.common.InfernalMobsCore/]: player ServerPlayer['DavidMaster'/423, l='ServerLevel[world]', x=-1750.50, y=-48.90, z=2541.50] from string DavidMaster querying server for mods of entity id 684
[16Apr2025 19:09:43.014] [Netty Epoll Server IO #2/DEBUG] [atomicstryker.infernalmobs.common.InfernalMobsCore/]: resolves to entity Pig['Pig'/684, l='ServerLevel[world]', x=-1837.32, y=82.00, z=2416.82] modifiers null
[16Apr2025 19:09:43.014] [Netty Epoll Server IO #2/DEBUG] [atomicstryker.infernalmobs.common.InfernalMobsCore/]: player ServerPlayer['DavidMaster'/423, l='ServerLevel[world]', x=-1750.50, y=-48.90, z=2541.50] from string DavidMaster querying server for mods of entity id 619
[16Apr2025 19:09:43.014] [Netty Epoll Server IO #2/DEBUG] [atomicstryker.infernalmobs.common.InfernalMobsCore/]: resolves to entity Cow['Cow'/619, l='ServerLevel[world]', x=-1674.41, y=79.00, z=2437.57] modifiers null
[16Apr2025 19:09:43.014] [Netty Epoll Server IO #2/DEBUG] [atomicstryker.infernalmobs.common.InfernalMobsCore/]: player ServerPlayer['DavidMaster'/423, l='ServerLevel[world]', x=-1750.50, y=-48.90, z=2541.50] from string DavidMaster querying server for mods of entity id 878
[16Apr2025 19:09:43.015] [Netty Epoll Server IO #2/DEBUG] [atomicstryker.infernalmobs.common.InfernalMobsCore/]: resolves to entity Sheep['Sheep'/878, l='ServerLevel[world]', x=-1846.38, y=84.00, z=2418.62] modifiers null
[16Apr2025 19:09:43.015] [Netty Epoll Server IO #2/DEBUG] [atomicstryker.infernalmobs.common.InfernalMobsCore/]: player ServerPlayer['DavidMaster'/423, l='ServerLevel[world]', x=-1750.50, y=-48.90, z=2541.50] from string DavidMaster querying server for mods of entity id 1178
[16Apr2025 19:09:43.015] [Netty Epoll Server IO #2/DEBUG] [atomicstryker.infernalmobs.common.InfernalMobsCore/]: resolves to entity Bat['Bat'/1178, l='ServerLevel[world]', x=-1725.09, y=-0.42, z=2507.85] modifiers null
[16Apr2025 19:09:43.015] [Netty Epoll Server IO #2/DEBUG] [atomicstryker.infernalmobs.common.InfernalMobsCore/]: player ServerPlayer['DavidMaster'/423, l='ServerLevel[world]', x=-1750.50, y=-48.90, z=2541.50] from string DavidMaster querying server for mods of entity id 1153
[16Apr2025 19:09:43.015] [Netty Epoll Server IO #2/DEBUG] [atomicstryker.infernalmobs.common.InfernalMobsCore/]: resolves to entity Bat['Bat'/1153, l='ServerLevel[world]', x=-1696.48, y=17.07, z=2511.75] modifiers null
[16Apr2025 19:09:43.015] [Netty Epoll Server IO #2/DEBUG] [atomicstryker.infernalmobs.common.InfernalMobsCore/]: player ServerPlayer['DavidMaster'/423, l='ServerLevel[world]', x=-1750.50, y=-48.90, z=2541.50] from string DavidMaster querying server for mods of entity id 896
[16Apr2025 19:09:43.015] [Netty Epoll Server IO #2/DEBUG] [atomicstryker.infernalmobs.common.InfernalMobsCore/]: resolves to entity Cow['Cow'/896, l='ServerLevel[world]', x=-1670.49, y=79.00, z=2411.59] modifiers null
[16Apr2025 19:09:43.015] [Netty Epoll Server IO #2/DEBUG] [atomicstryker.infernalmobs.common.InfernalMobsCore/]: player ServerPlayer['DavidMaster'/423, l='ServerLevel[world]', x=-1750.50, y=-48.90, z=2541.50] from string DavidMaster querying server for mods of entity id 756
[16Apr2025 19:09:43.015] [Netty Epoll Server IO #2/DEBUG] [atomicstryker.infernalmobs.common.InfernalMobsCore/]: resolves to entity Cow['Cow'/756, l='ServerLevel[world]', x=-1667.45, y=79.00, z=2421.59] modifiers null
[16Apr2025 19:09:43.015] [Netty Epoll Server IO #2/DEBUG] [atomicstryker.infernalmobs.common.InfernalMobsCore/]: player ServerPlayer['DavidMaster'/423, l='ServerLevel[world]', x=-1750.50, y=-48.90, z=2541.50] from string DavidMaster querying server for mods of entity id 950
[16Apr2025 19:09:43.015] [Netty Epoll Server IO #2/DEBUG] [atomicstryker.infernalmobs.common.InfernalMobsCore/]: resolves to entity Chicken['Chicken'/950, l='ServerLevel[world]', x=-1764.31, y=76.00, z=2397.31] modifiers null
[16Apr2025 19:09:43.015] [Netty Epoll Server IO #2/DEBUG] [atomicstryker.infernalmobs.common.InfernalMobsCore/]: player ServerPlayer['DavidMaster'/423, l='ServerLevel[world]', x=-1750.50, y=-48.90, z=2541.50] from string DavidMaster querying server for mods of entity id 617
[16Apr2025 19:09:43.015] [Netty Epoll Server IO #2/DEBUG] [atomicstryker.infernalmobs.common.InfernalMobsCore/]: resolves to entity Chicken['Chicken'/617, l='ServerLevel[world]', x=-1672.69, y=79.00, z=2439.77] modifiers null
[16Apr2025 19:09:43.016] [Netty Epoll Server IO #2/DEBUG] [atomicstryker.infernalmobs.common.InfernalMobsCore/]: player ServerPlayer['DavidMaster'/423, l='ServerLevel[world]', x=-1750.50, y=-48.90, z=2541.50] from string DavidMaster querying server for mods of entity id 881
[16Apr2025 19:09:43.016] [Netty Epoll Server IO #2/DEBUG] [atomicstryker.infernalmobs.common.InfernalMobsCore/]: resolves to entity Sheep['Sheep'/881, l='ServerLevel[world]', x=-1792.79, y=83.00, z=2399.99] modifiers null
[16Apr2025 19:09:43.016] [Netty Epoll Server IO #2/DEBUG] [atomicstryker.infernalmobs.common.InfernalMobsCore/]: player ServerPlayer['DavidMaster'/423, l='ServerLevel[world]', x=-1750.50, y=-48.90, z=2541.50] from string DavidMaster querying server for mods of entity id 940
[16Apr2025 19:09:43.016] [Netty Epoll Server IO #2/DEBUG] [atomicstryker.infernalmobs.common.InfernalMobsCore/]: resolves to entity Sheep['Sheep'/940, l='ServerLevel[world]', x=-1800.86, y=79.00, z=2399.55] modifiers null
[16Apr2025 19:09:43.016] [Netty Epoll Server IO #2/DEBUG] [atomicstryker.infernalmobs.common.InfernalMobsCore/]: player ServerPlayer['DavidMaster'/423, l='ServerLevel[world]', x=-1750.50, y=-48.90, z=2541.50] from string DavidMaster querying server for mods of entity id 776
[16Apr2025 19:09:43.016] [Netty Epoll Server IO #2/DEBUG] [atomicstryker.infernalmobs.common.InfernalMobsCore/]: resolves to entity Cow['Cow'/776, l='ServerLevel[world]', x=-1653.64, y=75.00, z=2437.34] modifiers null
[16Apr2025 19:09:43.057] [Netty Epoll Server IO #2/DEBUG] [atomicstryker.infernalmobs.common.InfernalMobsCore/]: player ServerPlayer['DavidMaster'/423, l='ServerLevel[world]', x=-1750.50, y=-48.90, z=2541.50] from string DavidMaster querying server for mods of entity id 899
[16Apr2025 19:09:43.057] [Netty Epoll Server IO #2/DEBUG] [atomicstryker.infernalmobs.common.InfernalMobsCore/]: resolves to entity Chicken['Chicken'/899, l='ServerLevel[world]', x=-1740.37, y=81.00, z=2409.36] modifiers null
[16Apr2025 19:09:43.058] [Netty Epoll Server IO #2/DEBUG] [atomicstryker.infernalmobs.common.InfernalMobsCore/]: player ServerPlayer['DavidMaster'/423, l='ServerLevel[world]', x=-1750.50, y=-48.90, z=2541.50] from string DavidMaster querying server for mods of entity id 785
[16Apr2025 19:09:43.058] [Netty Epoll Server IO #2/DEBUG] [atomicstryker.infernalmobs.common.InfernalMobsCore/]: resolves to entity Cow['Cow'/785, l='ServerLevel[world]', x=-1659.30, y=81.00, z=2426.70] modifiers null
[16Apr2025 19:09:43.086] [Netty Epoll Server IO #2/DEBUG] [atomicstryker.infernalmobs.common.InfernalMobsCore/]: player ServerPlayer['DavidMaster'/423, l='ServerLevel[world]', x=-1750.50, y=-48.90, z=2541.50] from string DavidMaster querying server for mods of entity id 786
[16Apr2025 19:09:43.087] [Netty Epoll Server IO #2/DEBUG] [atomicstryker.infernalmobs.common.InfernalMobsCore/]: resolves to entity Pig['Pig'/786, l='ServerLevel[world]', x=-1662.57, y=82.00, z=2425.07] modifiers null
[16Apr2025 19:09:43.087] [Netty Epoll Server IO #2/DEBUG] [atomicstryker.infernalmobs.common.InfernalMobsCore/]: player ServerPlayer['DavidMaster'/423, l='ServerLevel[world]', x=-1750.50, y=-48.90, z=2541.50] from string DavidMaster querying server for mods of entity id 753
[16Apr2025 19:09:43.087] [Netty Epoll Server IO #2/DEBUG] [atomicstryker.infernalmobs.common.InfernalMobsCore/]: resolves to entity Sheep['Sheep'/753, l='ServerLevel[world]', x=-1685.50, y=71.00, z=2417.19] modifiers null
[16Apr2025 19:09:43.201] [Netty Epoll Server IO #2/DEBUG] [atomicstryker.infernalmobs.common.InfernalMobsCore/]: player ServerPlayer['DavidMaster'/423, l='ServerLevel[world]', x=-1750.50, y=-49.00, z=2541.50] from string DavidMaster querying server for mods of entity id 1359
[16Apr2025 19:09:43.202] [Netty Epoll Server IO #2/DEBUG] [atomicstryker.infernalmobs.common.InfernalMobsCore/]: resolves to entity Skeleton['Skeleton'/1359, l='ServerLevel[world]', x=-1773.50, y=-40.00, z=2440.50] modifiers null
[16Apr2025 19:09:43.209] [Netty Epoll Server IO #2/DEBUG] [atomicstryker.infernalmobs.common.InfernalMobsCore/]: player ServerPlayer['DavidMaster'/423, l='ServerLevel[world]', x=-1750.50, y=-49.00, z=2541.50] from string DavidMaster querying server for mods of entity id 1360
[16Apr2025 19:09:43.209] [Netty Epoll Server IO #2/DEBUG] [atomicstryker.infernalmobs.common.InfernalMobsCore/]: resolves to entity Skeleton['Skeleton'/1360, l='ServerLevel[world]', x=-1720.50, y=68.00, z=2567.50] modifiers null
[16Apr2025 19:09:43.209] [Netty Epoll Server IO #2/DEBUG] [atomicstryker.infernalmobs.common.InfernalMobsCore/]: player ServerPlayer['DavidMaster'/423, l='ServerLevel[world]', x=-1750.50, y=-49.00, z=2541.50] from string DavidMaster querying server for mods of entity id 1361
[16Apr2025 19:09:43.209] [Netty Epoll Server IO #2/DEBUG] [atomicstryker.infernalmobs.common.InfernalMobsCore/]: resolves to entity Skeleton['Skeleton'/1361, l='ServerLevel[world]', x=-1814.50, y=45.00, z=2592.50] modifiers null
[16Apr2025 19:09:43.209] [Netty Epoll Server IO #2/DEBUG] [atomicstryker.infernalmobs.common.InfernalMobsCore/]: player ServerPlayer['DavidMaster'/423, l='ServerLevel[world]', x=-1750.50, y=-49.00, z=2541.50] from string DavidMaster querying server for mods of entity id 1362
[16Apr2025 19:09:43.210] [Netty Epoll Server IO #2/DEBUG] [atomicstryker.infernalmobs.common.InfernalMobsCore/]: resolves to entity Spider['Spider'/1362, l='ServerLevel[world]', x=-1790.50, y=-29.00, z=2522.50] modifiers null
[16Apr2025 19:09:43.210] [Netty Epoll Server IO #2/DEBUG] [atomicstryker.infernalmobs.common.InfernalMobsCore/]: player ServerPlayer['DavidMaster'/423, l='ServerLevel[world]', x=-1750.50, y=-49.00, z=2541.50] from string DavidMaster querying server for mods of entity id 1363
[16Apr2025 19:09:43.210] [Netty Epoll Server IO #2/DEBUG] [atomicstryker.infernalmobs.common.InfernalMobsCore/]: resolves to entity Skeleton['Skeleton'/1363, l='ServerLevel[world]', x=-1664.50, y=-27.00, z=2528.50] modifiers null
[16Apr2025 19:09:43.210] [Netty Epoll Server IO #2/DEBUG] [atomicstryker.infernalmobs.common.InfernalMobsCore/]: player ServerPlayer['DavidMaster'/423, l='ServerLevel[world]', x=-1750.50, y=-49.00, z=2541.50] from string DavidMaster querying server for mods of entity id 1364
[16Apr2025 19:09:43.210] [Netty Epoll Server IO #2/DEBUG] [atomicstryker.infernalmobs.common.InfernalMobsCore/]: resolves to entity Zombie['Zombie'/1364, l='ServerLevel[world]', x=-1783.50, y=-9.00, z=2449.50] modifiers null
[16Apr2025 19:09:43.210] [Netty Epoll Server IO #2/DEBUG] [atomicstryker.infernalmobs.common.InfernalMobsCore/]: player ServerPlayer['DavidMaster'/423, l='ServerLevel[world]', x=-1750.50, y=-49.00, z=2541.50] from string DavidMaster querying server for mods of entity id 1365
[16Apr2025 19:09:43.210] [Netty Epoll Server IO #2/DEBUG] [atomicstryker.infernalmobs.common.InfernalMobsCore/]: resolves to entity Zombie['Zombie'/1365, l='ServerLevel[world]', x=-1749.50, y=-41.00, z=2571.50] modifiers null
[16Apr2025 19:09:43.210] [Netty Epoll Server IO #2/DEBUG] [atomicstryker.infernalmobs.common.InfernalMobsCore/]: player ServerPlayer['DavidMaster'/423, l='ServerLevel[world]', x=-1750.50, y=-49.00, z=2541.50] from string DavidMaster querying server for mods of entity id 1366
[16Apr2025 19:09:43.210] [Netty Epoll Server IO #2/DEBUG] [atomicstryker.infernalmobs.common.InfernalMobsCore/]: resolves to entity Zombie['Zombie'/1366, l='ServerLevel[world]', x=-1749.50, y=-41.00, z=2572.50] modifiers null
[16Apr2025 19:09:43.273] [Netty Epoll Server IO #2/DEBUG] [atomicstryker.infernalmobs.common.InfernalMobsCore/]: player ServerPlayer['DavidMaster'/423, l='ServerLevel[world]', x=-1750.50, y=-49.00, z=2541.50] from string DavidMaster querying server for mods of entity id 1368
[16Apr2025 19:09:43.273] [Netty Epoll Server IO #2/DEBUG] [atomicstryker.infernalmobs.common.InfernalMobsCore/]: resolves to entity Skeleton['Skeleton'/1368, l='ServerLevel[world]', x=-1691.50, y=-3.00, z=2601.50] modifiers null
[16Apr2025 19:09:43.278] [Netty Epoll Server IO #2/DEBUG] [atomicstryker.infernalmobs.common.InfernalMobsCore/]: player ServerPlayer['DavidMaster'/423, l='ServerLevel[world]', x=-1750.50, y=-49.00, z=2541.50] from string DavidMaster querying server for mods of entity id 1369
[16Apr2025 19:09:43.278] [Netty Epoll Server IO #2/DEBUG] [atomicstryker.infernalmobs.common.InfernalMobsCore/]: resolves to entity Skeleton['Skeleton'/1369, l='ServerLevel[world]', x=-1690.50, y=-3.00, z=2602.50] modifiers null
[16Apr2025 19:09:43.278] [Netty Epoll Server IO #2/DEBUG] [atomicstryker.infernalmobs.common.InfernalMobsCore/]: player ServerPlayer['DavidMaster'/423, l='ServerLevel[world]', x=-1750.50, y=-49.00, z=2541.50] from string DavidMaster querying server for mods of entity id 1370
[16Apr2025 19:09:43.278] [Netty Epoll Server IO #2/DEBUG] [atomicstryker.infernalmobs.common.InfernalMobsCore/]: resolves to entity Skeleton['Skeleton'/1370, l='ServerLevel[world]', x=-1691.50, y=-3.00, z=2598.50] modifiers null
[16Apr2025 19:09:43.403] [Netty Epoll Server IO #2/DEBUG] [atomicstryker.infernalmobs.common.InfernalMobsCore/]: player ServerPlayer['DavidMaster'/423, l='ServerLevel[world]', x=-1750.50, y=-49.00, z=2541.50] from string DavidMaster querying server for mods of entity id 1371
[16Apr2025 19:09:43.403] [Netty Epoll Server IO #2/DEBUG] [atomicstryker.infernalmobs.common.InfernalMobsCore/]: resolves to entity Creeper['Creeper'/1371, l='ServerLevel[world]', x=-1742.50, y=-5.00, z=2554.50] modifiers null
[16Apr2025 19:09:43.403] [Netty Epoll Server IO #2/DEBUG] [atomicstryker.infernalmobs.common.InfernalMobsCore/]: player ServerPlayer['DavidMaster'/423, l='ServerLevel[world]', x=-1750.50, y=-49.00, z=2541.50] from string DavidMaster querying server for mods of entity id 1372
[16Apr2025 19:09:43.403] [Netty Epoll Server IO #2/DEBUG] [atomicstryker.infernalmobs.common.InfernalMobsCore/]: resolves to entity Zombie['Zombie'/1372, l='ServerLevel[world]', x=-1693.50, y=-2.00, z=2554.50] modifiers null
[16Apr2025 19:09:43.403] [Netty Epoll Server IO #2/DEBUG] [atomicstryker.infernalmobs.common.InfernalMobsCore/]: player ServerPlayer['DavidMaster'/423, l='ServerLevel[world]', x=-1750.50, y=-49.00, z=2541.50] from string DavidMaster querying server for mods of entity id 1373
[16Apr2025 19:09:43.403] [Netty Epoll Server IO #2/DEBUG] [atomicstryker.infernalmobs.common.InfernalMobsCore/]: resolves to entity Zombie['Zombie'/1373, l='ServerLevel[world]', x=-1689.50, y=-2.00, z=2554.50] modifiers null
[16Apr2025 19:09:43.410] [Netty Epoll Server IO #2/DEBUG] [atomicstryker.infernalmobs.common.InfernalMobsCore/]: player ServerPlayer['DavidMaster'/423, l='ServerLevel[world]', x=-1750.50, y=-49.00, z=2541.50] from string DavidMaster querying server for mods of entity id 1374
[16Apr2025 19:09:43.410] [Netty Epoll Server IO #2/DEBUG] [atomicstryker.infernalmobs.common.InfernalMobsCore/]: resolves to entity Skeleton['Skeleton'/1374, l='ServerLevel[world]', x=-1821.50, y=-28.00, z=2471.50] modifiers null
[16Apr2025 19:09:43.452] [Netty Epoll Server IO #2/DEBUG] [atomicstryker.infernalmobs.common.InfernalMobsCore/]: player ServerPlayer['DavidMaster'/423, l='ServerLevel[world]', x=-1750.50, y=-49.00, z=2541.50] from string DavidMaster querying server for mods of entity id 1375
[16Apr2025 19:09:43.452] [Netty Epoll Server IO #2/DEBUG] [atomicstryker.infernalmobs.common.InfernalMobsCore/]: resolves to entity Skeleton['Skeleton'/1375, l='ServerLevel[world]', x=-1852.50, y=7.00, z=2592.50] modifiers null
[16Apr2025 19:09:43.452] [Netty Epoll Server IO #2/DEBUG] [atomicstryker.infernalmobs.common.InfernalMobsCore/]: player ServerPlayer['DavidMaster'/423, l='ServerLevel[world]', x=-1750.50, y=-49.00, z=2541.50] from string DavidMaster querying server for mods of entity id 1376
[16Apr2025 19:09:43.452] [Netty Epoll Server IO #2/DEBUG] [atomicstryker.infernalmobs.common.InfernalMobsCore/]: resolves to entity Creeper['Creeper'/1376, l='ServerLevel[world]', x=-1851.50, y=7.00, z=2593.50] modifiers null
[16Apr2025 19:09:43.452] [Netty Epoll Server IO #2/DEBUG] [atomicstryker.infernalmobs.common.InfernalMobsCore/]: player ServerPlayer['DavidMaster'/423, l='ServerLevel[world]', x=-1750.50, y=-49.00, z=2541.50] from string DavidMaster querying server for mods of entity id 1377
[16Apr2025 19:09:43.452] [Netty Epoll Server IO #2/DEBUG] [atomicstryker.infernalmobs.common.InfernalMobsCore/]: resolves to entity Zombie['Zombie'/1377, l='ServerLevel[world]', x=-1755.50, y=-25.00, z=2509.50] modifiers null
[16Apr2025 19:09:43.452] [Netty Epoll Server IO #2/DEBUG] [atomicstryker.infernalmobs.common.InfernalMobsCore/]: player ServerPlayer['DavidMaster'/423, l='ServerLevel[world]', x=-1750.50, y=-49.00, z=2541.50] from string DavidMaster querying server for mods of entity id 1378
[16Apr2025 19:09:43.452] [Netty Epoll Server IO #2/DEBUG] [atomicstryker.infernalmobs.common.InfernalMobsCore/]: resolves to entity Squid['Squid'/1378, l='ServerLevel[world]', x=-1765.50, y=59.00, z=2603.50] modifiers null
[16Apr2025 19:09:43.452] [Netty Epoll Server IO #2/DEBUG] [atomicstryker.infernalmobs.common.InfernalMobsCore/]: player ServerPlayer['DavidMaster'/423, l='ServerLevel[world]', x=-1750.50, y=-49.00, z=2541.50] from string DavidMaster querying server for mods of entity id 1379
[16Apr2025 19:09:43.452] [Netty Epoll Server IO #2/DEBUG] [atomicstryker.infernalmobs.common.InfernalMobsCore/]: resolves to entity Squid['Squid'/1379, l='ServerLevel[world]', x=-1766.50, y=59.00, z=2605.50] modifiers null
[16Apr2025 19:09:43.452] [Netty Epoll Server IO #2/DEBUG] [atomicstryker.infernalmobs.common.InfernalMobsCore/]: player ServerPlayer['DavidMaster'/423, l='ServerLevel[world]', x=-1750.50, y=-49.00, z=2541.50] from string DavidMaster querying server for mods of entity id 1380
[16Apr2025 19:09:43.452] [Netty Epoll Server IO #2/DEBUG] [atomicstryker.infernalmobs.common.InfernalMobsCore/]: resolves to entity Squid['Squid'/1380, l='ServerLevel[world]', x=-1763.50, y=59.00, z=2604.50] modifiers null
[16Apr2025 19:09:43.452] [Netty Epoll Server IO #2/DEBUG] [atomicstryker.infernalmobs.common.InfernalMobsCore/]: player ServerPlayer['DavidMaster'/423, l='ServerLevel[world]', x=-1750.50, y=-49.00, z=2541.50] from string DavidMaster querying server for mods of entity id 1381
[16Apr2025 19:09:43.452] [Netty Epoll Server IO #2/DEBUG] [atomicstryker.infernalmobs.common.InfernalMobsCore/]: resolves to entity Skeleton['Skeleton'/1381, l='ServerLevel[world]', x=-1717.50, y=-50.00, z=2524.50] modifiers null
[16Apr2025 19:09:43.453] [Netty Epoll Server IO #2/DEBUG] [atomicstryker.infernalmobs.common.InfernalMobsCore/]: player ServerPlayer['DavidMaster'/423, l='ServerLevel[world]', x=-1750.50, y=-49.00, z=2541.50] from string DavidMaster querying server for mods of entity id 1382
[16Apr2025 19:09:43.453] [Netty Epoll Server IO #2/DEBUG] [atomicstryker.infernalmobs.common.InfernalMobsCore/]: resolves to entity Skeleton['Skeleton'/1382, l='ServerLevel[world]', x=-1720.50, y=-50.00, z=2523.50] modifiers null
[16Apr2025 19:09:43.523] [Netty Epoll Server IO #2/DEBUG] [atomicstryker.infernalmobs.common.InfernalMobsCore/]: player ServerPlayer['DavidMaster'/423, l='ServerLevel[world]', x=-1750.50, y=-49.00, z=2541.50] from string DavidMaster querying server for mods of entity id 1383
[16Apr2025 19:09:43.523] [Netty Epoll Server IO #2/DEBUG] [atomicstryker.infernalmobs.common.InfernalMobsCore/]: resolves to entity Skeleton['Skeleton'/1383, l='ServerLevel[world]', x=-1722.50, y=-50.00, z=2522.50] modifiers null
[16Apr2025 19:09:43.524] [Netty Epoll Server IO #2/DEBUG] [atomicstryker.infernalmobs.common.InfernalMobsCore/]: player ServerPlayer['DavidMaster'/423, l='ServerLevel[world]', x=-1750.50, y=-49.00, z=2541.50] from string DavidMaster querying server for mods of entity id 1384
[16Apr2025 19:09:43.524] [Netty Epoll Server IO #2/DEBUG] [atomicstryker.infernalmobs.common.InfernalMobsCore/]: resolves to entity Skeleton['Skeleton'/1384, l='ServerLevel[world]', x=-1722.50, y=-50.00, z=2521.50] modifiers null
[16Apr2025 19:09:43.542] [Server thread/DEBUG] [atomicstryker.infernalmobs.common.InfernalMobsCore/]: entity EnderMan['Enderman'/1394, l='ServerLevel[world]', x=-1583.96, y=70.00, z=2608.96] was spawned in unmodified before, not modifying it
[16Apr2025 19:09:43.542] [Server thread/DEBUG] [atomicstryker.infernalmobs.common.InfernalMobsCore/]: entity EnderMan['Enderman'/1415, l='ServerLevel[world]', x=-1580.84, y=69.00, z=2556.71] was spawned in unmodified before, not modifying it
[16Apr2025 19:09:43.592] [Server thread/DEBUG] [atomicstryker.infernalmobs.common.InfernalMobsCore/]: entity EnderMan['Enderman'/1441, l='ServerLevel[world]', x=-1889.99, y=75.00, z=2349.08] was spawned in unmodified before, not modifying it
[16Apr2025 19:09:44.184] [Netty Epoll Server IO #2/DEBUG] [atomicstryker.infernalmobs.common.InfernalMobsCore/]: player ServerPlayer['DavidMaster'/423, l='ServerLevel[world]', x=-1750.50, y=-49.00, z=2541.50] from string DavidMaster querying server for mods of entity id 1446
[16Apr2025 19:09:44.184] [Netty Epoll Server IO #2/DEBUG] [atomicstryker.infernalmobs.common.InfernalMobsCore/]: resolves to entity Zombie['Zombie'/1446, l='ServerLevel[world]', x=-1752.20, y=-49.00, z=2542.76] modifiers null
[16Apr2025 19:09:44.213] [Netty Epoll Server IO #2/DEBUG] [atomicstryker.infernalmobs.common.InfernalMobsCore/]: player ServerPlayer['DavidMaster'/423, l='ServerLevel[world]', x=-1750.50, y=-49.00, z=2541.50] from string DavidMaster querying server for mods of entity id 1447
[16Apr2025 19:09:44.214] [Netty Epoll Server IO #2/DEBUG] [atomicstryker.infernalmobs.common.InfernalMobsCore/]: resolves to entity Zombie['Zombie'/1447, l='ServerLevel[world]', x=-1750.88, y=-48.00, z=2545.22] modifiers null
[16Apr2025 19:09:44.214] [Netty Epoll Server IO #2/DEBUG] [atomicstryker.infernalmobs.common.InfernalMobsCore/]: player ServerPlayer['DavidMaster'/423, l='ServerLevel[world]', x=-1750.50, y=-49.00, z=2541.50] from string DavidMaster querying server for mods of entity id 1448
[16Apr2025 19:09:44.214] [Netty Epoll Server IO #2/DEBUG] [atomicstryker.infernalmobs.common.InfernalMobsCore/]: resolves to entity Zombie['Zombie'/1448, l='ServerLevel[world]', x=-1749.74, y=-49.00, z=2543.47] modifiers null
[16Apr2025 19:09:45.335] [Netty Epoll Server IO #2/DEBUG] [atomicstryker.infernalmobs.common.InfernalMobsCore/]: player ServerPlayer['DavidMaster'/423, l='ServerLevel[world]', x=-1751.04, y=-49.00, z=2542.50] from string DavidMaster querying server for mods of entity id 1475
[16Apr2025 19:09:45.335] [Netty Epoll Server IO #2/DEBUG] [atomicstryker.infernalmobs.common.InfernalMobsCore/]: resolves to entity Zombie['Zombie'/1475, l='ServerLevel[world]', x=-1759.00, y=-9.00, z=2543.00] modifiers null
[16Apr2025 19:09:45.335] [Netty Epoll Server IO #2/DEBUG] [atomicstryker.infernalmobs.common.InfernalMobsCore/]: player ServerPlayer['DavidMaster'/423, l='ServerLevel[world]', x=-1751.04, y=-49.00, z=2542.50] from string DavidMaster querying server for mods of entity id 1476
[16Apr2025 19:09:45.335] [Netty Epoll Server IO #2/DEBUG] [atomicstryker.infernalmobs.common.InfernalMobsCore/]: resolves to entity SpectralWolf['Spectral Wolf'/1476, l='ServerLevel[world]', x=-1750.00, y=-49.00, z=2542.00] modifiers null
[16Apr2025 19:09:46.785] [Netty Epoll Server IO #2/DEBUG] [atomicstryker.infernalmobs.common.InfernalMobsCore/]: player ServerPlayer['DavidMaster'/423, l='ServerLevel[world]', x=-1752.23, y=-49.00, z=2541.30] from string DavidMaster querying server for mods of entity id 1477
[16Apr2025 19:09:46.785] [Netty Epoll Server IO #2/DEBUG] [atomicstryker.infernalmobs.common.InfernalMobsCore/]: resolves to entity Bat['Bat'/1477, l='ServerLevel[world]', x=-1781.57, y=36.03, z=2548.39] modifiers null
[16Apr2025 19:09:47.823] [Netty Epoll Server IO #2/DEBUG] [atomicstryker.infernalmobs.common.InfernalMobsCore/]: player ServerPlayer['DavidMaster'/423, l='ServerLevel[world]', x=-1750.72, y=-49.00, z=2541.35] from string DavidMaster querying server for mods of entity id 1367
[16Apr2025 19:09:47.823] [Netty Epoll Server IO #2/DEBUG] [atomicstryker.infernalmobs.common.InfernalMobsCore/]: resolves to entity Bat['Bat'/1367, l='ServerLevel[world]', x=-1831.41, y=20.72, z=2540.17] modifiers null
[16Apr2025 19:09:48.278] [Netty Epoll Server IO #2/DEBUG] [atomicstryker.infernalmobs.common.InfernalMobsCore/]: player ServerPlayer['DavidMaster'/423, l='ServerLevel[world]', x=-1750.24, y=-49.00, z=2542.20] from string DavidMaster querying server for mods of entity id 1448
[16Apr2025 19:09:48.278] [Netty Epoll Server IO #2/DEBUG] [atomicstryker.infernalmobs.common.InfernalMobsCore/]: resolves to entity Zombie['Zombie'/1448, l='ServerLevel[world]', x=-1748.42, y=-49.00, z=2547.19] modifiers null
[16Apr2025 19:09:48.525] [Netty Epoll Server IO #2/DEBUG] [atomicstryker.infernalmobs.common.InfernalMobsCore/]: player ServerPlayer['DavidMaster'/423, l='ServerLevel[world]', x=-1749.99, y=-49.00, z=2543.09] from string DavidMaster querying server for mods of entity id 1476
[16Apr2025 19:09:48.525] [Netty Epoll Server IO #2/DEBUG] [atomicstryker.infernalmobs.common.InfernalMobsCore/]: resolves to entity SpectralWolf['Spectral Wolf'/1476, l='ServerLevel[world]', x=-1748.45, y=-49.00, z=2546.49] modifiers null
[16Apr2025 19:09:48.789] [Netty Epoll Server IO #2/DEBUG] [atomicstryker.infernalmobs.common.InfernalMobsCore/]: player ServerPlayer['DavidMaster'/423, l='ServerLevel[world]', x=-1749.66, y=-49.00, z=2543.98] from string DavidMaster querying server for mods of entity id 1476
[16Apr2025 19:09:48.789] [Netty Epoll Server IO #2/DEBUG] [atomicstryker.infernalmobs.common.InfernalMobsCore/]: resolves to entity SpectralWolf['Spectral Wolf'/1476, l='ServerLevel[world]', x=-1748.60, y=-49.00, z=2546.08] modifiers null
[16Apr2025 19:09:49.064] [Netty Epoll Server IO #2/DEBUG] [atomicstryker.infernalmobs.common.InfernalMobsCore/]: player ServerPlayer['DavidMaster'/423, l='ServerLevel[world]', x=-1749.27, y=-49.00, z=2545.20] from string DavidMaster querying server for mods of entity id 1448
[16Apr2025 19:09:49.236] [Netty Epoll Server IO #2/DEBUG] [atomicstryker.infernalmobs.common.InfernalMobsCore/]: player ServerPlayer['DavidMaster'/423, l='ServerLevel[world]', x=-1749.18, y=-49.00, z=2545.72] from string DavidMaster querying server for mods of entity id 1367
[16Apr2025 19:09:49.236] [Netty Epoll Server IO #2/DEBUG] [atomicstryker.infernalmobs.common.InfernalMobsCore/]: resolves to entity Bat['Bat'/1367, l='ServerLevel[world]', x=-1828.82, y=21.41, z=2541.23] modifiers null
[16Apr2025 19:09:50.041] [Netty Epoll Server IO #2/DEBUG] [atomicstryker.infernalmobs.common.InfernalMobsCore/]: player ServerPlayer['DavidMaster'/423, l='ServerLevel[world]', x=-1749.03, y=-49.00, z=2545.36] from string DavidMaster querying server for mods of entity id 1446
[16Apr2025 19:09:50.041] [Netty Epoll Server IO #2/DEBUG] [atomicstryker.infernalmobs.common.InfernalMobsCore/]: resolves to entity Zombie['Zombie'/1446, l='ServerLevel[world]', x=-1749.98, y=-49.00, z=2544.18] modifiers null
[16Apr2025 19:09:50.085] [Netty Epoll Server IO #2/DEBUG] [atomicstryker.infernalmobs.common.InfernalMobsCore/]: player ServerPlayer['DavidMaster'/423, l='ServerLevel[world]', x=-1748.89, y=-49.00, z=2545.21] from string DavidMaster querying server for mods of entity id 878
[16Apr2025 19:09:50.085] [Netty Epoll Server IO #2/DEBUG] [atomicstryker.infernalmobs.common.InfernalMobsCore/]: resolves to entity Sheep['Sheep'/878, l='ServerLevel[world]', x=-1846.38, y=84.00, z=2418.62] modifiers null
[16Apr2025 19:09:50.239] [Netty Epoll Server IO #2/DEBUG] [atomicstryker.infernalmobs.common.InfernalMobsCore/]: player ServerPlayer['DavidMaster'/423, l='ServerLevel[world]', x=-1748.33, y=-49.00, z=2544.88] from string DavidMaster querying server for mods of entity id 1509
[16Apr2025 19:09:50.239] [Netty Epoll Server IO #2/DEBUG] [atomicstryker.infernalmobs.common.InfernalMobsCore/]: resolves to entity Zombie['Zombie'/1509, l='ServerLevel[world]', x=-1766.00, y=-49.00, z=2544.00] modifiers null
[16Apr2025 19:09:50.462] [Netty Epoll Server IO #2/DEBUG] [atomicstryker.infernalmobs.common.InfernalMobsCore/]: player ServerPlayer['DavidMaster'/423, l='ServerLevel[world]', x=-1748.30, y=-48.82, z=2545.36] from string DavidMaster querying server for mods of entity id 1447
[16Apr2025 19:09:50.462] [Netty Epoll Server IO #2/DEBUG] [atomicstryker.infernalmobs.common.InfernalMobsCore/]: resolves to entity Zombie['Zombie'/1447, l='ServerLevel[world]', x=-1749.59, y=-48.78, z=2542.31] modifiers null
[16Apr2025 19:09:50.635] [Netty Epoll Server IO #2/DEBUG] [atomicstryker.infernalmobs.common.InfernalMobsCore/]: player ServerPlayer['DavidMaster'/423, l='ServerLevel[world]', x=-1748.30, y=-49.00, z=2545.50] from string DavidMaster querying server for mods of entity id 1514
[16Apr2025 19:09:50.635] [Netty Epoll Server IO #2/DEBUG] [atomicstryker.infernalmobs.common.InfernalMobsCore/]: resolves to entity Zombie['Zombie'/1514, l='ServerLevel[world]', x=-1733.00, y=-49.00, z=2544.00] modifiers null
[16Apr2025 19:09:50.714] [Netty Epoll Server IO #2/DEBUG] [atomicstryker.infernalmobs.common.InfernalMobsCore/]: player ServerPlayer['DavidMaster'/423, l='ServerLevel[world]', x=-1748.30, y=-49.00, z=2545.53] from string DavidMaster querying server for mods of entity id 1447
[16Apr2025 19:09:50.714] [Netty Epoll Server IO #2/DEBUG] [atomicstryker.infernalmobs.common.InfernalMobsCore/]: resolves to entity Zombie['Zombie'/1447, l='ServerLevel[world]', x=-1749.59, y=-49.00, z=2542.33] modifiers null
[16Apr2025 19:09:50.972] [Netty Epoll Server IO #2/DEBUG] [atomicstryker.infernalmobs.common.InfernalMobsCore/]: player ServerPlayer['DavidMaster'/423, l='ServerLevel[world]', x=-1748.30, y=-49.00, z=2545.54] from string DavidMaster querying server for mods of entity id 1447
[16Apr2025 19:09:50.972] [Netty Epoll Server IO #2/DEBUG] [atomicstryker.infernalmobs.common.InfernalMobsCore/]: resolves to entity Zombie['Zombie'/1447, l='ServerLevel[world]', x=-1749.59, y=-49.00, z=2542.51] modifiers null
[16Apr2025 19:09:51.238] [Netty Epoll Server IO #2/DEBUG] [atomicstryker.infernalmobs.common.InfernalMobsCore/]: player ServerPlayer['DavidMaster'/423, l='ServerLevel[world]', x=-1748.30, y=-49.00, z=2545.54] from string DavidMaster querying server for mods of entity id 1447
[16Apr2025 19:09:51.238] [Netty Epoll Server IO #2/DEBUG] [atomicstryker.infernalmobs.common.InfernalMobsCore/]: resolves to entity Zombie['Zombie'/1447, l='ServerLevel[world]', x=-1749.93, y=-48.11, z=2542.24] modifiers null
[16Apr2025 19:09:51.489] [Netty Epoll Server IO #2/DEBUG] [atomicstryker.infernalmobs.common.InfernalMobsCore/]: player ServerPlayer['DavidMaster'/423, l='ServerLevel[world]', x=-1748.34, y=-49.00, z=2545.45] from string DavidMaster querying server for mods of entity id 1447
[16Apr2025 19:09:51.489] [Netty Epoll Server IO #2/DEBUG] [atomicstryker.infernalmobs.common.InfernalMobsCore/]: resolves to entity Zombie['Zombie'/1447, l='ServerLevel[world]', x=-1750.17, y=-48.78, z=2542.24] modifiers null
[16Apr2025 19:09:51.653] [Netty Epoll Server IO #2/DEBUG] [atomicstryker.infernalmobs.common.InfernalMobsCore/]: player ServerPlayer['DavidMaster'/423, l='ServerLevel[world]', x=-1748.58, y=-49.00, z=2544.97] from string DavidMaster querying server for mods of entity id 1367
[16Apr2025 19:09:51.653] [Netty Epoll Server IO #2/DEBUG] [atomicstryker.infernalmobs.common.InfernalMobsCore/]: resolves to entity Bat['Bat'/1367, l='ServerLevel[world]', x=-1828.67, y=22.23, z=2543.18] modifiers null
[16Apr2025 19:09:51.664] [Netty Epoll Server IO #2/DEBUG] [atomicstryker.infernalmobs.common.InfernalMobsCore/]: player ServerPlayer['DavidMaster'/423, l='ServerLevel[world]', x=-1748.58, y=-49.00, z=2544.97] from string DavidMaster querying server for mods of entity id 1520
[16Apr2025 19:09:51.664] [Netty Epoll Server IO #2/DEBUG] [atomicstryker.infernalmobs.common.InfernalMobsCore/]: resolves to entity Skeleton['Skeleton'/1520, l='ServerLevel[world]', x=-1795.50, y=16.00, z=2576.50] modifiers null
[16Apr2025 19:09:51.764] [Netty Epoll Server IO #2/DEBUG] [atomicstryker.infernalmobs.common.InfernalMobsCore/]: player ServerPlayer['DavidMaster'/423, l='ServerLevel[world]', x=-1748.86, y=-49.00, z=2544.41] from string DavidMaster querying server for mods of entity id 1447
[16Apr2025 19:09:51.764] [Netty Epoll Server IO #2/DEBUG] [atomicstryker.infernalmobs.common.InfernalMobsCore/]: resolves to entity Zombie['Zombie'/1447, l='ServerLevel[world]', x=-1750.27, y=-49.00, z=2542.24] modifiers null
[16Apr2025 19:09:51.783] [Netty Epoll Server IO #2/DEBUG] [atomicstryker.infernalmobs.common.InfernalMobsCore/]: player ServerPlayer['DavidMaster'/423, l='ServerLevel[world]', x=-1748.86, y=-49.00, z=2544.41] from string DavidMaster querying server for mods of entity id 878
[16Apr2025 19:09:51.783] [Netty Epoll Server IO #2/DEBUG] [atomicstryker.infernalmobs.common.InfernalMobsCore/]: resolves to entity Sheep['Sheep'/878, l='ServerLevel[world]', x=-1846.38, y=84.00, z=2418.62] modifiers null
[16Apr2025 19:09:51.783] [Netty Epoll Server IO #2/DEBUG] [atomicstryker.infernalmobs.common.InfernalMobsCore/]: player ServerPlayer['DavidMaster'/423, l='ServerLevel[world]', x=-1748.86, y=-49.00, z=2544.41] from string DavidMaster querying server for mods of entity id 1367
[16Apr2025 19:09:51.783] [Netty Epoll Server IO #2/DEBUG] [atomicstryker.infernalmobs.common.InfernalMobsCore/]: resolves to entity Bat['Bat'/1367, l='ServerLevel[world]', x=-1829.24, y=21.89, z=2543.69] modifiers null
[16Apr2025 19:09:52.025] [Netty Epoll Server IO #2/DEBUG] [atomicstryker.infernalmobs.common.InfernalMobsCore/]: player ServerPlayer['DavidMaster'/423, l='ServerLevel[world]', x=-1748.89, y=-49.00, z=2544.42] from string DavidMaster querying server for mods of entity id 1447
[16Apr2025 19:09:52.269] [Netty Epoll Server IO #2/DEBUG] [atomicstryker.infernalmobs.common.InfernalMobsCore/]: player ServerPlayer['DavidMaster'/423, l='ServerLevel[world]', x=-1748.87, y=-49.00, z=2544.50] from string DavidMaster querying server for mods of entity id 1521
[16Apr2025 19:09:52.269] [Netty Epoll Server IO #2/DEBUG] [atomicstryker.infernalmobs.common.InfernalMobsCore/]: resolves to entity Bat['Bat'/1521, l='ServerLevel[world]', x=-1708.28, y=-14.71, z=2520.10] modifiers null
[16Apr2025 19:09:52.722] [Server thread/DEBUG] [atomicstryker.infernalmobs.common.InfernalMobsCore/]: entity EnderMan['Enderman'/1531, l='ServerLevel[world]', x=-1889.99, y=75.00, z=2349.08] was spawned in unmodified before, not modifying it
[16Apr2025 19:09:53.135] [Netty Epoll Server IO #2/DEBUG] [atomicstryker.infernalmobs.common.InfernalMobsCore/]: player ServerPlayer['DavidMaster'/423, l='ServerLevel[world]', x=-1750.07, y=-49.00, z=2544.64] from string DavidMaster querying server for mods of entity id 1367
[16Apr2025 19:09:53.135] [Netty Epoll Server IO #2/DEBUG] [atomicstryker.infernalmobs.common.InfernalMobsCore/]: resolves to entity Bat['Bat'/1367, l='ServerLevel[world]', x=-1828.72, y=22.46, z=2542.21] modifiers null
[16Apr2025 19:09:54.821] [Netty Epoll Server IO #2/DEBUG] [atomicstryker.infernalmobs.common.InfernalMobsCore/]: player ServerPlayer['DavidMaster'/423, l='ServerLevel[world]', x=-1748.97, y=-49.00, z=2546.42] from string DavidMaster querying server for mods of entity id 1538
[16Apr2025 19:09:54.821] [Netty Epoll Server IO #2/DEBUG] [atomicstryker.infernalmobs.common.InfernalMobsCore/]: resolves to entity Spider['Spider'/1538, l='ServerLevel[world]', x=-1739.50, y=-25.00, z=2557.50] modifiers null
[16Apr2025 19:09:54.986] [Netty Epoll Server IO #2/DEBUG] [atomicstryker.infernalmobs.common.InfernalMobsCore/]: player ServerPlayer['DavidMaster'/423, l='ServerLevel[world]', x=-1748.97, y=-49.00, z=2546.42] from string DavidMaster querying server for mods of entity id 1539
[16Apr2025 19:09:54.986] [Netty Epoll Server IO #2/DEBUG] [atomicstryker.infernalmobs.common.InfernalMobsCore/]: resolves to entity Spider['Spider'/1539, l='ServerLevel[world]', x=-1661.50, y=-7.00, z=2582.50] modifiers null
[16Apr2025 19:09:55.484] [Netty Epoll Server IO #2/DEBUG] [atomicstryker.infernalmobs.common.InfernalMobsCore/]: player ServerPlayer['DavidMaster'/423, l='ServerLevel[world]', x=-1748.97, y=-49.00, z=2546.42] from string DavidMaster querying server for mods of entity id 1540
[16Apr2025 19:09:55.484] [Netty Epoll Server IO #2/DEBUG] [atomicstryker.infernalmobs.common.InfernalMobsCore/]: resolves to entity Zombie['Zombie'/1540, l='ServerLevel[world]', x=-1766.50, y=-2.00, z=2557.50] modifiers null
[16Apr2025 19:09:55.484] [Netty Epoll Server IO #2/DEBUG] [atomicstryker.infernalmobs.common.InfernalMobsCore/]: player ServerPlayer['DavidMaster'/423, l='ServerLevel[world]', x=-1748.97, y=-49.00, z=2546.42] from string DavidMaster querying server for mods of entity id 1541
[16Apr2025 19:09:55.484] [Netty Epoll Server IO #2/DEBUG] [atomicstryker.infernalmobs.common.InfernalMobsCore/]: resolves to entity Creeper['Creeper'/1541, l='ServerLevel[world]', x=-1764.50, y=-2.00, z=2557.50] modifiers null
[16Apr2025 19:09:55.850] [Netty Epoll Server IO #2/DEBUG] [atomicstryker.infernalmobs.common.InfernalMobsCore/]: player ServerPlayer['DavidMaster'/423, l='ServerLevel[world]', x=-1748.97, y=-49.00, z=2546.42] from string DavidMaster querying server for mods of entity id 1542
[16Apr2025 19:09:55.850] [Netty Epoll Server IO #2/DEBUG] [atomicstryker.infernalmobs.common.InfernalMobsCore/]: resolves to entity Witch['Witch'/1542, l='ServerLevel[world]', x=-1729.50, y=-50.00, z=2528.50] modifiers null
[16Apr2025 19:09:56.601] [Netty Epoll Server IO #2/DEBUG] [atomicstryker.infernalmobs.common.InfernalMobsCore/]: player ServerPlayer['DavidMaster'/423, l='ServerLevel[world]', x=-1748.97, y=-49.00, z=2546.42] from string DavidMaster querying server for mods of entity id 1543
[16Apr2025 19:09:56.601] [Netty Epoll Server IO #2/DEBUG] [atomicstryker.infernalmobs.common.InfernalMobsCore/]: resolves to entity Bat['Bat'/1543, l='ServerLevel[world]', x=-1675.59, y=-47.93, z=2551.64] modifiers null
[16Apr2025 19:09:56.614] [Netty Epoll Server IO #2/DEBUG] [atomicstryker.infernalmobs.common.InfernalMobsCore/]: player ServerPlayer['DavidMaster'/423, l='ServerLevel[world]', x=-1748.97, y=-49.00, z=2546.42] from string DavidMaster querying server for mods of entity id 1544
[16Apr2025 19:09:56.614] [Netty Epoll Server IO #2/DEBUG] [atomicstryker.infernalmobs.common.InfernalMobsCore/]: resolves to entity Bat['Bat'/1544, l='ServerLevel[world]', x=-1674.48, y=-48.00, z=2549.51] modifiers null
[16Apr2025 19:09:56.971] [Netty Epoll Server IO #2/DEBUG] [atomicstryker.infernalmobs.common.InfernalMobsCore/]: player ServerPlayer['DavidMaster'/423, l='ServerLevel[world]', x=-1748.97, y=-49.00, z=2546.42] from string DavidMaster querying server for mods of entity id 1545
[16Apr2025 19:09:56.971] [Netty Epoll Server IO #2/DEBUG] [atomicstryker.infernalmobs.common.InfernalMobsCore/]: resolves to entity Creeper['Creeper'/1545, l='ServerLevel[world]', x=-1636.50, y=-18.00, z=2593.50] modifiers null
[16Apr2025 19:09:57.936] [Netty Epoll Server IO #2/DEBUG] [atomicstryker.infernalmobs.common.InfernalMobsCore/]: player ServerPlayer['DavidMaster'/423, l='ServerLevel[world]', x=-1748.97, y=-49.00, z=2546.42] from string DavidMaster querying server for mods of entity id 1546
[16Apr2025 19:09:57.936] [Netty Epoll Server IO #2/DEBUG] [atomicstryker.infernalmobs.common.InfernalMobsCore/]: resolves to entity Zombie['Zombie'/1546, l='ServerLevel[world]', x=-1758.50, y=-12.00, z=2461.50] modifiers null
[16Apr2025 19:09:58.722] [Netty Epoll Server IO #2/DEBUG] [atomicstryker.infernalmobs.common.InfernalMobsCore/]: player ServerPlayer['DavidMaster'/423, l='ServerLevel[world]', x=-1748.97, y=-49.00, z=2546.42] from string DavidMaster querying server for mods of entity id 1476
[16Apr2025 19:09:58.722] [Netty Epoll Server IO #2/DEBUG] [atomicstryker.infernalmobs.common.InfernalMobsCore/]: resolves to entity SpectralWolf['Spectral Wolf'/1476, l='ServerLevel[world]', x=-1752.08, y=-48.37, z=2546.75] modifiers null
[16Apr2025 19:09:58.986] [Netty Epoll Server IO #2/DEBUG] [atomicstryker.infernalmobs.common.InfernalMobsCore/]: player ServerPlayer['DavidMaster'/423, l='ServerLevel[world]', x=-1748.78, y=-49.00, z=2546.03] from string DavidMaster querying server for mods of entity id 1547
[16Apr2025 19:09:58.986] [Netty Epoll Server IO #2/DEBUG] [atomicstryker.infernalmobs.common.InfernalMobsCore/]: resolves to entity Skeleton['Skeleton'/1547, l='ServerLevel[world]', x=-1722.50, y=2.00, z=2642.50] modifiers null
[16Apr2025 19:09:58.986] [Netty Epoll Server IO #2/DEBUG] [atomicstryker.infernalmobs.common.InfernalMobsCore/]: player ServerPlayer['DavidMaster'/423, l='ServerLevel[world]', x=-1748.78, y=-49.00, z=2546.03] from string DavidMaster querying server for mods of entity id 1548
[16Apr2025 19:09:58.986] [Netty Epoll Server IO #2/DEBUG] [atomicstryker.infernalmobs.common.InfernalMobsCore/]: resolves to entity Skeleton['Skeleton'/1548, l='ServerLevel[world]', x=-1724.50, y=2.00, z=2642.50] modifiers null
[16Apr2025 19:09:58.986] [Netty Epoll Server IO #2/DEBUG] [atomicstryker.infernalmobs.common.InfernalMobsCore/]: player ServerPlayer['DavidMaster'/423, l='ServerLevel[world]', x=-1748.78, y=-49.00, z=2546.03] from string DavidMaster querying server for mods of entity id 1549
[16Apr2025 19:09:58.986] [Netty Epoll Server IO #2/DEBUG] [atomicstryker.infernalmobs.common.InfernalMobsCore/]: resolves to entity Spider['Spider'/1549, l='ServerLevel[world]', x=-1721.50, y=2.00, z=2642.50] modifiers null
[16Apr2025 19:09:59.013] [Netty Epoll Server IO #2/DEBUG] [atomicstryker.infernalmobs.common.InfernalMobsCore/]: player ServerPlayer['DavidMaster'/423, l='ServerLevel[world]', x=-1748.78, y=-49.00, z=2546.03] from string DavidMaster querying server for mods of entity id 1550
[16Apr2025 19:09:59.013] [Netty Epoll Server IO #2/DEBUG] [atomicstryker.infernalmobs.common.InfernalMobsCore/]: resolves to entity Spider['Spider'/1550, l='ServerLevel[world]', x=-1724.50, y=2.00, z=2644.50] modifiers null
[16Apr2025 19:09:59.471] [Netty Epoll Server IO #2/DEBUG] [atomicstryker.infernalmobs.common.InfernalMobsCore/]: player ServerPlayer['DavidMaster'/423, l='ServerLevel[world]', x=-1749.41, y=-49.00, z=2544.22] from string DavidMaster querying server for mods of entity id 878
[16Apr2025 19:09:59.471] [Netty Epoll Server IO #2/DEBUG] [atomicstryker.infernalmobs.common.InfernalMobsCore/]: resolves to entity Sheep['Sheep'/878, l='ServerLevel[world]', x=-1846.38, y=84.00, z=2418.62] modifiers null
[16Apr2025 19:09:59.574] [Server thread/DEBUG] [atomicstryker.infernalmobs.common.InfernalMobsCore/]: entity EnderMan['Enderman'/1561, l='ServerLevel[world]', x=-1889.99, y=75.00, z=2349.08] was spawned in unmodified before, not modifying it
[16Apr2025 19:09:59.802] [Netty Epoll Server IO #2/DEBUG] [atomicstryker.infernalmobs.common.InfernalMobsCore/]: player ServerPlayer['DavidMaster'/423, l='ServerLevel[world]', x=-1750.29, y=-49.00, z=2543.29] from string DavidMaster querying server for mods of entity id 937
[16Apr2025 19:09:59.802] [Netty Epoll Server IO #2/DEBUG] [atomicstryker.infernalmobs.common.InfernalMobsCore/]: resolves to entity Chicken['Chicken'/937, l='ServerLevel[world]', x=-1823.54, y=82.00, z=2401.86] modifiers null
[16Apr2025 19:10:00.084] [Netty Epoll Server IO #2/DEBUG] [atomicstryker.infernalmobs.common.InfernalMobsCore/]: player ServerPlayer['DavidMaster'/423, l='ServerLevel[world]', x=-1751.43, y=-49.00, z=2542.73] from string DavidMaster querying server for mods of entity id 1563
[16Apr2025 19:10:00.084] [Netty Epoll Server IO #2/DEBUG] [atomicstryker.infernalmobs.common.InfernalMobsCore/]: resolves to entity Skeleton['Skeleton'/1563, l='ServerLevel[world]', x=-1728.50, y=64.00, z=2548.50] modifiers null
[16Apr2025 19:10:00.114] [Netty Epoll Server IO #2/DEBUG] [atomicstryker.infernalmobs.common.InfernalMobsCore/]: player ServerPlayer['DavidMaster'/423, l='ServerLevel[world]', x=-1751.43, y=-49.00, z=2542.73] from string DavidMaster querying server for mods of entity id 1564
[16Apr2025 19:10:00.114] [Netty Epoll Server IO #2/DEBUG] [atomicstryker.infernalmobs.common.InfernalMobsCore/]: resolves to entity Skeleton['Skeleton'/1564, l='ServerLevel[world]', x=-1722.50, y=64.00, z=2555.50] modifiers null
[16Apr2025 19:10:01.117] [Netty Epoll Server IO #2/DEBUG] [atomicstryker.infernalmobs.common.InfernalMobsCore/]: player ServerPlayer['DavidMaster'/423, l='ServerLevel[world]', x=-1753.50, y=-49.00, z=2542.68] from string DavidMaster querying server for mods of entity id 1367
[16Apr2025 19:10:01.118] [Netty Epoll Server IO #2/DEBUG] [atomicstryker.infernalmobs.common.InfernalMobsCore/]: resolves to entity Bat['Bat'/1367, l='ServerLevel[world]', x=-1831.72, y=21.23, z=2532.47] modifiers null
[16Apr2025 19:10:01.851] [Netty Epoll Server IO #2/DEBUG] [atomicstryker.infernalmobs.common.InfernalMobsCore/]: player ServerPlayer['DavidMaster'/423, l='ServerLevel[world]', x=-1753.50, y=-49.00, z=2542.68] from string DavidMaster querying server for mods of entity id 1567
[16Apr2025 19:10:01.852] [Netty Epoll Server IO #2/DEBUG] [atomicstryker.infernalmobs.common.InfernalMobsCore/]: resolves to entity Creeper['Creeper'/1567, l='ServerLevel[world]', x=-1784.50, y=-19.00, z=2531.50] modifiers null
[16Apr2025 19:10:02.669] [Netty Epoll Server IO #2/DEBUG] [atomicstryker.infernalmobs.common.InfernalMobsCore/]: player ServerPlayer['DavidMaster'/423, l='ServerLevel[world]', x=-1753.81, y=-49.00, z=2543.49] from string DavidMaster querying server for mods of entity id 1568
[16Apr2025 19:10:02.669] [Netty Epoll Server IO #2/DEBUG] [atomicstryker.infernalmobs.common.InfernalMobsCore/]: resolves to entity Skeleton['Skeleton'/1568, l='ServerLevel[world]', x=-1849.50, y=-41.00, z=2464.50] modifiers null
[16Apr2025 19:10:02.709] [Netty Epoll Server IO #2/DEBUG] [atomicstryker.infernalmobs.common.InfernalMobsCore/]: player ServerPlayer['DavidMaster'/423, l='ServerLevel[world]', x=-1753.81, y=-49.00, z=2543.49] from string DavidMaster querying server for mods of entity id 1569
[16Apr2025 19:10:02.709] [Netty Epoll Server IO #2/DEBUG] [atomicstryker.infernalmobs.common.InfernalMobsCore/]: resolves to entity Skeleton['Skeleton'/1569, l='ServerLevel[world]', x=-1848.50, y=-41.00, z=2465.50] modifiers null
[16Apr2025 19:10:02.840] [Netty Epoll Server IO #2/DEBUG] [atomicstryker.infernalmobs.common.InfernalMobsCore/]: player ServerPlayer['DavidMaster'/423, l='ServerLevel[world]', x=-1753.49, y=-49.00, z=2544.00] from string DavidMaster querying server for mods of entity id 571
[16Apr2025 19:10:02.840] [Netty Epoll Server IO #2/DEBUG] [atomicstryker.infernalmobs.common.InfernalMobsCore/]: resolves to entity Pig['Pig'/571, l='ServerLevel[world]', x=-1903.33, y=77.00, z=2599.64] modifiers null
[16Apr2025 19:10:02.987] [Netty Epoll Server IO #2/DEBUG] [atomicstryker.infernalmobs.common.InfernalMobsCore/]: player ServerPlayer['DavidMaster'/423, l='ServerLevel[world]', x=-1753.11, y=-49.00, z=2544.52] from string DavidMaster querying server for mods of entity id 1571
[16Apr2025 19:10:02.987] [Netty Epoll Server IO #2/DEBUG] [atomicstryker.infernalmobs.common.InfernalMobsCore/]: resolves to entity ZombieVillager['Zombie Villager'/1571, l='ServerLevel[world]', x=-1671.50, y=-36.00, z=2538.50] modifiers null
[16Apr2025 19:10:03.086] [Netty Epoll Server IO #2/DEBUG] [atomicstryker.infernalmobs.common.InfernalMobsCore/]: player ServerPlayer['DavidMaster'/423, l='ServerLevel[world]', x=-1752.81, y=-49.00, z=2544.93] from string DavidMaster querying server for mods of entity id 976
[16Apr2025 19:10:03.086] [Netty Epoll Server IO #2/DEBUG] [atomicstryker.infernalmobs.common.InfernalMobsCore/]: resolves to entity Sheep['Sheep'/976, l='ServerLevel[world]', x=-1593.49, y=67.00, z=2539.19] modifiers null
[16Apr2025 19:10:03.221] [Netty Epoll Server IO #2/DEBUG] [atomicstryker.infernalmobs.common.InfernalMobsCore/]: player ServerPlayer['DavidMaster'/423, l='ServerLevel[world]', x=-1752.25, y=-49.00, z=2545.53] from string DavidMaster querying server for mods of entity id 1476
[16Apr2025 19:10:03.221] [Netty Epoll Server IO #2/DEBUG] [atomicstryker.infernalmobs.common.InfernalMobsCore/]: resolves to entity SpectralWolf['Spectral Wolf'/1476, l='ServerLevel[world]', x=-1748.30, y=-49.00, z=2547.70] modifiers null
[16Apr2025 19:10:03.474] [Netty Epoll Server IO #2/DEBUG] [atomicstryker.infernalmobs.common.InfernalMobsCore/]: player ServerPlayer['DavidMaster'/423, l='ServerLevel[world]', x=-1750.97, y=-49.00, z=2545.98] from string DavidMaster querying server for mods of entity id 1509
[16Apr2025 19:10:03.474] [Netty Epoll Server IO #2/DEBUG] [atomicstryker.infernalmobs.common.InfernalMobsCore/]: resolves to entity Zombie['Zombie'/1509, l='ServerLevel[world]', x=-1749.43, y=-49.00, z=2545.39] modifiers null
[16Apr2025 19:10:03.796] [Netty Epoll Server IO #2/DEBUG] [atomicstryker.infernalmobs.common.InfernalMobsCore/]: player ServerPlayer['DavidMaster'/423, l='ServerLevel[world]', x=-1750.12, y=-49.00, z=2546.16] from string DavidMaster querying server for mods of entity id 1575
[16Apr2025 19:10:03.796] [Netty Epoll Server IO #2/DEBUG] [atomicstryker.infernalmobs.common.InfernalMobsCore/]: resolves to entity Creeper['Creeper'/1575, l='ServerLevel[world]', x=-1763.50, y=1.00, z=2536.50] modifiers null
[16Apr2025 19:10:03.877] [Netty Epoll Server IO #2/DEBUG] [atomicstryker.infernalmobs.common.InfernalMobsCore/]: player ServerPlayer['DavidMaster'/423, l='ServerLevel[world]', x=-1750.10, y=-49.00, z=2546.16] from string DavidMaster querying server for mods of entity id 1509
[16Apr2025 19:10:04.086] [Netty Epoll Server IO #2/DEBUG] [atomicstryker.infernalmobs.common.InfernalMobsCore/]: player ServerPlayer['DavidMaster'/423, l='ServerLevel[world]', x=-1749.75, y=-49.00, z=2546.41] from string DavidMaster querying server for mods of entity id 1576
[16Apr2025 19:10:04.086] [Netty Epoll Server IO #2/DEBUG] [atomicstryker.infernalmobs.common.InfernalMobsCore/]: resolves to entity Skeleton['Skeleton'/1576, l='ServerLevel[world]', x=-1760.50, y=-49.00, z=2512.50] modifiers null
[16Apr2025 19:10:04.401] [Netty Epoll Server IO #2/DEBUG] [atomicstryker.infernalmobs.common.InfernalMobsCore/]: player ServerPlayer['DavidMaster'/423, l='ServerLevel[world]', x=-1749.09, y=-49.00, z=2546.90] from string DavidMaster querying server for mods of entity id 1544
[16Apr2025 19:10:04.401] [Netty Epoll Server IO #2/DEBUG] [atomicstryker.infernalmobs.common.InfernalMobsCore/]: resolves to entity Bat['Bat'/1544, l='ServerLevel[world]', x=-1669.46, y=-46.86, z=2545.75] modifiers null
[16Apr2025 19:10:04.412] [Netty Epoll Server IO #2/DEBUG] [atomicstryker.infernalmobs.common.InfernalMobsCore/]: player ServerPlayer['DavidMaster'/423, l='ServerLevel[world]', x=-1749.09, y=-49.00, z=2546.90] from string DavidMaster querying server for mods of entity id 1577
[16Apr2025 19:10:04.412] [Netty Epoll Server IO #2/DEBUG] [atomicstryker.infernalmobs.common.InfernalMobsCore/]: resolves to entity Spider['Spider'/1577, l='ServerLevel[world]', x=-1810.50, y=-8.00, z=2613.50] modifiers null
[16Apr2025 19:10:04.412] [Netty Epoll Server IO #2/DEBUG] [atomicstryker.infernalmobs.common.InfernalMobsCore/]: player ServerPlayer['DavidMaster'/423, l='ServerLevel[world]', x=-1749.09, y=-49.00, z=2546.90] from string DavidMaster querying server for mods of entity id 1579
[16Apr2025 19:10:04.412] [Netty Epoll Server IO #2/DEBUG] [atomicstryker.infernalmobs.common.InfernalMobsCore/]: resolves to entity Spider['Spider'/1579, l='ServerLevel[world]', x=-1809.50, y=-8.00, z=2615.50] modifiers null
[16Apr2025 19:10:07.069] [Netty Epoll Server IO #2/DEBUG] [atomicstryker.infernalmobs.common.InfernalMobsCore/]: player ServerPlayer['DavidMaster'/423, l='ServerLevel[world]', x=-1749.19, y=-49.00, z=2545.87] from string DavidMaster querying server for mods of entity id 1367
[16Apr2025 19:10:07.069] [Netty Epoll Server IO #2/DEBUG] [atomicstryker.infernalmobs.common.InfernalMobsCore/]: resolves to entity Bat['Bat'/1367, l='ServerLevel[world]', x=-1828.34, y=22.75, z=2540.04] modifiers null
[16Apr2025 19:10:07.237] [Netty Epoll Server IO #2/DEBUG] [atomicstryker.infernalmobs.common.InfernalMobsCore/]: player ServerPlayer['DavidMaster'/423, l='ServerLevel[world]', x=-1749.19, y=-49.00, z=2545.87] from string DavidMaster querying server for mods of entity id 1585
[16Apr2025 19:10:07.237] [Netty Epoll Server IO #2/DEBUG] [atomicstryker.infernalmobs.common.InfernalMobsCore/]: resolves to entity Zombie['Zombie'/1585, l='ServerLevel[world]', x=-1832.50, y=15.00, z=2578.50] modifiers null
[16Apr2025 19:10:07.796] [Netty Epoll Server IO #2/DEBUG] [atomicstryker.infernalmobs.common.InfernalMobsCore/]: player ServerPlayer['DavidMaster'/423, l='ServerLevel[world]', x=-1749.24, y=-49.00, z=2544.55] from string DavidMaster querying server for mods of entity id 878
[16Apr2025 19:10:07.796] [Netty Epoll Server IO #2/DEBUG] [atomicstryker.infernalmobs.common.InfernalMobsCore/]: resolves to entity Sheep['Sheep'/878, l='ServerLevel[world]', x=-1846.38, y=84.00, z=2418.62] modifiers null
[16Apr2025 19:10:08.122] [Netty Epoll Server IO #2/DEBUG] [atomicstryker.infernalmobs.common.InfernalMobsCore/]: player ServerPlayer['DavidMaster'/423, l='ServerLevel[world]', x=-1749.66, y=-49.00, z=2544.40] from string DavidMaster querying server for mods of entity id 1586
[16Apr2025 19:10:08.122] [Netty Epoll Server IO #2/DEBUG] [atomicstryker.infernalmobs.common.InfernalMobsCore/]: resolves to entity Creeper['Creeper'/1586, l='ServerLevel[world]', x=-1794.50, y=-28.00, z=2465.50] modifiers null
[16Apr2025 19:10:09.220] [Server thread/DEBUG] [atomicstryker.infernalmobs.common.InfernalMobsCore/]: entity EnderMan['Enderman'/1596, l='ServerLevel[world]', x=-1889.99, y=75.00, z=2349.08] was spawned in unmodified before, not modifying it
[16Apr2025 19:10:10.193] [Netty Epoll Server IO #2/DEBUG] [atomicstryker.infernalmobs.common.InfernalMobsCore/]: player ServerPlayer['DavidMaster'/423, l='ServerLevel[world]', x=-1750.50, y=-49.00, z=2543.63] from string DavidMaster querying server for mods of entity id 937
[16Apr2025 19:10:10.193] [Netty Epoll Server IO #2/DEBUG] [atomicstryker.infernalmobs.common.InfernalMobsCore/]: resolves to entity Chicken['Chicken'/937, l='ServerLevel[world]', x=-1823.54, y=82.00, z=2401.86] modifiers null
[16Apr2025 19:10:10.518] [Netty Epoll Server IO #2/DEBUG] [atomicstryker.infernalmobs.common.InfernalMobsCore/]: player ServerPlayer['DavidMaster'/423, l='ServerLevel[world]', x=-1751.18, y=-49.00, z=2543.19] from string DavidMaster querying server for mods of entity id 1367
[16Apr2025 19:10:10.518] [Netty Epoll Server IO #2/DEBUG] [atomicstryker.infernalmobs.common.InfernalMobsCore/]: resolves to entity Bat['Bat'/1367, l='ServerLevel[world]', x=-1830.47, y=23.05, z=2540.05] modifiers null
[16Apr2025 19:10:11.885] [Netty Epoll Server IO #2/DEBUG] [atomicstryker.infernalmobs.common.InfernalMobsCore/]: player ServerPlayer['DavidMaster'/423, l='ServerLevel[world]', x=-1751.39, y=-49.00, z=2542.06] from string DavidMaster querying server for mods of entity id 1600
[16Apr2025 19:10:11.885] [Netty Epoll Server IO #2/DEBUG] [atomicstryker.infernalmobs.common.InfernalMobsCore/]: resolves to entity Skeleton['Skeleton'/1600, l='ServerLevel[world]', x=-1706.50, y=-7.00, z=2512.50] modifiers null
[16Apr2025 19:10:11.885] [Netty Epoll Server IO #2/DEBUG] [atomicstryker.infernalmobs.common.InfernalMobsCore/]: player ServerPlayer['DavidMaster'/423, l='ServerLevel[world]', x=-1751.39, y=-49.00, z=2542.06] from string DavidMaster querying server for mods of entity id 1601
[16Apr2025 19:10:11.885] [Netty Epoll Server IO #2/DEBUG] [atomicstryker.infernalmobs.common.InfernalMobsCore/]: resolves to entity Skeleton['Skeleton'/1601, l='ServerLevel[world]', x=-1704.50, y=-7.00, z=2508.50] modifiers null
[16Apr2025 19:10:13.284] [Netty Epoll Server IO #2/DEBUG] [atomicstryker.infernalmobs.common.InfernalMobsCore/]: player ServerPlayer['DavidMaster'/423, l='ServerLevel[world]', x=-1751.39, y=-49.00, z=2542.06] from string DavidMaster querying server for mods of entity id 1602
[16Apr2025 19:10:13.284] [Netty Epoll Server IO #2/DEBUG] [atomicstryker.infernalmobs.common.InfernalMobsCore/]: resolves to entity Skeleton['Skeleton'/1602, l='ServerLevel[world]', x=-1693.50, y=27.00, z=2472.50] modifiers atomicstryker.infernalmobs.common.mods.MM_Rust@7407fe62
[16Apr2025 19:10:13.284] [Netty Epoll Server IO #2/DEBUG] [atomicstryker.infernalmobs.common.InfernalMobsCore/]: server sending mods Rust Quicksand Gravity LifeSteal  for ent-ID 1602
[16Apr2025 19:10:13.284] [Netty Epoll Server IO #2/DEBUG] [atomicstryker.infernalmobs.common.InfernalMobsCore/]: player ServerPlayer['DavidMaster'/423, l='ServerLevel[world]', x=-1751.39, y=-49.00, z=2542.06] from string DavidMaster querying server for mods of entity id 1603
[16Apr2025 19:10:13.284] [Netty Epoll Server IO #2/DEBUG] [atomicstryker.infernalmobs.common.InfernalMobsCore/]: resolves to entity Skeleton['Skeleton'/1603, l='ServerLevel[world]', x=-1692.50, y=27.00, z=2473.50] modifiers null
[16Apr2025 19:10:13.669] [Netty Epoll Server IO #2/DEBUG] [atomicstryker.infernalmobs.common.InfernalMobsCore/]: player ServerPlayer['DavidMaster'/423, l='ServerLevel[world]', x=-1751.39, y=-49.00, z=2542.06] from string DavidMaster querying server for mods of entity id 1367
[16Apr2025 19:10:13.836] [Netty Epoll Server IO #2/DEBUG] [atomicstryker.infernalmobs.common.InfernalMobsCore/]: player ServerPlayer['DavidMaster'/423, l='ServerLevel[world]', x=-1751.39, y=-49.00, z=2542.06] from string DavidMaster querying server for mods of entity id 1604
[16Apr2025 19:10:13.836] [Netty Epoll Server IO #2/DEBUG] [atomicstryker.infernalmobs.common.InfernalMobsCore/]: resolves to entity Bat['Bat'/1604, l='ServerLevel[world]', x=-1753.52, y=-42.88, z=2512.77] modifiers null
[16Apr2025 19:10:14.003] [Netty Epoll Server IO #2/DEBUG] [atomicstryker.infernalmobs.common.InfernalMobsCore/]: player ServerPlayer['DavidMaster'/423, l='ServerLevel[world]', x=-1751.39, y=-49.00, z=2542.06] from string DavidMaster querying server for mods of entity id 1605
[16Apr2025 19:10:14.003] [Netty Epoll Server IO #2/DEBUG] [atomicstryker.infernalmobs.common.InfernalMobsCore/]: resolves to entity Skeleton['Skeleton'/1605, l='ServerLevel[world]', x=-1659.50, y=-8.00, z=2583.50] modifiers null
[16Apr2025 19:10:14.003] [Netty Epoll Server IO #2/DEBUG] [atomicstryker.infernalmobs.common.InfernalMobsCore/]: player ServerPlayer['DavidMaster'/423, l='ServerLevel[world]', x=-1751.39, y=-49.00, z=2542.06] from string DavidMaster querying server for mods of entity id 1606
[16Apr2025 19:10:14.003] [Netty Epoll Server IO #2/DEBUG] [atomicstryker.infernalmobs.common.InfernalMobsCore/]: resolves to entity Zombie['Zombie'/1606, l='ServerLevel[world]', x=-1658.50, y=-8.00, z=2581.50] modifiers null
[16Apr2025 19:10:15.019] [Netty Epoll Server IO #2/DEBUG] [atomicstryker.infernalmobs.common.InfernalMobsCore/]: player ServerPlayer['DavidMaster'/423, l='ServerLevel[world]', x=-1751.21, y=-49.00, z=2543.52] from string DavidMaster querying server for mods of entity id 1612
[16Apr2025 19:10:15.019] [Netty Epoll Server IO #2/DEBUG] [atomicstryker.infernalmobs.common.InfernalMobsCore/]: resolves to entity Zombie['Zombie'/1612, l='ServerLevel[world]', x=-1687.50, y=0.00, z=2535.50] modifiers null
[16Apr2025 19:10:15.521] [Netty Epoll Server IO #2/DEBUG] [atomicstryker.infernalmobs.common.InfernalMobsCore/]: player ServerPlayer['DavidMaster'/423, l='ServerLevel[world]', x=-1751.34, y=-49.00, z=2542.53] from string DavidMaster querying server for mods of entity id 1613
[16Apr2025 19:10:15.521] [Netty Epoll Server IO #2/DEBUG] [atomicstryker.infernalmobs.common.InfernalMobsCore/]: resolves to entity Skeleton['Skeleton'/1613, l='ServerLevel[world]', x=-1764.50, y=-1.00, z=2526.50] modifiers null
[16Apr2025 19:10:16.385] [Netty Epoll Server IO #2/DEBUG] [atomicstryker.infernalmobs.common.InfernalMobsCore/]: player ServerPlayer['DavidMaster'/423, l='ServerLevel[world]', x=-1751.37, y=-49.00, z=2543.13] from string DavidMaster querying server for mods of entity id 1614
[16Apr2025 19:10:16.385] [Netty Epoll Server IO #2/DEBUG] [atomicstryker.infernalmobs.common.InfernalMobsCore/]: resolves to entity Zombie['Zombie'/1614, l='ServerLevel[world]', x=-1751.50, y=-8.00, z=2422.50] modifiers null
[16Apr2025 19:10:17.364] [Netty Epoll Server IO #2/DEBUG] [atomicstryker.infernalmobs.common.InfernalMobsCore/]: player ServerPlayer['DavidMaster'/423, l='ServerLevel[world]', x=-1751.70, y=-49.58, z=2543.30] from string DavidMaster querying server for mods of entity id 1615
[16Apr2025 19:10:17.364] [Netty Epoll Server IO #2/DEBUG] [atomicstryker.infernalmobs.common.InfernalMobsCore/]: resolves to entity Creeper['Creeper'/1615, l='ServerLevel[world]', x=-1809.33, y=-8.00, z=2615.50] modifiers null
[16Apr2025 19:10:17.365] [Netty Epoll Server IO #2/DEBUG] [atomicstryker.infernalmobs.common.InfernalMobsCore/]: player ServerPlayer['DavidMaster'/423, l='ServerLevel[world]', x=-1751.70, y=-49.58, z=2543.30] from string DavidMaster querying server for mods of entity id 1617
[16Apr2025 19:10:17.365] [Netty Epoll Server IO #2/DEBUG] [atomicstryker.infernalmobs.common.InfernalMobsCore/]: resolves to entity Spider['Spider'/1617, l='ServerLevel[world]', x=-1810.35, y=-8.00, z=2615.50] modifiers null
[16Apr2025 19:10:18.134] [Netty Epoll Server IO #2/DEBUG] [atomicstryker.infernalmobs.common.InfernalMobsCore/]: player ServerPlayer['DavidMaster'/423, l='ServerLevel[world]', x=-1751.72, y=-49.00, z=2542.64] from string DavidMaster querying server for mods of entity id 1618
[16Apr2025 19:10:18.134] [Netty Epoll Server IO #2/DEBUG] [atomicstryker.infernalmobs.common.InfernalMobsCore/]: resolves to entity Zombie['Zombie'/1618, l='ServerLevel[world]', x=-1749.50, y=69.00, z=2495.50] modifiers null
[16Apr2025 19:10:20.019] [Netty Epoll Server IO #2/DEBUG] [atomicstryker.infernalmobs.common.InfernalMobsCore/]: player ServerPlayer['DavidMaster'/423, l='ServerLevel[world]', x=-1751.72, y=-49.00, z=2542.64] from string DavidMaster querying server for mods of entity id 1336
[16Apr2025 19:10:20.019] [Netty Epoll Server IO #2/DEBUG] [atomicstryker.infernalmobs.common.InfernalMobsCore/]: resolves to entity Bat['Bat'/1336, l='ServerLevel[world]', x=-1766.53, y=-48.80, z=2620.10] modifiers null
[16Apr2025 19:10:21.096] [Netty Epoll Server IO #2/DEBUG] [atomicstryker.infernalmobs.common.InfernalMobsCore/]: player ServerPlayer['DavidMaster'/423, l='ServerLevel[world]', x=-1751.72, y=-49.00, z=2542.50] from string DavidMaster querying server for mods of entity id 1336
[16Apr2025 19:10:21.096] [Netty Epoll Server IO #2/DEBUG] [atomicstryker.infernalmobs.common.InfernalMobsCore/]: resolves to entity Bat['Bat'/1336, l='ServerLevel[world]', x=-1766.27, y=-50.00, z=2620.34] modifiers null
[16Apr2025 19:10:21.411] [Netty Epoll Server IO #2/DEBUG] [atomicstryker.infernalmobs.common.InfernalMobsCore/]: player ServerPlayer['DavidMaster'/423, l='ServerLevel[world]', x=-1751.73, y=-49.00, z=2542.50] from string DavidMaster querying server for mods of entity id 1619
[16Apr2025 19:10:21.411] [Netty Epoll Server IO #2/DEBUG] [atomicstryker.infernalmobs.common.InfernalMobsCore/]: resolves to entity Zombie['Zombie'/1619, l='ServerLevel[world]', x=-1814.50, y=-28.00, z=2483.50] modifiers null
[16Apr2025 19:10:22.371] [Netty Epoll Server IO #2/DEBUG] [atomicstryker.infernalmobs.common.InfernalMobsCore/]: player ServerPlayer['DavidMaster'/423, l='ServerLevel[world]', x=-1751.73, y=-49.00, z=2542.50] from string DavidMaster querying server for mods of entity id 1620
[16Apr2025 19:10:22.371] [Netty Epoll Server IO #2/DEBUG] [atomicstryker.infernalmobs.common.InfernalMobsCore/]: resolves to entity GlowSquid['Glow Squid'/1620, l='ServerLevel[world]', x=-1754.50, y=10.00, z=2634.50] modifiers null
[16Apr2025 19:10:22.412] [Netty Epoll Server IO #2/DEBUG] [atomicstryker.infernalmobs.common.InfernalMobsCore/]: player ServerPlayer['DavidMaster'/423, l='ServerLevel[world]', x=-1751.73, y=-49.00, z=2542.50] from string DavidMaster querying server for mods of entity id 1621
[16Apr2025 19:10:22.412] [Netty Epoll Server IO #2/DEBUG] [atomicstryker.infernalmobs.common.InfernalMobsCore/]: resolves to entity GlowSquid['Glow Squid'/1621, l='ServerLevel[world]', x=-1756.50, y=10.00, z=2633.50] modifiers null
[16Apr2025 19:10:22.412] [Netty Epoll Server IO #2/DEBUG] [atomicstryker.infernalmobs.common.InfernalMobsCore/]: player ServerPlayer['DavidMaster'/423, l='ServerLevel[world]', x=-1751.73, y=-49.00, z=2542.50] from string DavidMaster querying server for mods of entity id 1622
[16Apr2025 19:10:22.412] [Netty Epoll Server IO #2/DEBUG] [atomicstryker.infernalmobs.common.InfernalMobsCore/]: resolves to entity GlowSquid['Glow Squid'/1622, l='ServerLevel[world]', x=-1754.50, y=10.00, z=2637.50] modifiers null
[16Apr2025 19:10:22.412] [Netty Epoll Server IO #2/DEBUG] [atomicstryker.infernalmobs.common.InfernalMobsCore/]: player ServerPlayer['DavidMaster'/423, l='ServerLevel[world]', x=-1751.73, y=-49.00, z=2542.50] from string DavidMaster querying server for mods of entity id 1623
[16Apr2025 19:10:22.412] [Netty Epoll Server IO #2/DEBUG] [atomicstryker.infernalmobs.common.InfernalMobsCore/]: resolves to entity GlowSquid['Glow Squid'/1623, l='ServerLevel[world]', x=-1752.50, y=10.00, z=2638.50] modifiers null
[16Apr2025 19:10:23.535] [Netty Epoll Server IO #2/DEBUG] [atomicstryker.infernalmobs.common.InfernalMobsCore/]: player ServerPlayer['DavidMaster'/423, l='ServerLevel[world]', x=-1751.73, y=-49.00, z=2542.50] from string DavidMaster querying server for mods of entity id 1624
[16Apr2025 19:10:23.535] [Netty Epoll Server IO #2/DEBUG] [atomicstryker.infernalmobs.common.InfernalMobsCore/]: resolves to entity Skeleton['Skeleton'/1624, l='ServerLevel[world]', x=-1738.50, y=-10.00, z=2607.50] modifiers null
[16Apr2025 19:10:30.236] [Netty Epoll Server IO #2/DEBUG] [atomicstryker.infernalmobs.common.InfernalMobsCore/]: player ServerPlayer['DavidMaster'/423, l='ServerLevel[world]', x=-1751.08, y=-49.00, z=2542.48] from string DavidMaster querying server for mods of entity id 1544
[16Apr2025 19:10:30.236] [Netty Epoll Server IO #2/DEBUG] [atomicstryker.infernalmobs.common.InfernalMobsCore/]: resolves to entity Bat['Bat'/1544, l='ServerLevel[world]', x=-1671.41, y=-47.12, z=2550.74] modifiers null
[16Apr2025 19:10:31.436] [Netty Epoll Server IO #2/DEBUG] [atomicstryker.infernalmobs.common.InfernalMobsCore/]: player ServerPlayer['DavidMaster'/423, l='ServerLevel[world]', x=-1751.08, y=-49.00, z=2542.48] from string DavidMaster querying server for mods of entity id 1626
[16Apr2025 19:10:31.436] [Netty Epoll Server IO #2/DEBUG] [atomicstryker.infernalmobs.common.InfernalMobsCore/]: resolves to entity Skeleton['Skeleton'/1626, l='ServerLevel[world]', x=-1752.50, y=-17.00, z=2598.50] modifiers null
[16Apr2025 19:10:32.336] [Netty Epoll Server IO #2/DEBUG] [atomicstryker.infernalmobs.common.InfernalMobsCore/]: player ServerPlayer['DavidMaster'/423, l='ServerLevel[world]', x=-1751.08, y=-49.00, z=2542.48] from string DavidMaster querying server for mods of entity id 1628
[16Apr2025 19:10:32.337] [Netty Epoll Server IO #2/DEBUG] [atomicstryker.infernalmobs.common.InfernalMobsCore/]: resolves to entity Bat['Bat'/1628, l='ServerLevel[world]', x=-1790.92, y=-32.97, z=2576.92] modifiers null
[16Apr2025 19:10:32.337] [Netty Epoll Server IO #2/DEBUG] [atomicstryker.infernalmobs.common.InfernalMobsCore/]: player ServerPlayer['DavidMaster'/423, l='ServerLevel[world]', x=-1751.08, y=-49.00, z=2542.48] from string DavidMaster querying server for mods of entity id 1629
[16Apr2025 19:10:32.337] [Netty Epoll Server IO #2/DEBUG] [atomicstryker.infernalmobs.common.InfernalMobsCore/]: resolves to entity Bat['Bat'/1629, l='ServerLevel[world]', x=-1795.92, y=-32.83, z=2580.08] modifiers null
[16Apr2025 19:10:32.364] [Netty Epoll Server IO #2/DEBUG] [atomicstryker.infernalmobs.common.InfernalMobsCore/]: player ServerPlayer['DavidMaster'/423, l='ServerLevel[world]', x=-1751.08, y=-49.00, z=2542.48] from string DavidMaster querying server for mods of entity id 1630
[16Apr2025 19:10:32.364] [Netty Epoll Server IO #2/DEBUG] [atomicstryker.infernalmobs.common.InfernalMobsCore/]: resolves to entity Bat['Bat'/1630, l='ServerLevel[world]', x=-1800.46, y=-33.00, z=2576.69] modifiers null
[16Apr2025 19:10:32.364] [Netty Epoll Server IO #2/DEBUG] [atomicstryker.infernalmobs.common.InfernalMobsCore/]: player ServerPlayer['DavidMaster'/423, l='ServerLevel[world]', x=-1751.08, y=-49.00, z=2542.48] from string DavidMaster querying server for mods of entity id 1631
[16Apr2025 19:10:32.364] [Netty Epoll Server IO #2/DEBUG] [atomicstryker.infernalmobs.common.InfernalMobsCore/]: resolves to entity Bat['Bat'/1631, l='ServerLevel[world]', x=-1803.92, y=-32.83, z=2575.08] modifiers null
[16Apr2025 19:10:32.402] [Netty Epoll Server IO #2/DEBUG] [atomicstryker.infernalmobs.common.InfernalMobsCore/]: player ServerPlayer['DavidMaster'/423, l='ServerLevel[world]', x=-1751.08, y=-49.00, z=2542.48] from string DavidMaster querying server for mods of entity id 1632
[16Apr2025 19:10:32.402] [Netty Epoll Server IO #2/DEBUG] [atomicstryker.infernalmobs.common.InfernalMobsCore/]: resolves to entity Spider['Spider'/1632, l='ServerLevel[world]', x=-1741.50, y=-46.00, z=2509.50] modifiers null
[16Apr2025 19:10:33.618] [Netty Epoll Server IO #2/DEBUG] [atomicstryker.infernalmobs.common.InfernalMobsCore/]: player ServerPlayer['DavidMaster'/423, l='ServerLevel[world]', x=-1751.50, y=-49.00, z=2542.51] from string DavidMaster querying server for mods of entity id 1544
[16Apr2025 19:10:33.619] [Netty Epoll Server IO #2/DEBUG] [atomicstryker.infernalmobs.common.InfernalMobsCore/]: resolves to entity Bat['Bat'/1544, l='ServerLevel[world]', x=-1673.00, y=-45.98, z=2548.34] modifiers null
[16Apr2025 19:10:34.486] [Netty Epoll Server IO #2/DEBUG] [atomicstryker.infernalmobs.common.InfernalMobsCore/]: player ServerPlayer['DavidMaster'/423, l='ServerLevel[world]', x=-1751.50, y=-49.00, z=2542.51] from string DavidMaster querying server for mods of entity id 1633
[16Apr2025 19:10:34.486] [Netty Epoll Server IO #2/DEBUG] [atomicstryker.infernalmobs.common.InfernalMobsCore/]: resolves to entity Skeleton['Skeleton'/1633, l='ServerLevel[world]', x=-1704.50, y=-26.00, z=2599.50] modifiers null
[16Apr2025 19:10:35.870] [Netty Epoll Server IO #2/DEBUG] [atomicstryker.infernalmobs.common.InfernalMobsCore/]: player ServerPlayer['DavidMaster'/423, l='ServerLevel[world]', x=-1751.50, y=-49.00, z=2542.51] from string DavidMaster querying server for mods of entity id 1634
[16Apr2025 19:10:35.870] [Netty Epoll Server IO #2/DEBUG] [atomicstryker.infernalmobs.common.InfernalMobsCore/]: resolves to entity Skeleton['Skeleton'/1634, l='ServerLevel[world]', x=-1752.50, y=-26.00, z=2601.50] modifiers null
[16Apr2025 19:10:35.911] [Netty Epoll Server IO #2/DEBUG] [atomicstryker.infernalmobs.common.InfernalMobsCore/]: player ServerPlayer['DavidMaster'/423, l='ServerLevel[world]', x=-1751.50, y=-49.00, z=2542.51] from string DavidMaster querying server for mods of entity id 1544
[16Apr2025 19:10:35.911] [Netty Epoll Server IO #2/DEBUG] [atomicstryker.infernalmobs.common.InfernalMobsCore/]: resolves to entity Bat['Bat'/1544, l='ServerLevel[world]', x=-1671.89, y=-45.23, z=2548.67] modifiers null
[16Apr2025 19:10:36.352] [Netty Epoll Server IO #2/DEBUG] [atomicstryker.infernalmobs.common.InfernalMobsCore/]: player ServerPlayer['DavidMaster'/423, l='ServerLevel[world]', x=-1751.50, y=-49.00, z=2542.51] from string DavidMaster querying server for mods of entity id 1635
[16Apr2025 19:10:36.352] [Netty Epoll Server IO #2/DEBUG] [atomicstryker.infernalmobs.common.InfernalMobsCore/]: resolves to entity Zombie['Zombie'/1635, l='ServerLevel[world]', x=-1764.50, y=-4.00, z=2511.50] modifiers null
[16Apr2025 19:10:36.721] [Netty Epoll Server IO #2/DEBUG] [atomicstryker.infernalmobs.common.InfernalMobsCore/]: player ServerPlayer['DavidMaster'/423, l='ServerLevel[world]', x=-1751.50, y=-49.00, z=2542.51] from string DavidMaster querying server for mods of entity id 1636
[16Apr2025 19:10:36.721] [Netty Epoll Server IO #2/DEBUG] [atomicstryker.infernalmobs.common.InfernalMobsCore/]: resolves to entity Spider['Spider'/1636, l='ServerLevel[world]', x=-1734.50, y=-49.00, z=2518.50] modifiers null
[16Apr2025 19:10:36.891] [Netty Epoll Server IO #2/DEBUG] [atomicstryker.infernalmobs.common.InfernalMobsCore/]: player ServerPlayer['DavidMaster'/423, l='ServerLevel[world]', x=-1751.50, y=-49.00, z=2542.51] from string DavidMaster querying server for mods of entity id 1638
[16Apr2025 19:10:36.891] [Netty Epoll Server IO #2/DEBUG] [atomicstryker.infernalmobs.common.InfernalMobsCore/]: resolves to entity Creeper['Creeper'/1638, l='ServerLevel[world]', x=-1685.50, y=0.00, z=2449.50] modifiers null
[16Apr2025 19:10:37.636] [Netty Epoll Server IO #2/DEBUG] [atomicstryker.infernalmobs.common.InfernalMobsCore/]: player ServerPlayer['DavidMaster'/423, l='ServerLevel[world]', x=-1751.50, y=-49.00, z=2542.51] from string DavidMaster querying server for mods of entity id 1640
[16Apr2025 19:10:37.637] [Netty Epoll Server IO #2/DEBUG] [atomicstryker.infernalmobs.common.InfernalMobsCore/]: resolves to entity Creeper['Creeper'/1640, l='ServerLevel[world]', x=-1711.50, y=-7.00, z=2498.50] modifiers null
[16Apr2025 19:10:38.654] [Netty Epoll Server IO #2/DEBUG] [atomicstryker.infernalmobs.common.InfernalMobsCore/]: player ServerPlayer['DavidMaster'/423, l='ServerLevel[world]', x=-1751.50, y=-49.00, z=2542.51] from string DavidMaster querying server for mods of entity id 1642
[16Apr2025 19:10:38.654] [Netty Epoll Server IO #2/DEBUG] [atomicstryker.infernalmobs.common.InfernalMobsCore/]: resolves to entity Squid['Squid'/1642, l='ServerLevel[world]', x=-1762.50, y=52.00, z=2605.50] modifiers null
[16Apr2025 19:10:38.654] [Netty Epoll Server IO #2/DEBUG] [atomicstryker.infernalmobs.common.InfernalMobsCore/]: player ServerPlayer['DavidMaster'/423, l='ServerLevel[world]', x=-1751.50, y=-49.00, z=2542.51] from string DavidMaster querying server for mods of entity id 1643
[16Apr2025 19:10:38.654] [Netty Epoll Server IO #2/DEBUG] [atomicstryker.infernalmobs.common.InfernalMobsCore/]: resolves to entity Creeper['Creeper'/1643, l='ServerLevel[world]', x=-1730.50, y=-24.00, z=2520.50] modifiers null
[16Apr2025 19:10:39.801] [Netty Epoll Server IO #2/DEBUG] [atomicstryker.infernalmobs.common.InfernalMobsCore/]: player ServerPlayer['DavidMaster'/423, l='ServerLevel[world]', x=-1751.50, y=-49.00, z=2542.51] from string DavidMaster querying server for mods of entity id 1644
[16Apr2025 19:10:39.801] [Netty Epoll Server IO #2/DEBUG] [atomicstryker.infernalmobs.common.InfernalMobsCore/]: resolves to entity Zombie['Zombie'/1644, l='ServerLevel[world]', x=-1694.50, y=-17.00, z=2517.50] modifiers null
[16Apr2025 19:10:40.372] [Netty Epoll Server IO #2/DEBUG] [atomicstryker.infernalmobs.common.InfernalMobsCore/]: player ServerPlayer['DavidMaster'/423, l='ServerLevel[world]', x=-1751.50, y=-49.00, z=2542.51] from string DavidMaster querying server for mods of entity id 1645
[16Apr2025 19:10:40.373] [Netty Epoll Server IO #2/DEBUG] [atomicstryker.infernalmobs.common.InfernalMobsCore/]: resolves to entity Zombie['Zombie'/1645, l='ServerLevel[world]', x=-1703.50, y=-4.00, z=2525.50] modifiers null
[16Apr2025 19:10:40.534] [Netty Epoll Server IO #2/DEBUG] [atomicstryker.infernalmobs.common.InfernalMobsCore/]: player ServerPlayer['DavidMaster'/423, l='ServerLevel[world]', x=-1751.50, y=-49.00, z=2542.51] from string DavidMaster querying server for mods of entity id 1646
[16Apr2025 19:10:40.534] [Netty Epoll Server IO #2/DEBUG] [atomicstryker.infernalmobs.common.InfernalMobsCore/]: resolves to entity Skeleton['Skeleton'/1646, l='ServerLevel[world]', x=-1699.50, y=-13.00, z=2501.50] modifiers null
[16Apr2025 19:10:40.564] [Netty Epoll Server IO #2/DEBUG] [atomicstryker.infernalmobs.common.InfernalMobsCore/]: player ServerPlayer['DavidMaster'/423, l='ServerLevel[world]', x=-1751.50, y=-49.00, z=2542.51] from string DavidMaster querying server for mods of entity id 1647
[16Apr2025 19:10:40.564] [Netty Epoll Server IO #2/DEBUG] [atomicstryker.infernalmobs.common.InfernalMobsCore/]: resolves to entity Skeleton['Skeleton'/1647, l='ServerLevel[world]', x=-1704.50, y=-13.00, z=2502.50] modifiers null
[16Apr2025 19:10:40.834] [Netty Epoll Server IO #2/DEBUG] [atomicstryker.infernalmobs.common.InfernalMobsCore/]: player ServerPlayer['DavidMaster'/423, l='ServerLevel[world]', x=-1751.50, y=-49.00, z=2542.51] from string DavidMaster querying server for mods of entity id 1648
[16Apr2025 19:10:40.834] [Netty Epoll Server IO #2/DEBUG] [atomicstryker.infernalmobs.common.InfernalMobsCore/]: resolves to entity Zombie['Zombie'/1648, l='ServerLevel[world]', x=-1730.50, y=-1.00, z=2532.50] modifiers null
[16Apr2025 19:10:42.123] [Netty Epoll Server IO #2/DEBUG] [atomicstryker.infernalmobs.common.InfernalMobsCore/]: player ServerPlayer['DavidMaster'/423, l='ServerLevel[world]', x=-1751.50, y=-49.00, z=2542.51] from string DavidMaster querying server for mods of entity id 1649
[16Apr2025 19:10:42.123] [Netty Epoll Server IO #2/DEBUG] [atomicstryker.infernalmobs.common.InfernalMobsCore/]: resolves to entity Skeleton['Skeleton'/1649, l='ServerLevel[world]', x=-1698.50, y=-39.00, z=2436.50] modifiers null
[16Apr2025 19:10:42.163] [Netty Epoll Server IO #2/DEBUG] [atomicstryker.infernalmobs.common.InfernalMobsCore/]: player ServerPlayer['DavidMaster'/423, l='ServerLevel[world]', x=-1751.50, y=-49.00, z=2542.51] from string DavidMaster querying server for mods of entity id 1650
[16Apr2025 19:10:42.163] [Netty Epoll Server IO #2/DEBUG] [atomicstryker.infernalmobs.common.InfernalMobsCore/]: resolves to entity Creeper['Creeper'/1650, l='ServerLevel[world]', x=-1700.50, y=-39.00, z=2436.50] modifiers null
[16Apr2025 19:10:42.452] [Netty Epoll Server IO #2/DEBUG] [atomicstryker.infernalmobs.common.InfernalMobsCore/]: player ServerPlayer['DavidMaster'/423, l='ServerLevel[world]', x=-1751.50, y=-49.00, z=2542.51] from string DavidMaster querying server for mods of entity id 1651
[16Apr2025 19:10:42.452] [Netty Epoll Server IO #2/DEBUG] [atomicstryker.infernalmobs.common.InfernalMobsCore/]: resolves to entity Creeper['Creeper'/1651, l='ServerLevel[world]', x=-1699.50, y=22.00, z=2506.50] modifiers null
[16Apr2025 19:10:44.251] [Netty Epoll Server IO #2/DEBUG] [atomicstryker.infernalmobs.common.InfernalMobsCore/]: player ServerPlayer['DavidMaster'/423, l='ServerLevel[world]', x=-1751.50, y=-49.00, z=2542.51] from string DavidMaster querying server for mods of entity id 1652
[16Apr2025 19:10:44.252] [Netty Epoll Server IO #2/DEBUG] [atomicstryker.infernalmobs.common.InfernalMobsCore/]: resolves to entity Creeper['Creeper'/1652, l='ServerLevel[world]', x=-1809.50, y=-37.00, z=2516.50] modifiers null
[16Apr2025 19:10:44.263] [Netty Epoll Server IO #2/DEBUG] [atomicstryker.infernalmobs.common.InfernalMobsCore/]: player ServerPlayer['DavidMaster'/423, l='ServerLevel[world]', x=-1751.50, y=-49.00, z=2542.51] from string DavidMaster querying server for mods of entity id 1653
[16Apr2025 19:10:44.263] [Netty Epoll Server IO #2/DEBUG] [atomicstryker.infernalmobs.common.InfernalMobsCore/]: resolves to entity EnderMan['Enderman'/1653, l='ServerLevel[world]', x=-1827.50, y=-29.00, z=2491.50] modifiers null
[16Apr2025 19:10:44.264] [Netty Epoll Server IO #2/DEBUG] [atomicstryker.infernalmobs.common.InfernalMobsCore/]: player ServerPlayer['DavidMaster'/423, l='ServerLevel[world]', x=-1751.50, y=-49.00, z=2542.51] from string DavidMaster querying server for mods of entity id 1654
[16Apr2025 19:10:44.264] [Netty Epoll Server IO #2/DEBUG] [atomicstryker.infernalmobs.common.InfernalMobsCore/]: resolves to entity Zombie['Zombie'/1654, l='ServerLevel[world]', x=-1840.50, y=-29.00, z=2486.50] modifiers null
[16Apr2025 19:10:44.264] [Netty Epoll Server IO #2/DEBUG] [atomicstryker.infernalmobs.common.InfernalMobsCore/]: player ServerPlayer['DavidMaster'/423, l='ServerLevel[world]', x=-1751.50, y=-49.00, z=2542.51] from string DavidMaster querying server for mods of entity id 1655
[16Apr2025 19:10:44.264] [Netty Epoll Server IO #2/DEBUG] [atomicstryker.infernalmobs.common.InfernalMobsCore/]: resolves to entity Spider['Spider'/1655, l='ServerLevel[world]', x=-1834.50, y=-29.00, z=2488.50] modifiers null
[16Apr2025 19:10:45.924] [Netty Epoll Server IO #2/DEBUG] [atomicstryker.infernalmobs.common.InfernalMobsCore/]: player ServerPlayer['DavidMaster'/423, l='ServerLevel[world]', x=-1751.50, y=-49.00, z=2542.51] from string DavidMaster querying server for mods of entity id 1656
[16Apr2025 19:10:45.924] [Netty Epoll Server IO #2/DEBUG] [atomicstryker.infernalmobs.common.InfernalMobsCore/]: resolves to entity Spider['Spider'/1656, l='ServerLevel[world]', x=-1685.50, y=48.00, z=2556.50] modifiers null
[16Apr2025 19:10:46.185] [Netty Epoll Server IO #2/DEBUG] [atomicstryker.infernalmobs.common.InfernalMobsCore/]: player ServerPlayer['DavidMaster'/423, l='ServerLevel[world]', x=-1751.50, y=-49.00, z=2542.51] from string DavidMaster querying server for mods of entity id 1657
[16Apr2025 19:10:46.186] [Netty Epoll Server IO #2/DEBUG] [atomicstryker.infernalmobs.common.InfernalMobsCore/]: resolves to entity EnderMan['Enderman'/1657, l='ServerLevel[world]', x=-1710.50, y=-41.00, z=2453.50] modifiers null
[16Apr2025 19:10:46.585] [Netty Epoll Server IO #2/DEBUG] [atomicstryker.infernalmobs.common.InfernalMobsCore/]: player ServerPlayer['DavidMaster'/423, l='ServerLevel[world]', x=-1751.50, y=-49.00, z=2542.51] from string DavidMaster querying server for mods of entity id 1658
[16Apr2025 19:10:46.586] [Netty Epoll Server IO #2/DEBUG] [atomicstryker.infernalmobs.common.InfernalMobsCore/]: resolves to entity Bat['Bat'/1658, l='ServerLevel[world]', x=-1796.37, y=-10.00, z=2574.49] modifiers null
[16Apr2025 19:10:46.586] [Netty Epoll Server IO #2/DEBUG] [atomicstryker.infernalmobs.common.InfernalMobsCore/]: player ServerPlayer['DavidMaster'/423, l='ServerLevel[world]', x=-1751.50, y=-49.00, z=2542.51] from string DavidMaster querying server for mods of entity id 1659
[16Apr2025 19:10:46.586] [Netty Epoll Server IO #2/DEBUG] [atomicstryker.infernalmobs.common.InfernalMobsCore/]: resolves to entity Bat['Bat'/1659, l='ServerLevel[world]', x=-1799.59, y=-10.00, z=2572.44] modifiers null
[16Apr2025 19:10:46.614] [Netty Epoll Server IO #2/DEBUG] [atomicstryker.infernalmobs.common.InfernalMobsCore/]: player ServerPlayer['DavidMaster'/423, l='ServerLevel[world]', x=-1751.50, y=-49.00, z=2542.51] from string DavidMaster querying server for mods of entity id 1660
[16Apr2025 19:10:46.615] [Netty Epoll Server IO #2/DEBUG] [atomicstryker.infernalmobs.common.InfernalMobsCore/]: resolves to entity Bat['Bat'/1660, l='ServerLevel[world]', x=-1800.92, y=-9.83, z=2567.25] modifiers null
[16Apr2025 19:10:46.615] [Netty Epoll Server IO #2/DEBUG] [atomicstryker.infernalmobs.common.InfernalMobsCore/]: player ServerPlayer['DavidMaster'/423, l='ServerLevel[world]', x=-1751.50, y=-49.00, z=2542.51] from string DavidMaster querying server for mods of entity id 1661
[16Apr2025 19:10:46.615] [Netty Epoll Server IO #2/DEBUG] [atomicstryker.infernalmobs.common.InfernalMobsCore/]: resolves to entity Bat['Bat'/1661, l='ServerLevel[world]', x=-1801.24, y=-9.97, z=2568.58] modifiers null
[16Apr2025 19:10:48.636] [Netty Epoll Server IO #2/DEBUG] [atomicstryker.infernalmobs.common.InfernalMobsCore/]: player ServerPlayer['DavidMaster'/423, l='ServerLevel[world]', x=-1751.50, y=-49.00, z=2542.51] from string DavidMaster querying server for mods of entity id 1662
[16Apr2025 19:10:48.636] [Netty Epoll Server IO #2/DEBUG] [atomicstryker.infernalmobs.common.InfernalMobsCore/]: resolves to entity Skeleton['Skeleton'/1662, l='ServerLevel[world]', x=-1763.50, y=-40.00, z=2511.50] modifiers null
[16Apr2025 19:10:51.186] [Netty Epoll Server IO #2/DEBUG] [atomicstryker.infernalmobs.common.InfernalMobsCore/]: player ServerPlayer['DavidMaster'/423, l='ServerLevel[world]', x=-1751.50, y=-49.00, z=2542.51] from string DavidMaster querying server for mods of entity id 1663
[16Apr2025 19:10:51.187] [Netty Epoll Server IO #2/DEBUG] [atomicstryker.infernalmobs.common.InfernalMobsCore/]: resolves to entity EnderMan['Enderman'/1663, l='ServerLevel[world]', x=-1742.50, y=-1.00, z=2502.50] modifiers null
[16Apr2025 19:10:51.337] [Netty Epoll Server IO #2/DEBUG] [atomicstryker.infernalmobs.common.InfernalMobsCore/]: player ServerPlayer['DavidMaster'/423, l='ServerLevel[world]', x=-1751.50, y=-49.00, z=2542.51] from string DavidMaster querying server for mods of entity id 1664
[16Apr2025 19:10:51.337] [Netty Epoll Server IO #2/DEBUG] [atomicstryker.infernalmobs.common.InfernalMobsCore/]: resolves to entity Creeper['Creeper'/1664, l='ServerLevel[world]', x=-1681.50, y=7.00, z=2628.50] modifiers null
[16Apr2025 19:10:51.673] [Netty Epoll Server IO #2/DEBUG] [atomicstryker.infernalmobs.common.InfernalMobsCore/]: player ServerPlayer['DavidMaster'/423, l='ServerLevel[world]', x=-1751.50, y=-49.00, z=2542.51] from string DavidMaster querying server for mods of entity id 1665
[16Apr2025 19:10:51.673] [Netty Epoll Server IO #2/DEBUG] [atomicstryker.infernalmobs.common.InfernalMobsCore/]: resolves to entity Creeper['Creeper'/1665, l='ServerLevel[world]', x=-1660.50, y=-53.00, z=2553.50] modifiers null
[16Apr2025 19:10:51.673] [Netty Epoll Server IO #2/DEBUG] [atomicstryker.infernalmobs.common.InfernalMobsCore/]: player ServerPlayer['DavidMaster'/423, l='ServerLevel[world]', x=-1751.50, y=-49.00, z=2542.51] from string DavidMaster querying server for mods of entity id 1666
[16Apr2025 19:10:51.673] [Netty Epoll Server IO #2/DEBUG] [atomicstryker.infernalmobs.common.InfernalMobsCore/]: resolves to entity Creeper['Creeper'/1666, l='ServerLevel[world]', x=-1661.50, y=-53.00, z=2553.50] modifiers atomicstryker.infernalmobs.common.mods.MM_Sprint@705974eb
[16Apr2025 19:10:51.673] [Netty Epoll Server IO #2/DEBUG] [atomicstryker.infernalmobs.common.InfernalMobsCore/]: server sending mods Sprint Fiery  for ent-ID 1666
[16Apr2025 19:10:51.676] [Netty Epoll Server IO #2/DEBUG] [atomicstryker.infernalmobs.common.InfernalMobsCore/]: player ServerPlayer['DavidMaster'/423, l='ServerLevel[world]', x=-1751.50, y=-49.00, z=2542.51] from string DavidMaster querying server for mods of entity id 1667
[16Apr2025 19:10:51.677] [Netty Epoll Server IO #2/DEBUG] [atomicstryker.infernalmobs.common.InfernalMobsCore/]: resolves to entity Creeper['Creeper'/1667, l='ServerLevel[world]', x=-1663.50, y=-53.00, z=2555.50] modifiers null
[16Apr2025 19:10:57.679] [Netty Epoll Server IO #2/DEBUG] [atomicstryker.infernalmobs.common.InfernalMobsCore/]: player ServerPlayer['DavidMaster'/423, l='ServerLevel[world]', x=-1751.50, y=-49.00, z=2542.51] from string DavidMaster querying server for mods of entity id 1668
[16Apr2025 19:10:57.679] [Netty Epoll Server IO #2/DEBUG] [atomicstryker.infernalmobs.common.InfernalMobsCore/]: resolves to entity Zombie['Zombie'/1668, l='ServerLevel[world]', x=-1726.50, y=-20.00, z=2507.50] modifiers null
[16Apr2025 19:10:57.679] [Netty Epoll Server IO #2/DEBUG] [atomicstryker.infernalmobs.common.InfernalMobsCore/]: player ServerPlayer['DavidMaster'/423, l='ServerLevel[world]', x=-1751.50, y=-49.00, z=2542.51] from string DavidMaster querying server for mods of entity id 1669
[16Apr2025 19:10:57.679] [Netty Epoll Server IO #2/DEBUG] [atomicstryker.infernalmobs.common.InfernalMobsCore/]: resolves to entity Zombie['Zombie'/1669, l='ServerLevel[world]', x=-1726.50, y=-20.00, z=2506.50] modifiers null
[16Apr2025 19:11:00.136] [Netty Epoll Server IO #2/DEBUG] [atomicstryker.infernalmobs.common.InfernalMobsCore/]: player ServerPlayer['DavidMaster'/423, l='ServerLevel[world]', x=-1751.50, y=-49.00, z=2542.51] from string DavidMaster querying server for mods of entity id 1670
[16Apr2025 19:11:00.137] [Netty Epoll Server IO #2/DEBUG] [atomicstryker.infernalmobs.common.InfernalMobsCore/]: resolves to entity Squid['Squid'/1670, l='ServerLevel[world]', x=-1753.50, y=51.00, z=2609.50] modifiers null
[16Apr2025 19:11:00.137] [Netty Epoll Server IO #2/DEBUG] [atomicstryker.infernalmobs.common.InfernalMobsCore/]: player ServerPlayer['DavidMaster'/423, l='ServerLevel[world]', x=-1751.50, y=-49.00, z=2542.51] from string DavidMaster querying server for mods of entity id 1671
[16Apr2025 19:11:00.137] [Netty Epoll Server IO #2/DEBUG] [atomicstryker.infernalmobs.common.InfernalMobsCore/]: resolves to entity Squid['Squid'/1671, l='ServerLevel[world]', x=-1755.50, y=51.00, z=2607.50] modifiers null
[16Apr2025 19:11:00.164] [Netty Epoll Server IO #2/DEBUG] [atomicstryker.infernalmobs.common.InfernalMobsCore/]: player ServerPlayer['DavidMaster'/423, l='ServerLevel[world]', x=-1751.50, y=-49.00, z=2542.51] from string DavidMaster querying server for mods of entity id 1672
[16Apr2025 19:11:00.164] [Netty Epoll Server IO #2/DEBUG] [atomicstryker.infernalmobs.common.InfernalMobsCore/]: resolves to entity Squid['Squid'/1672, l='ServerLevel[world]', x=-1758.50, y=51.00, z=2603.50] modifiers null
[16Apr2025 19:11:00.164] [Netty Epoll Server IO #2/DEBUG] [atomicstryker.infernalmobs.common.InfernalMobsCore/]: player ServerPlayer['DavidMaster'/423, l='ServerLevel[world]', x=-1751.50, y=-49.00, z=2542.51] from string DavidMaster querying server for mods of entity id 1673
[16Apr2025 19:11:00.164] [Netty Epoll Server IO #2/DEBUG] [atomicstryker.infernalmobs.common.InfernalMobsCore/]: resolves to entity Squid['Squid'/1673, l='ServerLevel[world]', x=-1757.50, y=51.00, z=2609.50] modifiers null
[16Apr2025 19:11:02.235] [Netty Epoll Server IO #2/DEBUG] [atomicstryker.infernalmobs.common.InfernalMobsCore/]: player ServerPlayer['DavidMaster'/423, l='ServerLevel[world]', x=-1751.50, y=-49.00, z=2542.51] from string DavidMaster querying server for mods of entity id 1674
[16Apr2025 19:11:02.235] [Netty Epoll Server IO #2/DEBUG] [atomicstryker.infernalmobs.common.InfernalMobsCore/]: resolves to entity GlowSquid['Glow Squid'/1674, l='ServerLevel[world]', x=-1850.50, y=-31.00, z=2588.50] modifiers null
[16Apr2025 19:11:04.385] [Netty Epoll Server IO #2/DEBUG] [atomicstryker.infernalmobs.common.InfernalMobsCore/]: player ServerPlayer['DavidMaster'/423, l='ServerLevel[world]', x=-1751.50, y=-49.00, z=2542.51] from string DavidMaster querying server for mods of entity id 1675
[16Apr2025 19:11:04.385] [Netty Epoll Server IO #2/DEBUG] [atomicstryker.infernalmobs.common.InfernalMobsCore/]: resolves to entity Skeleton['Skeleton'/1675, l='ServerLevel[world]', x=-1729.50, y=-25.00, z=2555.50] modifiers null
[16Apr2025 19:11:04.385] [Netty Epoll Server IO #2/DEBUG] [atomicstryker.infernalmobs.common.InfernalMobsCore/]: player ServerPlayer['DavidMaster'/423, l='ServerLevel[world]', x=-1751.50, y=-49.00, z=2542.51] from string DavidMaster querying server for mods of entity id 1676
[16Apr2025 19:11:04.385] [Netty Epoll Server IO #2/DEBUG] [atomicstryker.infernalmobs.common.InfernalMobsCore/]: resolves to entity Skeleton['Skeleton'/1676, l='ServerLevel[world]', x=-1736.50, y=-25.00, z=2554.50] modifiers null
[16Apr2025 19:11:05.986] [Netty Epoll Server IO #2/DEBUG] [atomicstryker.infernalmobs.common.InfernalMobsCore/]: player ServerPlayer['DavidMaster'/423, l='ServerLevel[world]', x=-1751.50, y=-49.00, z=2542.51] from string DavidMaster querying server for mods of entity id 1677
[16Apr2025 19:11:05.986] [Netty Epoll Server IO #2/DEBUG] [atomicstryker.infernalmobs.common.InfernalMobsCore/]: resolves to entity Skeleton['Skeleton'/1677, l='ServerLevel[world]', x=-1717.50, y=65.00, z=2550.50] modifiers null
[16Apr2025 19:11:06.435] [Netty Epoll Server IO #2/DEBUG] [atomicstryker.infernalmobs.common.InfernalMobsCore/]: player ServerPlayer['DavidMaster'/423, l='ServerLevel[world]', x=-1751.50, y=-49.00, z=2542.51] from string DavidMaster querying server for mods of entity id 1678
[16Apr2025 19:11:06.435] [Netty Epoll Server IO #2/DEBUG] [atomicstryker.infernalmobs.common.InfernalMobsCore/]: resolves to entity GlowSquid['Glow Squid'/1678, l='ServerLevel[world]', x=-1850.50, y=11.00, z=2503.50] modifiers null
[16Apr2025 19:11:06.435] [Netty Epoll Server IO #2/DEBUG] [atomicstryker.infernalmobs.common.InfernalMobsCore/]: player ServerPlayer['DavidMaster'/423, l='ServerLevel[world]', x=-1751.50, y=-49.00, z=2542.51] from string DavidMaster querying server for mods of entity id 1679
[16Apr2025 19:11:06.435] [Netty Epoll Server IO #2/DEBUG] [atomicstryker.infernalmobs.common.InfernalMobsCore/]: resolves to entity GlowSquid['Glow Squid'/1679, l='ServerLevel[world]', x=-1849.50, y=11.00, z=2501.50] modifiers null
[16Apr2025 19:11:06.464] [Netty Epoll Server IO #2/DEBUG] [atomicstryker.infernalmobs.common.InfernalMobsCore/]: player ServerPlayer['DavidMaster'/423, l='ServerLevel[world]', x=-1751.50, y=-49.00, z=2542.51] from string DavidMaster querying server for mods of entity id 1680
[16Apr2025 19:11:06.464] [Netty Epoll Server IO #2/DEBUG] [atomicstryker.infernalmobs.common.InfernalMobsCore/]: resolves to entity GlowSquid['Glow Squid'/1680, l='ServerLevel[world]', x=-1849.50, y=11.00, z=2506.50] modifiers null
[16Apr2025 19:11:06.588] [Netty Epoll Server IO #2/DEBUG] [atomicstryker.infernalmobs.common.InfernalMobsCore/]: player ServerPlayer['DavidMaster'/423, l='ServerLevel[world]', x=-1751.50, y=-49.00, z=2542.51] from string DavidMaster querying server for mods of entity id 1681
[16Apr2025 19:11:06.588] [Netty Epoll Server IO #2/DEBUG] [atomicstryker.infernalmobs.common.InfernalMobsCore/]: resolves to entity GlowSquid['Glow Squid'/1681, l='ServerLevel[world]', x=-1849.50, y=11.00, z=2510.50] modifiers null
[16Apr2025 19:11:07.741] [Netty Epoll Server IO #2/DEBUG] [atomicstryker.infernalmobs.common.InfernalMobsCore/]: player ServerPlayer['DavidMaster'/423, l='ServerLevel[world]', x=-1751.50, y=-49.00, z=2542.51] from string DavidMaster querying server for mods of entity id 1682
[16Apr2025 19:11:07.741] [Netty Epoll Server IO #2/DEBUG] [atomicstryker.infernalmobs.common.InfernalMobsCore/]: resolves to entity Creeper['Creeper'/1682, l='ServerLevel[world]', x=-1712.50, y=-32.00, z=2567.50] modifiers null
[16Apr2025 19:11:07.763] [Netty Epoll Server IO #2/DEBUG] [atomicstryker.infernalmobs.common.InfernalMobsCore/]: player ServerPlayer['DavidMaster'/423, l='ServerLevel[world]', x=-1751.50, y=-49.00, z=2542.51] from string DavidMaster querying server for mods of entity id 1683
[16Apr2025 19:11:07.763] [Netty Epoll Server IO #2/DEBUG] [atomicstryker.infernalmobs.common.InfernalMobsCore/]: resolves to entity Skeleton['Skeleton'/1683, l='ServerLevel[world]', x=-1735.50, y=-38.00, z=2580.50] modifiers null
[16Apr2025 19:11:07.985] [Netty Epoll Server IO #2/DEBUG] [atomicstryker.infernalmobs.common.InfernalMobsCore/]: player ServerPlayer['DavidMaster'/423, l='ServerLevel[world]', x=-1751.50, y=-49.00, z=2542.51] from string DavidMaster querying server for mods of entity id 1684
[16Apr2025 19:11:07.985] [Netty Epoll Server IO #2/DEBUG] [atomicstryker.infernalmobs.common.InfernalMobsCore/]: resolves to entity Skeleton['Skeleton'/1684, l='ServerLevel[world]', x=-1829.50, y=-40.00, z=2473.50] modifiers null
[16Apr2025 19:11:08.536] [Netty Epoll Server IO #2/DEBUG] [atomicstryker.infernalmobs.common.InfernalMobsCore/]: player ServerPlayer['DavidMaster'/423, l='ServerLevel[world]', x=-1751.50, y=-49.00, z=2542.51] from string DavidMaster querying server for mods of entity id 1685
[16Apr2025 19:11:08.536] [Netty Epoll Server IO #2/DEBUG] [atomicstryker.infernalmobs.common.InfernalMobsCore/]: resolves to entity Skeleton['Skeleton'/1685, l='ServerLevel[world]', x=-1802.50, y=-14.00, z=2488.50] modifiers null
[16Apr2025 19:11:09.338] [Netty Epoll Server IO #2/DEBUG] [atomicstryker.infernalmobs.common.InfernalMobsCore/]: player ServerPlayer['DavidMaster'/423, l='ServerLevel[world]', x=-1751.50, y=-49.00, z=2542.51] from string DavidMaster querying server for mods of entity id 1686
[16Apr2025 19:11:09.338] [Netty Epoll Server IO #2/DEBUG] [atomicstryker.infernalmobs.common.InfernalMobsCore/]: resolves to entity Zombie['Zombie'/1686, l='ServerLevel[world]', x=-1795.50, y=63.00, z=2551.50] modifiers null
[16Apr2025 19:11:09.338] [Netty Epoll Server IO #2/DEBUG] [atomicstryker.infernalmobs.common.InfernalMobsCore/]: player ServerPlayer['DavidMaster'/423, l='ServerLevel[world]', x=-1751.50, y=-49.00, z=2542.51] from string DavidMaster querying server for mods of entity id 1687
[16Apr2025 19:11:09.338] [Netty Epoll Server IO #2/DEBUG] [atomicstryker.infernalmobs.common.InfernalMobsCore/]: resolves to entity Zombie['Zombie'/1687, l='ServerLevel[world]', x=-1794.50, y=63.00, z=2552.50] modifiers null
[16Apr2025 19:11:09.363] [Netty Epoll Server IO #2/DEBUG] [atomicstryker.infernalmobs.common.InfernalMobsCore/]: player ServerPlayer['DavidMaster'/423, l='ServerLevel[world]', x=-1751.50, y=-49.00, z=2542.51] from string DavidMaster querying server for mods of entity id 1688
[16Apr2025 19:11:09.363] [Netty Epoll Server IO #2/DEBUG] [atomicstryker.infernalmobs.common.InfernalMobsCore/]: resolves to entity Creeper['Creeper'/1688, l='ServerLevel[world]', x=-1804.50, y=63.00, z=2559.50] modifiers atomicstryker.infernalmobs.common.mods.MM_Sapper@3a2412cc
[16Apr2025 19:11:09.363] [Netty Epoll Server IO #2/DEBUG] [atomicstryker.infernalmobs.common.InfernalMobsCore/]: server sending mods Sapper Fiery  for ent-ID 1688
[16Apr2025 19:11:10.200] [Netty Epoll Server IO #2/DEBUG] [atomicstryker.infernalmobs.common.InfernalMobsCore/]: player ServerPlayer['DavidMaster'/423, l='ServerLevel[world]', x=-1751.50, y=-49.00, z=2542.51] from string DavidMaster querying server for mods of entity id 1689
[16Apr2025 19:11:10.200] [Netty Epoll Server IO #2/DEBUG] [atomicstryker.infernalmobs.common.InfernalMobsCore/]: resolves to entity Drowned['Drowned'/1689, l='ServerLevel[world]', x=-1759.50, y=18.01, z=2536.50] modifiers null
[16Apr2025 19:11:10.685] [Netty Epoll Server IO #2/DEBUG] [atomicstryker.infernalmobs.common.InfernalMobsCore/]: player ServerPlayer['DavidMaster'/423, l='ServerLevel[world]', x=-1751.50, y=-49.00, z=2542.51] from string DavidMaster querying server for mods of entity id 1690
[16Apr2025 19:11:10.685] [Netty Epoll Server IO #2/DEBUG] [atomicstryker.infernalmobs.common.InfernalMobsCore/]: resolves to entity Zombie['Zombie'/1690, l='ServerLevel[world]', x=-1850.50, y=-40.00, z=2472.50] modifiers null
[16Apr2025 19:11:10.852] [Netty Epoll Server IO #2/DEBUG] [atomicstryker.infernalmobs.common.InfernalMobsCore/]: player ServerPlayer['DavidMaster'/423, l='ServerLevel[world]', x=-1751.50, y=-49.00, z=2542.51] from string DavidMaster querying server for mods of entity id 1691
[16Apr2025 19:11:10.852] [Netty Epoll Server IO #2/DEBUG] [atomicstryker.infernalmobs.common.InfernalMobsCore/]: resolves to entity Skeleton['Skeleton'/1691, l='ServerLevel[world]', x=-1762.50, y=-7.00, z=2458.50] modifiers null
[16Apr2025 19:11:12.236] [Netty Epoll Server IO #2/DEBUG] [atomicstryker.infernalmobs.common.InfernalMobsCore/]: player ServerPlayer['DavidMaster'/423, l='ServerLevel[world]', x=-1751.50, y=-49.00, z=2542.51] from string DavidMaster querying server for mods of entity id 1692
[16Apr2025 19:11:12.236] [Netty Epoll Server IO #2/DEBUG] [atomicstryker.infernalmobs.common.InfernalMobsCore/]: resolves to entity Bat['Bat'/1692, l='ServerLevel[world]', x=-1815.09, y=-48.91, z=2573.91] modifiers null
[16Apr2025 19:11:12.263] [Netty Epoll Server IO #2/DEBUG] [atomicstryker.infernalmobs.common.InfernalMobsCore/]: player ServerPlayer['DavidMaster'/423, l='ServerLevel[world]', x=-1751.50, y=-49.00, z=2542.51] from string DavidMaster querying server for mods of entity id 1693
[16Apr2025 19:11:12.263] [Netty Epoll Server IO #2/DEBUG] [atomicstryker.infernalmobs.common.InfernalMobsCore/]: resolves to entity Bat['Bat'/1693, l='ServerLevel[world]', x=-1813.23, y=-48.77, z=2572.91] modifiers null
[16Apr2025 19:11:12.264] [Netty Epoll Server IO #2/DEBUG] [atomicstryker.infernalmobs.common.InfernalMobsCore/]: player ServerPlayer['DavidMaster'/423, l='ServerLevel[world]', x=-1751.50, y=-49.00, z=2542.51] from string DavidMaster querying server for mods of entity id 1694
[16Apr2025 19:11:12.264] [Netty Epoll Server IO #2/DEBUG] [atomicstryker.infernalmobs.common.InfernalMobsCore/]: resolves to entity Bat['Bat'/1694, l='ServerLevel[world]', x=-1812.74, y=-48.83, z=2576.02] modifiers null
[16Apr2025 19:11:12.636] [Netty Epoll Server IO #2/DEBUG] [atomicstryker.infernalmobs.common.InfernalMobsCore/]: player ServerPlayer['DavidMaster'/423, l='ServerLevel[world]', x=-1751.50, y=-49.00, z=2542.51] from string DavidMaster querying server for mods of entity id 1695
[16Apr2025 19:11:12.636] [Netty Epoll Server IO #2/DEBUG] [atomicstryker.infernalmobs.common.InfernalMobsCore/]: resolves to entity Skeleton['Skeleton'/1695, l='ServerLevel[world]', x=-1682.50, y=-20.00, z=2510.50] modifiers null
[16Apr2025 19:11:12.664] [Netty Epoll Server IO #2/DEBUG] [atomicstryker.infernalmobs.common.InfernalMobsCore/]: player ServerPlayer['DavidMaster'/423, l='ServerLevel[world]', x=-1751.50, y=-49.00, z=2542.51] from string DavidMaster querying server for mods of entity id 1696
[16Apr2025 19:11:12.664] [Netty Epoll Server IO #2/DEBUG] [atomicstryker.infernalmobs.common.InfernalMobsCore/]: resolves to entity Skeleton['Skeleton'/1696, l='ServerLevel[world]', x=-1681.50, y=-20.00, z=2509.50] modifiers null
[16Apr2025 19:11:13.286] [Netty Epoll Server IO #2/DEBUG] [atomicstryker.infernalmobs.common.InfernalMobsCore/]: player ServerPlayer['DavidMaster'/423, l='ServerLevel[world]', x=-1751.50, y=-49.00, z=2542.51] from string DavidMaster querying server for mods of entity id 1697
[16Apr2025 19:11:13.286] [Netty Epoll Server IO #2/DEBUG] [atomicstryker.infernalmobs.common.InfernalMobsCore/]: resolves to entity Creeper['Creeper'/1697, l='ServerLevel[world]', x=-1695.50, y=-5.00, z=2464.50] modifiers null
[16Apr2025 19:11:15.287] [Netty Epoll Server IO #2/DEBUG] [atomicstryker.infernalmobs.common.InfernalMobsCore/]: player ServerPlayer['DavidMaster'/423, l='ServerLevel[world]', x=-1751.50, y=-49.00, z=2542.51] from string DavidMaster querying server for mods of entity id 1698
[16Apr2025 19:11:15.287] [Netty Epoll Server IO #2/DEBUG] [atomicstryker.infernalmobs.common.InfernalMobsCore/]: resolves to entity Creeper['Creeper'/1698, l='ServerLevel[world]', x=-1685.50, y=0.00, z=2562.50] modifiers null
[16Apr2025 19:11:15.314] [Netty Epoll Server IO #2/DEBUG] [atomicstryker.infernalmobs.common.InfernalMobsCore/]: player ServerPlayer['DavidMaster'/423, l='ServerLevel[world]', x=-1751.50, y=-49.00, z=2542.51] from string DavidMaster querying server for mods of entity id 1699
[16Apr2025 19:11:15.314] [Netty Epoll Server IO #2/DEBUG] [atomicstryker.infernalmobs.common.InfernalMobsCore/]: resolves to entity Creeper['Creeper'/1699, l='ServerLevel[world]', x=-1686.50, y=0.00, z=2563.50] modifiers null
[16Apr2025 19:11:16.036] [Netty Epoll Server IO #2/DEBUG] [atomicstryker.infernalmobs.common.InfernalMobsCore/]: player ServerPlayer['DavidMaster'/423, l='ServerLevel[world]', x=-1751.50, y=-49.00, z=2542.51] from string DavidMaster querying server for mods of entity id 1700
[16Apr2025 19:11:16.036] [Netty Epoll Server IO #2/DEBUG] [atomicstryker.infernalmobs.common.InfernalMobsCore/]: resolves to entity Zombie['Zombie'/1700, l='ServerLevel[world]', x=-1681.50, y=4.00, z=2622.50] modifiers null
[16Apr2025 19:11:17.736] [Netty Epoll Server IO #2/DEBUG] [atomicstryker.infernalmobs.common.InfernalMobsCore/]: player ServerPlayer['DavidMaster'/423, l='ServerLevel[world]', x=-1751.50, y=-49.00, z=2542.51] from string DavidMaster querying server for mods of entity id 1701
[16Apr2025 19:11:17.736] [Netty Epoll Server IO #2/DEBUG] [atomicstryker.infernalmobs.common.InfernalMobsCore/]: resolves to entity Skeleton['Skeleton'/1701, l='ServerLevel[world]', x=-1857.50, y=-19.00, z=2497.50] modifiers null
[16Apr2025 19:11:19.435] [Netty Epoll Server IO #2/DEBUG] [atomicstryker.infernalmobs.common.InfernalMobsCore/]: player ServerPlayer['DavidMaster'/423, l='ServerLevel[world]', x=-1751.50, y=-49.00, z=2542.51] from string DavidMaster querying server for mods of entity id 1703
[16Apr2025 19:11:19.435] [Netty Epoll Server IO #2/DEBUG] [atomicstryker.infernalmobs.common.InfernalMobsCore/]: resolves to entity Zombie['Zombie'/1703, l='ServerLevel[world]', x=-1782.50, y=-5.00, z=2500.50] modifiers null
[16Apr2025 19:11:19.435] [Netty Epoll Server IO #2/DEBUG] [atomicstryker.infernalmobs.common.InfernalMobsCore/]: player ServerPlayer['DavidMaster'/423, l='ServerLevel[world]', x=-1751.50, y=-49.00, z=2542.51] from string DavidMaster querying server for mods of entity id 1704
[16Apr2025 19:11:19.435] [Netty Epoll Server IO #2/DEBUG] [atomicstryker.infernalmobs.common.InfernalMobsCore/]: resolves to entity Zombie['Zombie'/1704, l='ServerLevel[world]', x=-1782.50, y=-5.00, z=2501.50] modifiers null
[16Apr2025 19:11:21.474] [Netty Epoll Server IO #2/DEBUG] [atomicstryker.infernalmobs.common.InfernalMobsCore/]: player ServerPlayer['DavidMaster'/423, l='ServerLevel[world]', x=-1751.50, y=-49.00, z=2542.51] from string DavidMaster querying server for mods of entity id 1705
[16Apr2025 19:11:21.474] [Netty Epoll Server IO #2/DEBUG] [atomicstryker.infernalmobs.common.InfernalMobsCore/]: resolves to entity Zombie['Zombie'/1705, l='ServerLevel[world]', x=-1685.50, y=-23.00, z=2515.50] modifiers null
[16Apr2025 19:11:21.667] [Netty Epoll Server IO #2/DEBUG] [atomicstryker.infernalmobs.common.InfernalMobsCore/]: player ServerPlayer['DavidMaster'/423, l='ServerLevel[world]', x=-1751.50, y=-49.00, z=2542.51] from string DavidMaster querying server for mods of entity id 1706
[16Apr2025 19:11:21.667] [Netty Epoll Server IO #2/DEBUG] [atomicstryker.infernalmobs.common.InfernalMobsCore/]: resolves to entity Zombie['Zombie'/1706, l='ServerLevel[world]', x=-1691.50, y=10.00, z=2514.50] modifiers null
[16Apr2025 19:11:23.591] [Netty Epoll Server IO #2/DEBUG] [atomicstryker.infernalmobs.common.InfernalMobsCore/]: player ServerPlayer['DavidMaster'/423, l='ServerLevel[world]', x=-1751.50, y=-49.00, z=2542.51] from string DavidMaster querying server for mods of entity id 1708
[16Apr2025 19:11:23.591] [Netty Epoll Server IO #2/DEBUG] [atomicstryker.infernalmobs.common.InfernalMobsCore/]: resolves to entity Zombie['Zombie'/1708, l='ServerLevel[world]', x=-1712.50, y=-3.00, z=2518.50] modifiers null
[16Apr2025 19:11:23.591] [Netty Epoll Server IO #2/DEBUG] [atomicstryker.infernalmobs.common.InfernalMobsCore/]: player ServerPlayer['DavidMaster'/423, l='ServerLevel[world]', x=-1751.50, y=-49.00, z=2542.51] from string DavidMaster querying server for mods of entity id 1709
[16Apr2025 19:11:23.591] [Netty Epoll Server IO #2/DEBUG] [atomicstryker.infernalmobs.common.InfernalMobsCore/]: resolves to entity Skeleton['Skeleton'/1709, l='ServerLevel[world]', x=-1754.50, y=-28.00, z=2519.50] modifiers null
[16Apr2025 19:11:24.091] [Netty Epoll Server IO #2/DEBUG] [atomicstryker.infernalmobs.common.InfernalMobsCore/]: player ServerPlayer['DavidMaster'/423, l='ServerLevel[world]', x=-1751.50, y=-49.00, z=2542.51] from string DavidMaster querying server for mods of entity id 1710
[16Apr2025 19:11:24.092] [Netty Epoll Server IO #2/DEBUG] [atomicstryker.infernalmobs.common.InfernalMobsCore/]: resolves to entity Skeleton['Skeleton'/1710, l='ServerLevel[world]', x=-1848.50, y=-42.00, z=2575.50] modifiers null
[16Apr2025 19:11:24.092] [Netty Epoll Server IO #2/DEBUG] [atomicstryker.infernalmobs.common.InfernalMobsCore/]: player ServerPlayer['DavidMaster'/423, l='ServerLevel[world]', x=-1751.50, y=-49.00, z=2542.51] from string DavidMaster querying server for mods of entity id 1711
[16Apr2025 19:11:24.092] [Netty Epoll Server IO #2/DEBUG] [atomicstryker.infernalmobs.common.InfernalMobsCore/]: resolves to entity Skeleton['Skeleton'/1711, l='ServerLevel[world]', x=-1849.50, y=-42.00, z=2573.50] modifiers null
[16Apr2025 19:11:25.928] [Netty Epoll Server IO #2/DEBUG] [atomicstryker.infernalmobs.common.InfernalMobsCore/]: player ServerPlayer['DavidMaster'/423, l='ServerLevel[world]', x=-1751.50, y=-49.00, z=2542.51] from string DavidMaster querying server for mods of entity id 1712
[16Apr2025 19:11:25.928] [Netty Epoll Server IO #2/DEBUG] [atomicstryker.infernalmobs.common.InfernalMobsCore/]: resolves to entity Skeleton['Skeleton'/1712, l='ServerLevel[world]', x=-1739.50, y=1.00, z=2534.50] modifiers null
[16Apr2025 19:11:25.964] [Netty Epoll Server IO #2/DEBUG] [atomicstryker.infernalmobs.common.InfernalMobsCore/]: player ServerPlayer['DavidMaster'/423, l='ServerLevel[world]', x=-1751.50, y=-49.00, z=2542.51] from string DavidMaster querying server for mods of entity id 1713
[16Apr2025 19:11:25.964] [Netty Epoll Server IO #2/DEBUG] [atomicstryker.infernalmobs.common.InfernalMobsCore/]: resolves to entity Skeleton['Skeleton'/1713, l='ServerLevel[world]', x=-1740.50, y=1.00, z=2533.50] modifiers null
[16Apr2025 19:11:25.964] [Netty Epoll Server IO #2/DEBUG] [atomicstryker.infernalmobs.common.InfernalMobsCore/]: player ServerPlayer['DavidMaster'/423, l='ServerLevel[world]', x=-1751.50, y=-49.00, z=2542.51] from string DavidMaster querying server for mods of entity id 1714
[16Apr2025 19:11:25.964] [Netty Epoll Server IO #2/DEBUG] [atomicstryker.infernalmobs.common.InfernalMobsCore/]: resolves to entity Skeleton['Skeleton'/1714, l='ServerLevel[world]', x=-1741.50, y=1.00, z=2534.50] modifiers atomicstryker.infernalmobs.common.mods.MM_Berserk@3dffb33f
[16Apr2025 19:11:25.964] [Netty Epoll Server IO #2/DEBUG] [atomicstryker.infernalmobs.common.InfernalMobsCore/]: server sending mods Berserk Rust  for ent-ID 1714
[16Apr2025 19:11:30.935] [Netty Epoll Server IO #2/DEBUG] [atomicstryker.infernalmobs.common.InfernalMobsCore/]: player ServerPlayer['DavidMaster'/423, l='ServerLevel[world]', x=-1751.50, y=-49.00, z=2542.51] from string DavidMaster querying server for mods of entity id 1716
[16Apr2025 19:11:30.936] [Netty Epoll Server IO #2/DEBUG] [atomicstryker.infernalmobs.common.InfernalMobsCore/]: resolves to entity Bat['Bat'/1716, l='ServerLevel[world]', x=-1739.09, y=-10.98, z=2603.01] modifiers null
[16Apr2025 19:11:31.819] [Netty Epoll Server IO #2/DEBUG] [atomicstryker.infernalmobs.common.InfernalMobsCore/]: player ServerPlayer['DavidMaster'/423, l='ServerLevel[world]', x=-1751.50, y=-49.00, z=2542.51] from string DavidMaster querying server for mods of entity id 1717
[16Apr2025 19:11:31.819] [Netty Epoll Server IO #2/DEBUG] [atomicstryker.infernalmobs.common.InfernalMobsCore/]: resolves to entity Zombie['Zombie'/1717, l='ServerLevel[world]', x=-1775.50, y=-24.00, z=2605.50] modifiers null
[16Apr2025 19:11:31.860] [Netty Epoll Server IO #2/DEBUG] [atomicstryker.infernalmobs.common.InfernalMobsCore/]: player ServerPlayer['DavidMaster'/423, l='ServerLevel[world]', x=-1751.50, y=-49.00, z=2542.51] from string DavidMaster querying server for mods of entity id 1718
[16Apr2025 19:11:31.860] [Netty Epoll Server IO #2/DEBUG] [atomicstryker.infernalmobs.common.InfernalMobsCore/]: resolves to entity Zombie['Zombie'/1718, l='ServerLevel[world]', x=-1774.50, y=-24.00, z=2607.50] modifiers null
[16Apr2025 19:11:31.860] [Netty Epoll Server IO #2/DEBUG] [atomicstryker.infernalmobs.common.InfernalMobsCore/]: player ServerPlayer['DavidMaster'/423, l='ServerLevel[world]', x=-1751.50, y=-49.00, z=2542.51] from string DavidMaster querying server for mods of entity id 1719
[16Apr2025 19:11:31.860] [Netty Epoll Server IO #2/DEBUG] [atomicstryker.infernalmobs.common.InfernalMobsCore/]: resolves to entity Zombie['Zombie'/1719, l='ServerLevel[world]', x=-1776.50, y=-24.00, z=2607.50] modifiers null
[16Apr2025 19:11:31.860] [Netty Epoll Server IO #2/DEBUG] [atomicstryker.infernalmobs.common.InfernalMobsCore/]: player ServerPlayer['DavidMaster'/423, l='ServerLevel[world]', x=-1751.50, y=-49.00, z=2542.51] from string DavidMaster querying server for mods of entity id 1720
[16Apr2025 19:11:31.860] [Netty Epoll Server IO #2/DEBUG] [atomicstryker.infernalmobs.common.InfernalMobsCore/]: resolves to entity Spider['Spider'/1720, l='ServerLevel[world]', x=-1775.50, y=-24.00, z=2606.50] modifiers atomicstryker.infernalmobs.common.mods.MM_Webber@7640be0c
[16Apr2025 19:11:31.860] [Netty Epoll Server IO #2/DEBUG] [atomicstryker.infernalmobs.common.InfernalMobsCore/]: server sending mods Webber Bulwark Wither  for ent-ID 1720
[16Apr2025 19:11:32.936] [Netty Epoll Server IO #2/DEBUG] [atomicstryker.infernalmobs.common.InfernalMobsCore/]: player ServerPlayer['DavidMaster'/423, l='ServerLevel[world]', x=-1751.50, y=-49.00, z=2542.51] from string DavidMaster querying server for mods of entity id 1721
[16Apr2025 19:11:32.936] [Netty Epoll Server IO #2/DEBUG] [atomicstryker.infernalmobs.common.InfernalMobsCore/]: resolves to entity Skeleton['Skeleton'/1721, l='ServerLevel[world]', x=-1830.50, y=17.00, z=2569.50] modifiers null
[16Apr2025 19:11:34.663] [Netty Epoll Server IO #2/DEBUG] [atomicstryker.infernalmobs.common.InfernalMobsCore/]: player ServerPlayer['DavidMaster'/423, l='ServerLevel[world]', x=-1751.50, y=-49.00, z=2542.51] from string DavidMaster querying server for mods of entity id 1722
[16Apr2025 19:11:34.664] [Netty Epoll Server IO #2/DEBUG] [atomicstryker.infernalmobs.common.InfernalMobsCore/]: resolves to entity Creeper['Creeper'/1722, l='ServerLevel[world]', x=-1654.50, y=-48.00, z=2550.50] modifiers null
[16Apr2025 19:11:34.786] [Netty Epoll Server IO #2/DEBUG] [atomicstryker.infernalmobs.common.InfernalMobsCore/]: player ServerPlayer['DavidMaster'/423, l='ServerLevel[world]', x=-1751.50, y=-49.00, z=2542.51] from string DavidMaster querying server for mods of entity id 1723
[16Apr2025 19:11:34.786] [Netty Epoll Server IO #2/DEBUG] [atomicstryker.infernalmobs.common.InfernalMobsCore/]: resolves to entity Skeleton['Skeleton'/1723, l='ServerLevel[world]', x=-1762.50, y=-26.00, z=2590.50] modifiers null
[16Apr2025 19:11:34.787] [Netty Epoll Server IO #2/DEBUG] [atomicstryker.infernalmobs.common.InfernalMobsCore/]: player ServerPlayer['DavidMaster'/423, l='ServerLevel[world]', x=-1751.50, y=-49.00, z=2542.51] from string DavidMaster querying server for mods of entity id 1724
[16Apr2025 19:11:34.787] [Netty Epoll Server IO #2/DEBUG] [atomicstryker.infernalmobs.common.InfernalMobsCore/]: resolves to entity Skeleton['Skeleton'/1724, l='ServerLevel[world]', x=-1763.50, y=-26.00, z=2591.50] modifiers null
[16Apr2025 19:11:34.814] [Netty Epoll Server IO #2/DEBUG] [atomicstryker.infernalmobs.common.InfernalMobsCore/]: player ServerPlayer['DavidMaster'/423, l='ServerLevel[world]', x=-1751.50, y=-49.00, z=2542.51] from string DavidMaster querying server for mods of entity id 1726
[16Apr2025 19:11:34.814] [Netty Epoll Server IO #2/DEBUG] [atomicstryker.infernalmobs.common.InfernalMobsCore/]: resolves to entity Bat['Bat'/1726, l='ServerLevel[world]', x=-1737.08, y=-24.83, z=2510.08] modifiers null
[16Apr2025 19:11:34.814] [Netty Epoll Server IO #2/DEBUG] [atomicstryker.infernalmobs.common.InfernalMobsCore/]: player ServerPlayer['DavidMaster'/423, l='ServerLevel[world]', x=-1751.50, y=-49.00, z=2542.51] from string DavidMaster querying server for mods of entity id 1727
[16Apr2025 19:11:34.814] [Netty Epoll Server IO #2/DEBUG] [atomicstryker.infernalmobs.common.InfernalMobsCore/]: resolves to entity Bat['Bat'/1727, l='ServerLevel[world]', x=-1738.42, y=-24.88, z=2509.67] modifiers null
[16Apr2025 19:11:34.814] [Netty Epoll Server IO #2/DEBUG] [atomicstryker.infernalmobs.common.InfernalMobsCore/]: player ServerPlayer['DavidMaster'/423, l='ServerLevel[world]', x=-1751.50, y=-49.00, z=2542.51] from string DavidMaster querying server for mods of entity id 1728
[16Apr2025 19:11:34.814] [Netty Epoll Server IO #2/DEBUG] [atomicstryker.infernalmobs.common.InfernalMobsCore/]: resolves to entity Bat['Bat'/1728, l='ServerLevel[world]', x=-1725.74, y=-24.88, z=2520.61] modifiers null
[16Apr2025 19:11:37.438] [Netty Epoll Server IO #2/DEBUG] [atomicstryker.infernalmobs.common.InfernalMobsCore/]: player ServerPlayer['DavidMaster'/423, l='ServerLevel[world]', x=-1751.50, y=-49.00, z=2542.51] from string DavidMaster querying server for mods of entity id 1730
[16Apr2025 19:11:37.439] [Netty Epoll Server IO #2/DEBUG] [atomicstryker.infernalmobs.common.InfernalMobsCore/]: resolves to entity Zombie['Zombie'/1730, l='ServerLevel[world]', x=-1864.50, y=-54.00, z=2554.50] modifiers null
[16Apr2025 19:11:37.439] [Netty Epoll Server IO #2/DEBUG] [atomicstryker.infernalmobs.common.InfernalMobsCore/]: player ServerPlayer['DavidMaster'/423, l='ServerLevel[world]', x=-1751.50, y=-49.00, z=2542.51] from string DavidMaster querying server for mods of entity id 1731
[16Apr2025 19:11:37.439] [Netty Epoll Server IO #2/DEBUG] [atomicstryker.infernalmobs.common.InfernalMobsCore/]: resolves to entity Skeleton['Skeleton'/1731, l='ServerLevel[world]', x=-1863.50, y=-54.00, z=2554.50] modifiers atomicstryker.infernalmobs.common.mods.MM_Ninja@4d857203
[16Apr2025 19:11:37.439] [Netty Epoll Server IO #2/DEBUG] [atomicstryker.infernalmobs.common.InfernalMobsCore/]: server sending mods Ninja Storm LifeSteal Vengeance  for ent-ID 1731
[16Apr2025 19:11:37.439] [Netty Epoll Server IO #2/DEBUG] [atomicstryker.infernalmobs.common.InfernalMobsCore/]: player ServerPlayer['DavidMaster'/423, l='ServerLevel[world]', x=-1751.50, y=-49.00, z=2542.51] from string DavidMaster querying server for mods of entity id 1732
[16Apr2025 19:11:37.439] [Netty Epoll Server IO #2/DEBUG] [atomicstryker.infernalmobs.common.InfernalMobsCore/]: resolves to entity Zombie['Zombie'/1732, l='ServerLevel[world]', x=-1863.50, y=-54.00, z=2553.50] modifiers null
[16Apr2025 19:11:37.439] [Netty Epoll Server IO #2/DEBUG] [atomicstryker.infernalmobs.common.InfernalMobsCore/]: player ServerPlayer['DavidMaster'/423, l='ServerLevel[world]', x=-1751.50, y=-49.00, z=2542.51] from string DavidMaster querying server for mods of entity id 1733
[16Apr2025 19:11:37.439] [Netty Epoll Server IO #2/DEBUG] [atomicstryker.infernalmobs.common.InfernalMobsCore/]: resolves to entity Zombie['Zombie'/1733, l='ServerLevel[world]', x=-1864.50, y=-54.00, z=2555.50] modifiers null
[16Apr2025 19:11:42.687] [Netty Epoll Server IO #2/DEBUG] [atomicstryker.infernalmobs.common.InfernalMobsCore/]: player ServerPlayer['DavidMaster'/423, l='ServerLevel[world]', x=-1751.91, y=-49.00, z=2542.33] from string DavidMaster querying server for mods of entity id 1736
[16Apr2025 19:11:42.687] [Netty Epoll Server IO #2/DEBUG] [atomicstryker.infernalmobs.common.InfernalMobsCore/]: resolves to entity Squid['Squid'/1736, l='ServerLevel[world]', x=-1755.50, y=57.00, z=2565.50] modifiers null
[16Apr2025 19:11:42.687] [Netty Epoll Server IO #2/DEBUG] [atomicstryker.infernalmobs.common.InfernalMobsCore/]: player ServerPlayer['DavidMaster'/423, l='ServerLevel[world]', x=-1751.91, y=-49.00, z=2542.33] from string DavidMaster querying server for mods of entity id 1737
[16Apr2025 19:11:42.687] [Netty Epoll Server IO #2/DEBUG] [atomicstryker.infernalmobs.common.InfernalMobsCore/]: resolves to entity Squid['Squid'/1737, l='ServerLevel[world]', x=-1751.50, y=57.00, z=2560.50] modifiers null
[16Apr2025 19:11:42.687] [Netty Epoll Server IO #2/DEBUG] [atomicstryker.infernalmobs.common.InfernalMobsCore/]: player ServerPlayer['DavidMaster'/423, l='ServerLevel[world]', x=-1751.91, y=-49.00, z=2542.33] from string DavidMaster querying server for mods of entity id 1738
[16Apr2025 19:11:42.687] [Netty Epoll Server IO #2/DEBUG] [atomicstryker.infernalmobs.common.InfernalMobsCore/]: resolves to entity Squid['Squid'/1738, l='ServerLevel[world]', x=-1752.50, y=57.00, z=2559.50] modifiers null
[16Apr2025 19:11:42.714] [Netty Epoll Server IO #2/DEBUG] [atomicstryker.infernalmobs.common.InfernalMobsCore/]: player ServerPlayer['DavidMaster'/423, l='ServerLevel[world]', x=-1751.91, y=-49.00, z=2542.33] from string DavidMaster querying server for mods of entity id 1739
[16Apr2025 19:11:42.714] [Netty Epoll Server IO #2/DEBUG] [atomicstryker.infernalmobs.common.InfernalMobsCore/]: resolves to entity Squid['Squid'/1739, l='ServerLevel[world]', x=-1750.50, y=57.00, z=2559.50] modifiers null
[16Apr2025 19:11:44.288] [Netty Epoll Server IO #2/DEBUG] [atomicstryker.infernalmobs.common.InfernalMobsCore/]: player ServerPlayer['DavidMaster'/423, l='ServerLevel[world]', x=-1751.91, y=-49.00, z=2542.33] from string DavidMaster querying server for mods of entity id 1741
[16Apr2025 19:11:44.288] [Netty Epoll Server IO #2/DEBUG] [atomicstryker.infernalmobs.common.InfernalMobsCore/]: resolves to entity Zombie['Zombie'/1741, l='ServerLevel[world]', x=-1794.50, y=21.00, z=2579.50] modifiers null
[16Apr2025 19:11:44.823] [Netty Epoll Server IO #2/DEBUG] [atomicstryker.infernalmobs.common.InfernalMobsCore/]: player ServerPlayer['DavidMaster'/423, l='ServerLevel[world]', x=-1751.91, y=-49.00, z=2542.33] from string DavidMaster querying server for mods of entity id 1742
[16Apr2025 19:11:44.823] [Netty Epoll Server IO #2/DEBUG] [atomicstryker.infernalmobs.common.InfernalMobsCore/]: resolves to entity Bat['Bat'/1742, l='ServerLevel[world]', x=-1735.69, y=-12.68, z=2619.23] modifiers null
[16Apr2025 19:11:45.235] [Netty Epoll Server IO #2/DEBUG] [atomicstryker.infernalmobs.common.InfernalMobsCore/]: player ServerPlayer['DavidMaster'/423, l='ServerLevel[world]', x=-1751.66, y=-49.00, z=2543.09] from string DavidMaster querying server for mods of entity id 1743
[16Apr2025 19:11:45.236] [Netty Epoll Server IO #2/DEBUG] [atomicstryker.infernalmobs.common.InfernalMobsCore/]: resolves to entity Bat['Bat'/1743, l='ServerLevel[world]', x=-1735.56, y=-12.21, z=2618.23] modifiers null
[16Apr2025 19:11:45.705] [Netty Epoll Server IO #2/DEBUG] [atomicstryker.infernalmobs.common.InfernalMobsCore/]: player ServerPlayer['DavidMaster'/423, l='ServerLevel[world]', x=-1751.65, y=-49.00, z=2543.15] from string DavidMaster querying server for mods of entity id 1744
[16Apr2025 19:11:45.705] [Netty Epoll Server IO #2/DEBUG] [atomicstryker.infernalmobs.common.InfernalMobsCore/]: resolves to entity Creeper['Creeper'/1744, l='ServerLevel[world]', x=-1762.50, y=29.00, z=2541.50] modifiers null
[16Apr2025 19:11:48.037] [Netty Epoll Server IO #2/DEBUG] [atomicstryker.infernalmobs.common.InfernalMobsCore/]: player ServerPlayer['DavidMaster'/423, l='ServerLevel[world]', x=-1751.65, y=-49.00, z=2543.15] from string DavidMaster querying server for mods of entity id 1746
[16Apr2025 19:11:48.038] [Netty Epoll Server IO #2/DEBUG] [atomicstryker.infernalmobs.common.InfernalMobsCore/]: resolves to entity Skeleton['Skeleton'/1746, l='ServerLevel[world]', x=-1733.50, y=65.00, z=2584.50] modifiers null
[16Apr2025 19:11:48.690] [Netty Epoll Server IO #2/DEBUG] [atomicstryker.infernalmobs.common.InfernalMobsCore/]: player ServerPlayer['DavidMaster'/423, l='ServerLevel[world]', x=-1751.65, y=-49.00, z=2543.15] from string DavidMaster querying server for mods of entity id 1742
[16Apr2025 19:11:48.690] [Netty Epoll Server IO #2/DEBUG] [atomicstryker.infernalmobs.common.InfernalMobsCore/]: resolves to entity Bat['Bat'/1742, l='ServerLevel[world]', x=-1738.01, y=-11.60, z=2617.05] modifiers null
[16Apr2025 19:11:49.839] [Netty Epoll Server IO #2/DEBUG] [atomicstryker.infernalmobs.common.InfernalMobsCore/]: player ServerPlayer['DavidMaster'/423, l='ServerLevel[world]', x=-1751.48, y=-49.00, z=2543.44] from string DavidMaster querying server for mods of entity id 1748
[16Apr2025 19:11:49.839] [Netty Epoll Server IO #2/DEBUG] [atomicstryker.infernalmobs.common.InfernalMobsCore/]: resolves to entity Skeleton['Skeleton'/1748, l='ServerLevel[world]', x=-1805.50, y=-29.00, z=2498.50] modifiers null
[16Apr2025 19:11:50.587] [Netty Epoll Server IO #2/DEBUG] [atomicstryker.infernalmobs.common.InfernalMobsCore/]: player ServerPlayer['DavidMaster'/423, l='ServerLevel[world]', x=-1750.90, y=-49.00, z=2543.16] from string DavidMaster querying server for mods of entity id 1750
[16Apr2025 19:11:50.587] [Netty Epoll Server IO #2/DEBUG] [atomicstryker.infernalmobs.common.InfernalMobsCore/]: resolves to entity Skeleton['Skeleton'/1750, l='ServerLevel[world]', x=-1730.50, y=64.00, z=2556.50] modifiers null
[16Apr2025 19:11:50.987] [Netty Epoll Server IO #2/DEBUG] [atomicstryker.infernalmobs.common.InfernalMobsCore/]: player ServerPlayer['DavidMaster'/423, l='ServerLevel[world]', x=-1750.90, y=-49.00, z=2543.16] from string DavidMaster querying server for mods of entity id 1751
[16Apr2025 19:11:50.987] [Netty Epoll Server IO #2/DEBUG] [atomicstryker.infernalmobs.common.InfernalMobsCore/]: resolves to entity Zombie['Zombie'/1751, l='ServerLevel[world]', x=-1754.50, y=1.00, z=2444.50] modifiers atomicstryker.infernalmobs.common.mods.MM_Bulwark@572dab0d
[16Apr2025 19:11:50.987] [Netty Epoll Server IO #2/DEBUG] [atomicstryker.infernalmobs.common.InfernalMobsCore/]: server sending mods Bulwark Berserk Sapper  for ent-ID 1751
[16Apr2025 19:11:51.521] [Netty Epoll Server IO #2/DEBUG] [atomicstryker.infernalmobs.common.InfernalMobsCore/]: player ServerPlayer['DavidMaster'/423, l='ServerLevel[world]', x=-1750.90, y=-49.00, z=2543.16] from string DavidMaster querying server for mods of entity id 1753
[16Apr2025 19:11:51.521] [Netty Epoll Server IO #2/DEBUG] [atomicstryker.infernalmobs.common.InfernalMobsCore/]: resolves to entity Skeleton['Skeleton'/1753, l='ServerLevel[world]', x=-1845.50, y=-41.00, z=2500.50] modifiers null
[16Apr2025 19:11:52.594] [Netty Epoll Server IO #2/DEBUG] [atomicstryker.infernalmobs.common.InfernalMobsCore/]: player ServerPlayer['DavidMaster'/423, l='ServerLevel[world]', x=-1750.90, y=-49.00, z=2543.16] from string DavidMaster querying server for mods of entity id 1754
[16Apr2025 19:11:52.594] [Netty Epoll Server IO #2/DEBUG] [atomicstryker.infernalmobs.common.InfernalMobsCore/]: resolves to entity Zombie['Zombie'/1754, l='ServerLevel[world]', x=-1737.50, y=63.00, z=2603.50] modifiers null
[16Apr2025 19:11:52.755] [Netty Epoll Server IO #2/DEBUG] [atomicstryker.infernalmobs.common.InfernalMobsCore/]: player ServerPlayer['DavidMaster'/423, l='ServerLevel[world]', x=-1750.90, y=-49.00, z=2543.16] from string DavidMaster querying server for mods of entity id 1755
[16Apr2025 19:11:52.755] [Netty Epoll Server IO #2/DEBUG] [atomicstryker.infernalmobs.common.InfernalMobsCore/]: resolves to entity Skeleton['Skeleton'/1755, l='ServerLevel[world]', x=-1673.50, y=-36.00, z=2543.50] modifiers null
[16Apr2025 19:11:52.924] [Netty Epoll Server IO #2/DEBUG] [atomicstryker.infernalmobs.common.InfernalMobsCore/]: player ServerPlayer['DavidMaster'/423, l='ServerLevel[world]', x=-1750.90, y=-49.00, z=2543.16] from string DavidMaster querying server for mods of entity id 1756
[16Apr2025 19:11:52.924] [Netty Epoll Server IO #2/DEBUG] [atomicstryker.infernalmobs.common.InfernalMobsCore/]: resolves to entity Creeper['Creeper'/1756, l='ServerLevel[world]', x=-1775.50, y=-30.00, z=2592.50] modifiers null
[16Apr2025 19:11:52.924] [Netty Epoll Server IO #2/DEBUG] [atomicstryker.infernalmobs.common.InfernalMobsCore/]: player ServerPlayer['DavidMaster'/423, l='ServerLevel[world]', x=-1750.90, y=-49.00, z=2543.16] from string DavidMaster querying server for mods of entity id 1757
[16Apr2025 19:11:52.924] [Netty Epoll Server IO #2/DEBUG] [atomicstryker.infernalmobs.common.InfernalMobsCore/]: resolves to entity Creeper['Creeper'/1757, l='ServerLevel[world]', x=-1775.50, y=-30.00, z=2593.50] modifiers null
[16Apr2025 19:11:53.645] [Netty Epoll Server IO #2/DEBUG] [atomicstryker.infernalmobs.common.InfernalMobsCore/]: player ServerPlayer['DavidMaster'/423, l='ServerLevel[world]', x=-1750.90, y=-49.00, z=2543.16] from string DavidMaster querying server for mods of entity id 1760
[16Apr2025 19:11:53.645] [Netty Epoll Server IO #2/DEBUG] [atomicstryker.infernalmobs.common.InfernalMobsCore/]: resolves to entity GlowSquid['Glow Squid'/1760, l='ServerLevel[world]', x=-1723.50, y=14.00, z=2515.50] modifiers null
[16Apr2025 19:11:53.663] [Netty Epoll Server IO #2/DEBUG] [atomicstryker.infernalmobs.common.InfernalMobsCore/]: player ServerPlayer['DavidMaster'/423, l='ServerLevel[world]', x=-1750.90, y=-49.00, z=2543.16] from string DavidMaster querying server for mods of entity id 1761
[16Apr2025 19:11:53.663] [Netty Epoll Server IO #2/DEBUG] [atomicstryker.infernalmobs.common.InfernalMobsCore/]: resolves to entity GlowSquid['Glow Squid'/1761, l='ServerLevel[world]', x=-1722.50, y=14.00, z=2513.50] modifiers null
[16Apr2025 19:11:53.663] [Netty Epoll Server IO #2/DEBUG] [atomicstryker.infernalmobs.common.InfernalMobsCore/]: player ServerPlayer['DavidMaster'/423, l='ServerLevel[world]', x=-1750.90, y=-49.00, z=2543.16] from string DavidMaster querying server for mods of entity id 1762
[16Apr2025 19:11:53.663] [Netty Epoll Server IO #2/DEBUG] [atomicstryker.infernalmobs.common.InfernalMobsCore/]: resolves to entity GlowSquid['Glow Squid'/1762, l='ServerLevel[world]', x=-1720.50, y=14.00, z=2520.50] modifiers null
[16Apr2025 19:11:53.664] [Netty Epoll Server IO #2/DEBUG] [atomicstryker.infernalmobs.common.InfernalMobsCore/]: player ServerPlayer['DavidMaster'/423, l='ServerLevel[world]', x=-1750.90, y=-49.00, z=2543.16] from string DavidMaster querying server for mods of entity id 1763
[16Apr2025 19:11:53.664] [Netty Epoll Server IO #2/DEBUG] [atomicstryker.infernalmobs.common.InfernalMobsCore/]: resolves to entity GlowSquid['Glow Squid'/1763, l='ServerLevel[world]', x=-1719.50, y=14.00, z=2520.50] modifiers null
[16Apr2025 19:11:54.186] [Netty Epoll Server IO #2/DEBUG] [atomicstryker.infernalmobs.common.InfernalMobsCore/]: player ServerPlayer['DavidMaster'/423, l='ServerLevel[world]', x=-1750.90, y=-49.00, z=2543.16] from string DavidMaster querying server for mods of entity id 1764
[16Apr2025 19:11:54.186] [Netty Epoll Server IO #2/DEBUG] [atomicstryker.infernalmobs.common.InfernalMobsCore/]: resolves to entity Skeleton['Skeleton'/1764, l='ServerLevel[world]', x=-1762.50, y=-25.00, z=2600.50] modifiers atomicstryker.infernalmobs.common.mods.MM_Sapper@170b9c9c
[16Apr2025 19:11:54.186] [Netty Epoll Server IO #2/DEBUG] [atomicstryker.infernalmobs.common.InfernalMobsCore/]: server sending mods Sapper Poisonous Storm Gravity  for ent-ID 1764
[16Apr2025 19:11:54.887] [Netty Epoll Server IO #2/DEBUG] [atomicstryker.infernalmobs.common.InfernalMobsCore/]: player ServerPlayer['DavidMaster'/423, l='ServerLevel[world]', x=-1750.90, y=-49.00, z=2543.16] from string DavidMaster querying server for mods of entity id 1765
[16Apr2025 19:11:54.887] [Netty Epoll Server IO #2/DEBUG] [atomicstryker.infernalmobs.common.InfernalMobsCore/]: resolves to entity Zombie['Zombie'/1765, l='ServerLevel[world]', x=-1801.50, y=-11.00, z=2532.50] modifiers null
[16Apr2025 19:11:56.637] [Netty Epoll Server IO #2/DEBUG] [atomicstryker.infernalmobs.common.InfernalMobsCore/]: player ServerPlayer['DavidMaster'/423, l='ServerLevel[world]', x=-1750.90, y=-49.00, z=2543.16] from string DavidMaster querying server for mods of entity id 1766
[16Apr2025 19:11:56.637] [Netty Epoll Server IO #2/DEBUG] [atomicstryker.infernalmobs.common.InfernalMobsCore/]: resolves to entity Creeper['Creeper'/1766, l='ServerLevel[world]', x=-1704.50, y=-13.00, z=2500.50] modifiers null
[16Apr2025 19:11:56.637] [Netty Epoll Server IO #2/DEBUG] [atomicstryker.infernalmobs.common.InfernalMobsCore/]: player ServerPlayer['DavidMaster'/423, l='ServerLevel[world]', x=-1750.90, y=-49.00, z=2543.16] from string DavidMaster querying server for mods of entity id 1767
[16Apr2025 19:11:56.637] [Netty Epoll Server IO #2/DEBUG] [atomicstryker.infernalmobs.common.InfernalMobsCore/]: resolves to entity Creeper['Creeper'/1767, l='ServerLevel[world]', x=-1704.50, y=-13.00, z=2501.50] modifiers null
[16Apr2025 19:11:57.886] [Netty Epoll Server IO #2/DEBUG] [atomicstryker.infernalmobs.common.InfernalMobsCore/]: player ServerPlayer['DavidMaster'/423, l='ServerLevel[world]', x=-1750.90, y=-49.00, z=2543.16] from string DavidMaster querying server for mods of entity id 1770
[16Apr2025 19:11:57.886] [Netty Epoll Server IO #2/DEBUG] [atomicstryker.infernalmobs.common.InfernalMobsCore/]: resolves to entity Zombie['Zombie'/1770, l='ServerLevel[world]', x=-1686.50, y=34.00, z=2543.50] modifiers null
[16Apr2025 19:11:58.787] [Netty Epoll Server IO #2/DEBUG] [atomicstryker.infernalmobs.common.InfernalMobsCore/]: player ServerPlayer['DavidMaster'/423, l='ServerLevel[world]', x=-1750.90, y=-49.00, z=2543.16] from string DavidMaster querying server for mods of entity id 1771
[16Apr2025 19:11:58.787] [Netty Epoll Server IO #2/DEBUG] [atomicstryker.infernalmobs.common.InfernalMobsCore/]: resolves to entity Creeper['Creeper'/1771, l='ServerLevel[world]', x=-1684.50, y=25.00, z=2464.50] modifiers null
[16Apr2025 19:12:04.015] [Netty Epoll Server IO #2/DEBUG] [atomicstryker.infernalmobs.common.InfernalMobsCore/]: player ServerPlayer['DavidMaster'/423, l='ServerLevel[world]', x=-1750.01, y=-49.00, z=2544.65] from string DavidMaster querying server for mods of entity id 1742
[16Apr2025 19:12:04.015] [Netty Epoll Server IO #2/DEBUG] [atomicstryker.infernalmobs.common.InfernalMobsCore/]: resolves to entity Bat['Bat'/1742, l='ServerLevel[world]', x=-1733.47, y=-10.90, z=2622.04] modifiers null
[16Apr2025 19:12:04.412] [Netty Epoll Server IO #2/DEBUG] [atomicstryker.infernalmobs.common.InfernalMobsCore/]: player ServerPlayer['DavidMaster'/423, l='ServerLevel[world]', x=-1750.50, y=-49.00, z=2545.36] from string DavidMaster querying server for mods of entity id 1776
[16Apr2025 19:12:04.412] [Netty Epoll Server IO #2/DEBUG] [atomicstryker.infernalmobs.common.InfernalMobsCore/]: resolves to entity Creeper['Creeper'/1776, l='ServerLevel[world]', x=-1824.50, y=-29.00, z=2495.50] modifiers null
[16Apr2025 19:12:05.237] [Netty Epoll Server IO #2/DEBUG] [atomicstryker.infernalmobs.common.InfernalMobsCore/]: player ServerPlayer['DavidMaster'/423, l='ServerLevel[world]', x=-1752.48, y=-49.00, z=2546.63] from string DavidMaster querying server for mods of entity id 571
[16Apr2025 19:12:05.237] [Netty Epoll Server IO #2/DEBUG] [atomicstryker.infernalmobs.common.InfernalMobsCore/]: resolves to entity Pig['Pig'/571, l='ServerLevel[world]', x=-1903.33, y=77.00, z=2599.64] modifiers null
[16Apr2025 19:12:05.996] [Netty Epoll Server IO #2/DEBUG] [atomicstryker.infernalmobs.common.InfernalMobsCore/]: player ServerPlayer['DavidMaster'/423, l='ServerLevel[world]', x=-1752.48, y=-49.00, z=2546.63] from string DavidMaster querying server for mods of entity id 1781
[16Apr2025 19:12:05.996] [Netty Epoll Server IO #2/DEBUG] [atomicstryker.infernalmobs.common.InfernalMobsCore/]: resolves to entity Creeper['Creeper'/1781, l='ServerLevel[world]', x=-1844.50, y=15.00, z=2583.50] modifiers null
[16Apr2025 19:12:06.015] [Netty Epoll Server IO #2/DEBUG] [atomicstryker.infernalmobs.common.InfernalMobsCore/]: player ServerPlayer['DavidMaster'/423, l='ServerLevel[world]', x=-1752.48, y=-49.00, z=2546.63] from string DavidMaster querying server for mods of entity id 1782
[16Apr2025 19:12:06.015] [Netty Epoll Server IO #2/DEBUG] [atomicstryker.infernalmobs.common.InfernalMobsCore/]: resolves to entity Creeper['Creeper'/1782, l='ServerLevel[world]', x=-1852.50, y=15.00, z=2577.50] modifiers null
[16Apr2025 19:12:06.015] [Netty Epoll Server IO #2/DEBUG] [atomicstryker.infernalmobs.common.InfernalMobsCore/]: player ServerPlayer['DavidMaster'/423, l='ServerLevel[world]', x=-1752.48, y=-49.00, z=2546.63] from string DavidMaster querying server for mods of entity id 1783
[16Apr2025 19:12:06.015] [Netty Epoll Server IO #2/DEBUG] [atomicstryker.infernalmobs.common.InfernalMobsCore/]: resolves to entity Creeper['Creeper'/1783, l='ServerLevel[world]', x=-1841.50, y=15.00, z=2579.50] modifiers null
[16Apr2025 19:12:06.015] [Netty Epoll Server IO #2/DEBUG] [atomicstryker.infernalmobs.common.InfernalMobsCore/]: player ServerPlayer['DavidMaster'/423, l='ServerLevel[world]', x=-1752.48, y=-49.00, z=2546.63] from string DavidMaster querying server for mods of entity id 1784
[16Apr2025 19:12:06.015] [Netty Epoll Server IO #2/DEBUG] [atomicstryker.infernalmobs.common.InfernalMobsCore/]: resolves to entity Creeper['Creeper'/1784, l='ServerLevel[world]', x=-1843.58, y=15.00, z=2577.56] modifiers null
[16Apr2025 19:12:08.605] [Netty Epoll Server IO #2/DEBUG] [atomicstryker.infernalmobs.common.InfernalMobsCore/]: player ServerPlayer['DavidMaster'/423, l='ServerLevel[world]', x=-1754.70, y=-47.83, z=2547.84] from string DavidMaster querying server for mods of entity id 650
[16Apr2025 19:12:08.605] [Netty Epoll Server IO #2/DEBUG] [atomicstryker.infernalmobs.common.InfernalMobsCore/]: resolves to entity Sheep['Sheep'/650, l='ServerLevel[world]', x=-1914.16, y=71.00, z=2549.13] modifiers null
[16Apr2025 19:12:08.605] [Netty Epoll Server IO #2/DEBUG] [atomicstryker.infernalmobs.common.InfernalMobsCore/]: player ServerPlayer['DavidMaster'/423, l='ServerLevel[world]', x=-1754.70, y=-47.83, z=2547.84] from string DavidMaster querying server for mods of entity id 607
[16Apr2025 19:12:08.605] [Netty Epoll Server IO #2/DEBUG] [atomicstryker.infernalmobs.common.InfernalMobsCore/]: resolves to entity Chicken['Chicken'/607, l='ServerLevel[world]', x=-1907.11, y=74.00, z=2594.35] modifiers null
[16Apr2025 19:12:08.754] [Netty Epoll Server IO #2/DEBUG] [atomicstryker.infernalmobs.common.InfernalMobsCore/]: player ServerPlayer['DavidMaster'/423, l='ServerLevel[world]', x=-1755.02, y=-47.82, z=2548.06] from string DavidMaster querying server for mods of entity id 654
[16Apr2025 19:12:08.754] [Netty Epoll Server IO #2/DEBUG] [atomicstryker.infernalmobs.common.InfernalMobsCore/]: resolves to entity Sheep['Sheep'/654, l='ServerLevel[world]', x=-1914.07, y=71.00, z=2555.48] modifiers null
[16Apr2025 19:12:08.763] [Netty Epoll Server IO #2/DEBUG] [atomicstryker.infernalmobs.common.InfernalMobsCore/]: player ServerPlayer['DavidMaster'/423, l='ServerLevel[world]', x=-1755.02, y=-47.82, z=2548.06] from string DavidMaster querying server for mods of entity id 651
[16Apr2025 19:12:08.763] [Netty Epoll Server IO #2/DEBUG] [atomicstryker.infernalmobs.common.InfernalMobsCore/]: resolves to entity Sheep['Sheep'/651, l='ServerLevel[world]', x=-1914.07, y=71.00, z=2556.55] modifiers null
[16Apr2025 19:12:08.763] [Netty Epoll Server IO #2/DEBUG] [atomicstryker.infernalmobs.common.InfernalMobsCore/]: player ServerPlayer['DavidMaster'/423, l='ServerLevel[world]', x=-1755.02, y=-47.82, z=2548.06] from string DavidMaster querying server for mods of entity id 703
[16Apr2025 19:12:08.763] [Netty Epoll Server IO #2/DEBUG] [atomicstryker.infernalmobs.common.InfernalMobsCore/]: resolves to entity Chicken['Chicken'/703, l='ServerLevel[world]', x=-1914.69, y=70.94, z=2546.53] modifiers null
[16Apr2025 19:12:08.920] [Netty Epoll Server IO #2/DEBUG] [atomicstryker.infernalmobs.common.InfernalMobsCore/]: player ServerPlayer['DavidMaster'/423, l='ServerLevel[world]', x=-1755.27, y=-48.00, z=2548.23] from string DavidMaster querying server for mods of entity id 686
[16Apr2025 19:12:08.920] [Netty Epoll Server IO #2/DEBUG] [atomicstryker.infernalmobs.common.InfernalMobsCore/]: resolves to entity Pig['Pig'/686, l='ServerLevel[world]', x=-1912.47, y=74.00, z=2574.74] modifiers null
[16Apr2025 19:12:08.920] [Netty Epoll Server IO #2/DEBUG] [atomicstryker.infernalmobs.common.InfernalMobsCore/]: player ServerPlayer['DavidMaster'/423, l='ServerLevel[world]', x=-1755.27, y=-48.00, z=2548.23] from string DavidMaster querying server for mods of entity id 572
[16Apr2025 19:12:08.920] [Netty Epoll Server IO #2/DEBUG] [atomicstryker.infernalmobs.common.InfernalMobsCore/]: resolves to entity Pig['Pig'/572, l='ServerLevel[world]', x=-1900.35, y=77.00, z=2614.61] modifiers null
[16Apr2025 19:12:08.961] [Netty Epoll Server IO #2/DEBUG] [atomicstryker.infernalmobs.common.InfernalMobsCore/]: player ServerPlayer['DavidMaster'/423, l='ServerLevel[world]', x=-1755.27, y=-48.00, z=2548.23] from string DavidMaster querying server for mods of entity id 634
[16Apr2025 19:12:08.961] [Netty Epoll Server IO #2/DEBUG] [atomicstryker.infernalmobs.common.InfernalMobsCore/]: resolves to entity Chicken['Chicken'/634, l='ServerLevel[world]', x=-1914.90, y=71.00, z=2543.21] modifiers null
[16Apr2025 19:12:09.113] [Netty Epoll Server IO #2/DEBUG] [atomicstryker.infernalmobs.common.InfernalMobsCore/]: player ServerPlayer['DavidMaster'/423, l='ServerLevel[world]', x=-1755.35, y=-48.00, z=2548.29] from string DavidMaster querying server for mods of entity id 658
[16Apr2025 19:12:09.114] [Netty Epoll Server IO #2/DEBUG] [atomicstryker.infernalmobs.common.InfernalMobsCore/]: resolves to entity Sheep['Sheep'/658, l='ServerLevel[world]', x=-1915.03, y=71.00, z=2548.07] modifiers null
[16Apr2025 19:12:09.114] [Netty Epoll Server IO #2/DEBUG] [atomicstryker.infernalmobs.common.InfernalMobsCore/]: player ServerPlayer['DavidMaster'/423, l='ServerLevel[world]', x=-1755.35, y=-48.00, z=2548.29] from string DavidMaster querying server for mods of entity id 635
[16Apr2025 19:12:09.114] [Netty Epoll Server IO #2/DEBUG] [atomicstryker.infernalmobs.common.InfernalMobsCore/]: resolves to entity Chicken['Chicken'/635, l='ServerLevel[world]', x=-1914.99, y=71.00, z=2541.06] modifiers null
[16Apr2025 19:12:09.114] [Netty Epoll Server IO #2/DEBUG] [atomicstryker.infernalmobs.common.InfernalMobsCore/]: player ServerPlayer['DavidMaster'/423, l='ServerLevel[world]', x=-1755.35, y=-48.00, z=2548.29] from string DavidMaster querying server for mods of entity id 631
[16Apr2025 19:12:09.114] [Netty Epoll Server IO #2/DEBUG] [atomicstryker.infernalmobs.common.InfernalMobsCore/]: resolves to entity Chicken['Chicken'/631, l='ServerLevel[world]', x=-1915.24, y=70.94, z=2546.00] modifiers null
[16Apr2025 19:12:09.257] [Netty Epoll Server IO #2/DEBUG] [atomicstryker.infernalmobs.common.InfernalMobsCore/]: player ServerPlayer['DavidMaster'/423, l='ServerLevel[world]', x=-1755.35, y=-48.00, z=2548.29] from string DavidMaster querying server for mods of entity id 652
[16Apr2025 19:12:09.257] [Netty Epoll Server IO #2/DEBUG] [atomicstryker.infernalmobs.common.InfernalMobsCore/]: resolves to entity Sheep['Sheep'/652, l='ServerLevel[world]', x=-1915.16, y=71.00, z=2555.50] modifiers null
[16Apr2025 19:12:11.003] [Netty Epoll Server IO #2/DEBUG] [atomicstryker.infernalmobs.common.InfernalMobsCore/]: player ServerPlayer['DavidMaster'/423, l='ServerLevel[world]', x=-1755.35, y=-48.00, z=2548.29] from string DavidMaster querying server for mods of entity id 1785
[16Apr2025 19:12:11.003] [Netty Epoll Server IO #2/DEBUG] [atomicstryker.infernalmobs.common.InfernalMobsCore/]: resolves to entity Zombie['Zombie'/1785, l='ServerLevel[world]', x=-1660.50, y=-40.00, z=2514.50] modifiers null
[16Apr2025 19:12:11.003] [Netty Epoll Server IO #2/DEBUG] [atomicstryker.infernalmobs.common.InfernalMobsCore/]: player ServerPlayer['DavidMaster'/423, l='ServerLevel[world]', x=-1755.35, y=-48.00, z=2548.29] from string DavidMaster querying server for mods of entity id 1786
[16Apr2025 19:12:11.003] [Netty Epoll Server IO #2/DEBUG] [atomicstryker.infernalmobs.common.InfernalMobsCore/]: resolves to entity Zombie['Zombie'/1786, l='ServerLevel[world]', x=-1660.50, y=-40.00, z=2513.50] modifiers null
[16Apr2025 19:12:11.003] [Netty Epoll Server IO #2/DEBUG] [atomicstryker.infernalmobs.common.InfernalMobsCore/]: player ServerPlayer['DavidMaster'/423, l='ServerLevel[world]', x=-1755.35, y=-48.00, z=2548.29] from string DavidMaster querying server for mods of entity id 1787
[16Apr2025 19:12:11.003] [Netty Epoll Server IO #2/DEBUG] [atomicstryker.infernalmobs.common.InfernalMobsCore/]: resolves to entity Skeleton['Skeleton'/1787, l='ServerLevel[world]', x=-1658.50, y=-40.00, z=2509.50] modifiers null
[16Apr2025 19:12:11.013] [Netty Epoll Server IO #2/DEBUG] [atomicstryker.infernalmobs.common.InfernalMobsCore/]: player ServerPlayer['DavidMaster'/423, l='ServerLevel[world]', x=-1755.35, y=-48.00, z=2548.29] from string DavidMaster querying server for mods of entity id 1788
[16Apr2025 19:12:11.013] [Netty Epoll Server IO #2/DEBUG] [atomicstryker.infernalmobs.common.InfernalMobsCore/]: resolves to entity Skeleton['Skeleton'/1788, l='ServerLevel[world]', x=-1660.50, y=-40.00, z=2510.50] modifiers null
[16Apr2025 19:12:13.687] [Netty Epoll Server IO #2/DEBUG] [atomicstryker.infernalmobs.common.InfernalMobsCore/]: player ServerPlayer['DavidMaster'/423, l='ServerLevel[world]', x=-1752.40, y=-48.00, z=2550.85] from string DavidMaster querying server for mods of entity id 976
[16Apr2025 19:12:13.687] [Netty Epoll Server IO #2/DEBUG] [atomicstryker.infernalmobs.common.InfernalMobsCore/]: resolves to entity Sheep['Sheep'/976, l='ServerLevel[world]', x=-1593.49, y=67.00, z=2539.19] modifiers null
[16Apr2025 19:12:14.513] [Netty Epoll Server IO #2/DEBUG] [atomicstryker.infernalmobs.common.InfernalMobsCore/]: player ServerPlayer['DavidMaster'/423, l='ServerLevel[world]', x=-1751.07, y=-48.00, z=2551.32] from string DavidMaster querying server for mods of entity id 1794
[16Apr2025 19:12:14.513] [Netty Epoll Server IO #2/DEBUG] [atomicstryker.infernalmobs.common.InfernalMobsCore/]: resolves to entity Creeper['Creeper'/1794, l='ServerLevel[world]', x=-1762.50, y=-26.00, z=2590.50] modifiers null
[16Apr2025 19:12:14.513] [Netty Epoll Server IO #2/DEBUG] [atomicstryker.infernalmobs.common.InfernalMobsCore/]: player ServerPlayer['DavidMaster'/423, l='ServerLevel[world]', x=-1751.07, y=-48.00, z=2551.32] from string DavidMaster querying server for mods of entity id 1795
[16Apr2025 19:12:14.514] [Netty Epoll Server IO #2/DEBUG] [atomicstryker.infernalmobs.common.InfernalMobsCore/]: resolves to entity Creeper['Creeper'/1795, l='ServerLevel[world]', x=-1761.50, y=-26.00, z=2590.50] modifiers null
[16Apr2025 19:12:14.837] [Netty Epoll Server IO #2/DEBUG] [atomicstryker.infernalmobs.common.InfernalMobsCore/]: player ServerPlayer['DavidMaster'/423, l='ServerLevel[world]', x=-1750.95, y=-48.00, z=2551.37] from string DavidMaster querying server for mods of entity id 1796
[16Apr2025 19:12:14.837] [Netty Epoll Server IO #2/DEBUG] [atomicstryker.infernalmobs.common.InfernalMobsCore/]: resolves to entity Squid['Squid'/1796, l='ServerLevel[world]', x=-1733.50, y=58.00, z=2546.50] modifiers null
[16Apr2025 19:12:16.164] [Netty Epoll Server IO #2/DEBUG] [atomicstryker.infernalmobs.common.InfernalMobsCore/]: player ServerPlayer['DavidMaster'/423, l='ServerLevel[world]', x=-1754.09, y=-48.00, z=2549.65] from string DavidMaster querying server for mods of entity id 607
[16Apr2025 19:12:16.164] [Netty Epoll Server IO #2/DEBUG] [atomicstryker.infernalmobs.common.InfernalMobsCore/]: resolves to entity Chicken['Chicken'/607, l='ServerLevel[world]', x=-1907.11, y=74.00, z=2594.35] modifiers null
[16Apr2025 19:12:16.412] [Netty Epoll Server IO #2/DEBUG] [atomicstryker.infernalmobs.common.InfernalMobsCore/]: player ServerPlayer['DavidMaster'/423, l='ServerLevel[world]', x=-1754.75, y=-48.00, z=2548.90] from string DavidMaster querying server for mods of entity id 650
[16Apr2025 19:12:16.412] [Netty Epoll Server IO #2/DEBUG] [atomicstryker.infernalmobs.common.InfernalMobsCore/]: resolves to entity Sheep['Sheep'/650, l='ServerLevel[world]', x=-1914.16, y=71.00, z=2549.13] modifiers null
[16Apr2025 19:12:16.412] [Netty Epoll Server IO #2/DEBUG] [atomicstryker.infernalmobs.common.InfernalMobsCore/]: player ServerPlayer['DavidMaster'/423, l='ServerLevel[world]', x=-1754.75, y=-48.00, z=2548.90] from string DavidMaster querying server for mods of entity id 654
[16Apr2025 19:12:16.412] [Netty Epoll Server IO #2/DEBUG] [atomicstryker.infernalmobs.common.InfernalMobsCore/]: resolves to entity Sheep['Sheep'/654, l='ServerLevel[world]', x=-1914.07, y=71.00, z=2555.48] modifiers null
[16Apr2025 19:12:16.412] [Netty Epoll Server IO #2/DEBUG] [atomicstryker.infernalmobs.common.InfernalMobsCore/]: player ServerPlayer['DavidMaster'/423, l='ServerLevel[world]', x=-1754.75, y=-48.00, z=2548.90] from string DavidMaster querying server for mods of entity id 572
[16Apr2025 19:12:16.412] [Netty Epoll Server IO #2/DEBUG] [atomicstryker.infernalmobs.common.InfernalMobsCore/]: resolves to entity Pig['Pig'/572, l='ServerLevel[world]', x=-1900.35, y=77.00, z=2614.61] modifiers null
[16Apr2025 19:12:16.412] [Netty Epoll Server IO #2/DEBUG] [atomicstryker.infernalmobs.common.InfernalMobsCore/]: player ServerPlayer['DavidMaster'/423, l='ServerLevel[world]', x=-1754.75, y=-48.00, z=2548.90] from string DavidMaster querying server for mods of entity id 651
[16Apr2025 19:12:16.412] [Netty Epoll Server IO #2/DEBUG] [atomicstryker.infernalmobs.common.InfernalMobsCore/]: resolves to entity Sheep['Sheep'/651, l='ServerLevel[world]', x=-1914.07, y=71.00, z=2556.55] modifiers null
[16Apr2025 19:12:16.514] [Netty Epoll Server IO #2/DEBUG] [atomicstryker.infernalmobs.common.InfernalMobsCore/]: player ServerPlayer['DavidMaster'/423, l='ServerLevel[world]', x=-1754.63, y=-48.00, z=2548.54] from string DavidMaster querying server for mods of entity id 878
[16Apr2025 19:12:16.514] [Netty Epoll Server IO #2/DEBUG] [atomicstryker.infernalmobs.common.InfernalMobsCore/]: resolves to entity Sheep['Sheep'/878, l='ServerLevel[world]', x=-1846.38, y=84.00, z=2418.62] modifiers null
[16Apr2025 19:12:16.514] [Netty Epoll Server IO #2/DEBUG] [atomicstryker.infernalmobs.common.InfernalMobsCore/]: player ServerPlayer['DavidMaster'/423, l='ServerLevel[world]', x=-1754.63, y=-48.00, z=2548.54] from string DavidMaster querying server for mods of entity id 686
[16Apr2025 19:12:16.514] [Netty Epoll Server IO #2/DEBUG] [atomicstryker.infernalmobs.common.InfernalMobsCore/]: resolves to entity Pig['Pig'/686, l='ServerLevel[world]', x=-1912.47, y=74.00, z=2574.74] modifiers null
[16Apr2025 19:12:16.670] [Netty Epoll Server IO #2/DEBUG] [atomicstryker.infernalmobs.common.InfernalMobsCore/]: player ServerPlayer['DavidMaster'/423, l='ServerLevel[world]', x=-1754.38, y=-48.00, z=2548.08] from string DavidMaster querying server for mods of entity id 703
[16Apr2025 19:12:16.670] [Netty Epoll Server IO #2/DEBUG] [atomicstryker.infernalmobs.common.InfernalMobsCore/]: resolves to entity Chicken['Chicken'/703, l='ServerLevel[world]', x=-1914.69, y=70.94, z=2546.53] modifiers null
[16Apr2025 19:12:16.711] [Netty Epoll Server IO #2/DEBUG] [atomicstryker.infernalmobs.common.InfernalMobsCore/]: player ServerPlayer['DavidMaster'/423, l='ServerLevel[world]', x=-1754.38, y=-48.00, z=2548.08] from string DavidMaster querying server for mods of entity id 1797
[16Apr2025 19:12:16.711] [Netty Epoll Server IO #2/DEBUG] [atomicstryker.infernalmobs.common.InfernalMobsCore/]: resolves to entity Creeper['Creeper'/1797, l='ServerLevel[world]', x=-1758.38, y=-11.00, z=2538.62] modifiers null
[16Apr2025 19:12:16.711] [Netty Epoll Server IO #2/DEBUG] [atomicstryker.infernalmobs.common.InfernalMobsCore/]: player ServerPlayer['DavidMaster'/423, l='ServerLevel[world]', x=-1754.38, y=-48.00, z=2548.08] from string DavidMaster querying server for mods of entity id 1798
[16Apr2025 19:12:16.711] [Netty Epoll Server IO #2/DEBUG] [atomicstryker.infernalmobs.common.InfernalMobsCore/]: resolves to entity Zombie['Zombie'/1798, l='ServerLevel[world]', x=-1758.50, y=-11.00, z=2539.50] modifiers null
[16Apr2025 19:12:16.711] [Netty Epoll Server IO #2/DEBUG] [atomicstryker.infernalmobs.common.InfernalMobsCore/]: player ServerPlayer['DavidMaster'/423, l='ServerLevel[world]', x=-1754.38, y=-48.00, z=2548.08] from string DavidMaster querying server for mods of entity id 1799
[16Apr2025 19:12:16.711] [Netty Epoll Server IO #2/DEBUG] [atomicstryker.infernalmobs.common.InfernalMobsCore/]: resolves to entity Zombie['Zombie'/1799, l='ServerLevel[world]', x=-1756.63, y=-11.00, z=2539.68] modifiers null
[16Apr2025 19:12:19.808] [Netty Epoll Server IO #2/DEBUG] [atomicstryker.infernalmobs.common.InfernalMobsCore/]: player ServerPlayer['DavidMaster'/423, l='ServerLevel[world]', x=-1754.32, y=-48.00, z=2547.96] from string DavidMaster querying server for mods of entity id 1800
[16Apr2025 19:12:19.808] [Netty Epoll Server IO #2/DEBUG] [atomicstryker.infernalmobs.common.InfernalMobsCore/]: resolves to entity Squid['Squid'/1800, l='ServerLevel[world]', x=-1769.50, y=61.00, z=2598.50] modifiers null
[16Apr2025 19:12:19.808] [Netty Epoll Server IO #2/DEBUG] [atomicstryker.infernalmobs.common.InfernalMobsCore/]: player ServerPlayer['DavidMaster'/423, l='ServerLevel[world]', x=-1754.32, y=-48.00, z=2547.96] from string DavidMaster querying server for mods of entity id 1801
[16Apr2025 19:12:19.808] [Netty Epoll Server IO #2/DEBUG] [atomicstryker.infernalmobs.common.InfernalMobsCore/]: resolves to entity Squid['Squid'/1801, l='ServerLevel[world]', x=-1768.50, y=61.00, z=2600.50] modifiers null
[16Apr2025 19:12:19.814] [Netty Epoll Server IO #2/DEBUG] [atomicstryker.infernalmobs.common.InfernalMobsCore/]: player ServerPlayer['DavidMaster'/423, l='ServerLevel[world]', x=-1754.32, y=-48.00, z=2547.96] from string DavidMaster querying server for mods of entity id 1802
[16Apr2025 19:12:19.814] [Netty Epoll Server IO #2/DEBUG] [atomicstryker.infernalmobs.common.InfernalMobsCore/]: resolves to entity Squid['Squid'/1802, l='ServerLevel[world]', x=-1765.50, y=61.00, z=2597.50] modifiers null
[16Apr2025 19:12:19.814] [Netty Epoll Server IO #2/DEBUG] [atomicstryker.infernalmobs.common.InfernalMobsCore/]: player ServerPlayer['DavidMaster'/423, l='ServerLevel[world]', x=-1754.32, y=-48.00, z=2547.96] from string DavidMaster querying server for mods of entity id 1803
[16Apr2025 19:12:19.814] [Netty Epoll Server IO #2/DEBUG] [atomicstryker.infernalmobs.common.InfernalMobsCore/]: resolves to entity Squid['Squid'/1803, l='ServerLevel[world]', x=-1769.50, y=61.00, z=2601.50] modifiers null
[16Apr2025 19:12:20.870] [Netty Epoll Server IO #2/DEBUG] [atomicstryker.infernalmobs.common.InfernalMobsCore/]: player ServerPlayer['DavidMaster'/423, l='ServerLevel[world]', x=-1754.32, y=-48.00, z=2547.96] from string DavidMaster querying server for mods of entity id 1804
[16Apr2025 19:12:20.870] [Netty Epoll Server IO #2/DEBUG] [atomicstryker.infernalmobs.common.InfernalMobsCore/]: resolves to entity Skeleton['Skeleton'/1804, l='ServerLevel[world]', x=-1680.50, y=23.00, z=2474.50] modifiers null
[16Apr2025 19:12:21.254] [Netty Epoll Server IO #2/DEBUG] [atomicstryker.infernalmobs.common.InfernalMobsCore/]: player ServerPlayer['DavidMaster'/423, l='ServerLevel[world]', x=-1755.48, y=-48.00, z=2548.36] from string DavidMaster querying server for mods of entity id 1806
[16Apr2025 19:12:21.254] [Netty Epoll Server IO #2/DEBUG] [atomicstryker.infernalmobs.common.InfernalMobsCore/]: resolves to entity Creeper['Creeper'/1806, l='ServerLevel[world]', x=-1844.50, y=-43.00, z=2525.50] modifiers null
[16Apr2025 19:12:21.337] [Netty Epoll Server IO #2/DEBUG] [atomicstryker.infernalmobs.common.InfernalMobsCore/]: player ServerPlayer['DavidMaster'/423, l='ServerLevel[world]', x=-1755.69, y=-48.08, z=2548.39] from string DavidMaster querying server for mods of entity id 572
[16Apr2025 19:12:21.337] [Netty Epoll Server IO #2/DEBUG] [atomicstryker.infernalmobs.common.InfernalMobsCore/]: resolves to entity Pig['Pig'/572, l='ServerLevel[world]', x=-1900.35, y=77.00, z=2614.61] modifiers null
[16Apr2025 19:12:21.337] [Netty Epoll Server IO #2/DEBUG] [atomicstryker.infernalmobs.common.InfernalMobsCore/]: player ServerPlayer['DavidMaster'/423, l='ServerLevel[world]', x=-1755.69, y=-48.08, z=2548.39] from string DavidMaster querying server for mods of entity id 703
[16Apr2025 19:12:21.337] [Netty Epoll Server IO #2/DEBUG] [atomicstryker.infernalmobs.common.InfernalMobsCore/]: resolves to entity Chicken['Chicken'/703, l='ServerLevel[world]', x=-1914.69, y=70.94, z=2546.53] modifiers null
[16Apr2025 19:12:21.363] [Netty Epoll Server IO #2/DEBUG] [atomicstryker.infernalmobs.common.InfernalMobsCore/]: player ServerPlayer['DavidMaster'/423, l='ServerLevel[world]', x=-1755.69, y=-48.08, z=2548.39] from string DavidMaster querying server for mods of entity id 686
[16Apr2025 19:12:21.363] [Netty Epoll Server IO #2/DEBUG] [atomicstryker.infernalmobs.common.InfernalMobsCore/]: resolves to entity Pig['Pig'/686, l='ServerLevel[world]', x=-1912.47, y=74.00, z=2574.74] modifiers null
[16Apr2025 19:12:21.364] [Netty Epoll Server IO #2/DEBUG] [atomicstryker.infernalmobs.common.InfernalMobsCore/]: player ServerPlayer['DavidMaster'/423, l='ServerLevel[world]', x=-1755.69, y=-48.08, z=2548.39] from string DavidMaster querying server for mods of entity id 658
[16Apr2025 19:12:21.364] [Netty Epoll Server IO #2/DEBUG] [atomicstryker.infernalmobs.common.InfernalMobsCore/]: resolves to entity Sheep['Sheep'/658, l='ServerLevel[world]', x=-1915.03, y=71.00, z=2548.07] modifiers null
[16Apr2025 19:12:21.364] [Netty Epoll Server IO #2/DEBUG] [atomicstryker.infernalmobs.common.InfernalMobsCore/]: player ServerPlayer['DavidMaster'/423, l='ServerLevel[world]', x=-1755.69, y=-48.08, z=2548.39] from string DavidMaster querying server for mods of entity id 634
[16Apr2025 19:12:21.364] [Netty Epoll Server IO #2/DEBUG] [atomicstryker.infernalmobs.common.InfernalMobsCore/]: resolves to entity Chicken['Chicken'/634, l='ServerLevel[world]', x=-1914.90, y=71.00, z=2543.21] modifiers null
[16Apr2025 19:12:21.412] [Netty Epoll Server IO #2/DEBUG] [atomicstryker.infernalmobs.common.InfernalMobsCore/]: player ServerPlayer['DavidMaster'/423, l='ServerLevel[world]', x=-1755.97, y=-48.46, z=2548.41] from string DavidMaster querying server for mods of entity id 635
[16Apr2025 19:12:21.412] [Netty Epoll Server IO #2/DEBUG] [atomicstryker.infernalmobs.common.InfernalMobsCore/]: resolves to entity Chicken['Chicken'/635, l='ServerLevel[world]', x=-1914.99, y=71.00, z=2541.06] modifiers null
[16Apr2025 19:12:21.412] [Netty Epoll Server IO #2/DEBUG] [atomicstryker.infernalmobs.common.InfernalMobsCore/]: player ServerPlayer['DavidMaster'/423, l='ServerLevel[world]', x=-1755.97, y=-48.46, z=2548.41] from string DavidMaster querying server for mods of entity id 631
[16Apr2025 19:12:21.412] [Netty Epoll Server IO #2/DEBUG] [atomicstryker.infernalmobs.common.InfernalMobsCore/]: resolves to entity Chicken['Chicken'/631, l='ServerLevel[world]', x=-1915.24, y=70.94, z=2546.00] modifiers null
[16Apr2025 19:12:21.412] [Netty Epoll Server IO #2/DEBUG] [atomicstryker.infernalmobs.common.InfernalMobsCore/]: player ServerPlayer['DavidMaster'/423, l='ServerLevel[world]', x=-1755.97, y=-48.46, z=2548.41] from string DavidMaster querying server for mods of entity id 652
[16Apr2025 19:12:21.412] [Netty Epoll Server IO #2/DEBUG] [atomicstryker.infernalmobs.common.InfernalMobsCore/]: resolves to entity Sheep['Sheep'/652, l='ServerLevel[world]', x=-1915.16, y=71.00, z=2555.50] modifiers null
[16Apr2025 19:12:21.412] [Netty Epoll Server IO #2/DEBUG] [atomicstryker.infernalmobs.common.InfernalMobsCore/]: player ServerPlayer['DavidMaster'/423, l='ServerLevel[world]', x=-1755.97, y=-48.46, z=2548.41] from string DavidMaster querying server for mods of entity id 641
[16Apr2025 19:12:21.412] [Netty Epoll Server IO #2/DEBUG] [atomicstryker.infernalmobs.common.InfernalMobsCore/]: resolves to entity Sheep['Sheep'/641, l='ServerLevel[world]', x=-1915.16, y=71.00, z=2556.55] modifiers null
[16Apr2025 19:12:21.570] [Netty Epoll Server IO #2/DEBUG] [atomicstryker.infernalmobs.common.InfernalMobsCore/]: player ServerPlayer['DavidMaster'/423, l='ServerLevel[world]', x=-1756.49, y=-49.00, z=2548.34] from string DavidMaster querying server for mods of entity id 649
[16Apr2025 19:12:21.571] [Netty Epoll Server IO #2/DEBUG] [atomicstryker.infernalmobs.common.InfernalMobsCore/]: resolves to entity Sheep['Sheep'/649, l='ServerLevel[world]', x=-1915.53, y=71.00, z=2553.10] modifiers null
[16Apr2025 19:12:21.703] [Netty Epoll Server IO #2/DEBUG] [atomicstryker.infernalmobs.common.InfernalMobsCore/]: player ServerPlayer['DavidMaster'/423, l='ServerLevel[world]', x=-1757.16, y=-49.00, z=2548.06] from string DavidMaster querying server for mods of entity id 1807
[16Apr2025 19:12:21.704] [Netty Epoll Server IO #2/DEBUG] [atomicstryker.infernalmobs.common.InfernalMobsCore/]: resolves to entity Creeper['Creeper'/1807, l='ServerLevel[world]', x=-1851.50, y=-35.00, z=2511.50] modifiers null
[16Apr2025 19:12:21.714] [Netty Epoll Server IO #2/DEBUG] [atomicstryker.infernalmobs.common.InfernalMobsCore/]: player ServerPlayer['DavidMaster'/423, l='ServerLevel[world]', x=-1757.16, y=-49.00, z=2548.06] from string DavidMaster querying server for mods of entity id 1808
[16Apr2025 19:12:21.714] [Netty Epoll Server IO #2/DEBUG] [atomicstryker.infernalmobs.common.InfernalMobsCore/]: resolves to entity Creeper['Creeper'/1808, l='ServerLevel[world]', x=-1848.50, y=-35.00, z=2507.50] modifiers null
[16Apr2025 19:12:21.714] [Netty Epoll Server IO #2/DEBUG] [atomicstryker.infernalmobs.common.InfernalMobsCore/]: player ServerPlayer['DavidMaster'/423, l='ServerLevel[world]', x=-1757.16, y=-49.00, z=2548.06] from string DavidMaster querying server for mods of entity id 656
[16Apr2025 19:12:21.714] [Netty Epoll Server IO #2/DEBUG] [atomicstryker.infernalmobs.common.InfernalMobsCore/]: resolves to entity Sheep['Sheep'/656, l='ServerLevel[world]', x=-1915.97, y=71.00, z=2550.22] modifiers null
[16Apr2025 19:12:21.714] [Netty Epoll Server IO #2/DEBUG] [atomicstryker.infernalmobs.common.InfernalMobsCore/]: player ServerPlayer['DavidMaster'/423, l='ServerLevel[world]', x=-1757.16, y=-49.00, z=2548.06] from string DavidMaster querying server for mods of entity id 646
[16Apr2025 19:12:21.714] [Netty Epoll Server IO #2/DEBUG] [atomicstryker.infernalmobs.common.InfernalMobsCore/]: resolves to entity Sheep['Sheep'/646, l='ServerLevel[world]', x=-1916.16, y=71.00, z=2555.95] modifiers null
[16Apr2025 19:12:21.721] [Netty Epoll Server IO #2/DEBUG] [atomicstryker.infernalmobs.common.InfernalMobsCore/]: player ServerPlayer['DavidMaster'/423, l='ServerLevel[world]', x=-1757.16, y=-49.00, z=2548.06] from string DavidMaster querying server for mods of entity id 670
[16Apr2025 19:12:21.721] [Netty Epoll Server IO #2/DEBUG] [atomicstryker.infernalmobs.common.InfernalMobsCore/]: resolves to entity Pig['Pig'/670, l='ServerLevel[world]', x=-1910.40, y=76.00, z=2591.63] modifiers null
[16Apr2025 19:12:21.789] [Netty Epoll Server IO #2/DEBUG] [atomicstryker.infernalmobs.common.InfernalMobsCore/]: player ServerPlayer['DavidMaster'/423, l='ServerLevel[world]', x=-1757.41, y=-49.00, z=2547.95] from string DavidMaster querying server for mods of entity id 1809
[16Apr2025 19:12:21.789] [Netty Epoll Server IO #2/DEBUG] [atomicstryker.infernalmobs.common.InfernalMobsCore/]: resolves to entity Skeleton['Skeleton'/1809, l='ServerLevel[world]', x=-1701.50, y=-4.00, z=2502.50] modifiers null
[16Apr2025 19:12:21.789] [Netty Epoll Server IO #2/DEBUG] [atomicstryker.infernalmobs.common.InfernalMobsCore/]: player ServerPlayer['DavidMaster'/423, l='ServerLevel[world]', x=-1757.41, y=-49.00, z=2547.95] from string DavidMaster querying server for mods of entity id 660
[16Apr2025 19:12:21.790] [Netty Epoll Server IO #2/DEBUG] [atomicstryker.infernalmobs.common.InfernalMobsCore/]: resolves to entity Sheep['Sheep'/660, l='ServerLevel[world]', x=-1916.59, y=71.00, z=2552.74] modifiers null
[16Apr2025 19:12:21.790] [Netty Epoll Server IO #2/DEBUG] [atomicstryker.infernalmobs.common.InfernalMobsCore/]: player ServerPlayer['DavidMaster'/423, l='ServerLevel[world]', x=-1757.41, y=-49.00, z=2547.95] from string DavidMaster querying server for mods of entity id 606
[16Apr2025 19:12:21.790] [Netty Epoll Server IO #2/DEBUG] [atomicstryker.infernalmobs.common.InfernalMobsCore/]: resolves to entity Cow['Cow'/606, l='ServerLevel[world]', x=-1907.25, y=76.00, z=2602.40] modifiers null
[16Apr2025 19:12:21.887] [Netty Epoll Server IO #2/DEBUG] [atomicstryker.infernalmobs.common.InfernalMobsCore/]: player ServerPlayer['DavidMaster'/423, l='ServerLevel[world]', x=-1757.92, y=-49.00, z=2547.73] from string DavidMaster querying server for mods of entity id 637
[16Apr2025 19:12:21.888] [Netty Epoll Server IO #2/DEBUG] [atomicstryker.infernalmobs.common.InfernalMobsCore/]: resolves to entity Chicken['Chicken'/637, l='ServerLevel[world]', x=-1916.53, y=71.00, z=2540.03] modifiers null
[16Apr2025 19:12:21.914] [Netty Epoll Server IO #2/DEBUG] [atomicstryker.infernalmobs.common.InfernalMobsCore/]: player ServerPlayer['DavidMaster'/423, l='ServerLevel[world]', x=-1757.92, y=-49.00, z=2547.73] from string DavidMaster querying server for mods of entity id 633
[16Apr2025 19:12:21.914] [Netty Epoll Server IO #2/DEBUG] [atomicstryker.infernalmobs.common.InfernalMobsCore/]: resolves to entity Chicken['Chicken'/633, l='ServerLevel[world]', x=-1916.91, y=71.00, z=2542.10] modifiers null
[16Apr2025 19:12:22.073] [Netty Epoll Server IO #2/DEBUG] [atomicstryker.infernalmobs.common.InfernalMobsCore/]: player ServerPlayer['DavidMaster'/423, l='ServerLevel[world]', x=-1758.71, y=-49.00, z=2546.99] from string DavidMaster querying server for mods of entity id 730
[16Apr2025 19:12:22.073] [Netty Epoll Server IO #2/DEBUG] [atomicstryker.infernalmobs.common.InfernalMobsCore/]: resolves to entity Sheep['Sheep'/730, l='ServerLevel[world]', x=-1917.66, y=71.00, z=2551.25] modifiers null
[16Apr2025 19:12:22.074] [Netty Epoll Server IO #2/DEBUG] [atomicstryker.infernalmobs.common.InfernalMobsCore/]: player ServerPlayer['DavidMaster'/423, l='ServerLevel[world]', x=-1758.71, y=-49.00, z=2546.99] from string DavidMaster querying server for mods of entity id 937
[16Apr2025 19:12:22.074] [Netty Epoll Server IO #2/DEBUG] [atomicstryker.infernalmobs.common.InfernalMobsCore/]: resolves to entity Chicken['Chicken'/937, l='ServerLevel[world]', x=-1823.54, y=82.00, z=2401.86] modifiers null
[16Apr2025 19:12:22.169] [Netty Epoll Server IO #2/DEBUG] [atomicstryker.infernalmobs.common.InfernalMobsCore/]: player ServerPlayer['DavidMaster'/423, l='ServerLevel[world]', x=-1759.01, y=-49.00, z=2546.52] from string DavidMaster querying server for mods of entity id 713
[16Apr2025 19:12:22.169] [Netty Epoll Server IO #2/DEBUG] [atomicstryker.infernalmobs.common.InfernalMobsCore/]: resolves to entity Chicken['Chicken'/713, l='ServerLevel[world]', x=-1917.86, y=71.00, z=2539.61] modifiers null
[16Apr2025 19:12:22.171] [Netty Epoll Server IO #2/DEBUG] [atomicstryker.infernalmobs.common.InfernalMobsCore/]: player ServerPlayer['DavidMaster'/423, l='ServerLevel[world]', x=-1759.01, y=-49.00, z=2546.52] from string DavidMaster querying server for mods of entity id 659
[16Apr2025 19:12:22.171] [Netty Epoll Server IO #2/DEBUG] [atomicstryker.infernalmobs.common.InfernalMobsCore/]: resolves to entity Chicken['Chicken'/659, l='ServerLevel[world]', x=-1918.27, y=70.94, z=2545.76] modifiers null
[16Apr2025 19:12:22.172] [Netty Epoll Server IO #2/DEBUG] [atomicstryker.infernalmobs.common.InfernalMobsCore/]: player ServerPlayer['DavidMaster'/423, l='ServerLevel[world]', x=-1759.01, y=-49.00, z=2546.52] from string DavidMaster querying server for mods of entity id 662
[16Apr2025 19:12:22.172] [Netty Epoll Server IO #2/DEBUG] [atomicstryker.infernalmobs.common.InfernalMobsCore/]: resolves to entity Sheep['Sheep'/662, l='ServerLevel[world]', x=-1918.08, y=71.00, z=2555.01] modifiers null
[16Apr2025 19:12:22.172] [Netty Epoll Server IO #2/DEBUG] [atomicstryker.infernalmobs.common.InfernalMobsCore/]: player ServerPlayer['DavidMaster'/423, l='ServerLevel[world]', x=-1759.01, y=-49.00, z=2546.52] from string DavidMaster querying server for mods of entity id 630
[16Apr2025 19:12:22.172] [Netty Epoll Server IO #2/DEBUG] [atomicstryker.infernalmobs.common.InfernalMobsCore/]: resolves to entity Chicken['Chicken'/630, l='ServerLevel[world]', x=-1918.03, y=71.00, z=2540.24] modifiers null
[16Apr2025 19:12:22.237] [Netty Epoll Server IO #2/DEBUG] [atomicstryker.infernalmobs.common.InfernalMobsCore/]: player ServerPlayer['DavidMaster'/423, l='ServerLevel[world]', x=-1759.09, y=-49.00, z=2546.39] from string DavidMaster querying server for mods of entity id 742
[16Apr2025 19:12:22.237] [Netty Epoll Server IO #2/DEBUG] [atomicstryker.infernalmobs.common.InfernalMobsCore/]: resolves to entity Sheep['Sheep'/742, l='ServerLevel[world]', x=-1918.42, y=71.00, z=2552.28] modifiers null
[16Apr2025 19:12:22.237] [Netty Epoll Server IO #2/DEBUG] [atomicstryker.infernalmobs.common.InfernalMobsCore/]: player ServerPlayer['DavidMaster'/423, l='ServerLevel[world]', x=-1759.09, y=-49.00, z=2546.39] from string DavidMaster querying server for mods of entity id 629
[16Apr2025 19:12:22.237] [Netty Epoll Server IO #2/DEBUG] [atomicstryker.infernalmobs.common.InfernalMobsCore/]: resolves to entity Chicken['Chicken'/629, l='ServerLevel[world]', x=-1918.40, y=71.00, z=2541.42] modifiers null
[16Apr2025 19:12:22.388] [Netty Epoll Server IO #2/DEBUG] [atomicstryker.infernalmobs.common.InfernalMobsCore/]: player ServerPlayer['DavidMaster'/423, l='ServerLevel[world]', x=-1759.17, y=-49.00, z=2546.26] from string DavidMaster querying server for mods of entity id 710
[16Apr2025 19:12:22.388] [Netty Epoll Server IO #2/DEBUG] [atomicstryker.infernalmobs.common.InfernalMobsCore/]: resolves to entity Chicken['Chicken'/710, l='ServerLevel[world]', x=-1918.72, y=71.00, z=2540.71] modifiers null
[16Apr2025 19:12:22.412] [Netty Epoll Server IO #2/DEBUG] [atomicstryker.infernalmobs.common.InfernalMobsCore/]: player ServerPlayer['DavidMaster'/423, l='ServerLevel[world]', x=-1759.17, y=-49.00, z=2546.26] from string DavidMaster querying server for mods of entity id 636
[16Apr2025 19:12:22.412] [Netty Epoll Server IO #2/DEBUG] [atomicstryker.infernalmobs.common.InfernalMobsCore/]: resolves to entity Chicken['Chicken'/636, l='ServerLevel[world]', x=-1918.87, y=71.00, z=2538.51] modifiers null
[16Apr2025 19:12:22.412] [Netty Epoll Server IO #2/DEBUG] [atomicstryker.infernalmobs.common.InfernalMobsCore/]: player ServerPlayer['DavidMaster'/423, l='ServerLevel[world]', x=-1759.17, y=-49.00, z=2546.26] from string DavidMaster querying server for mods of entity id 1810
[16Apr2025 19:12:22.412] [Netty Epoll Server IO #2/DEBUG] [atomicstryker.infernalmobs.common.InfernalMobsCore/]: resolves to entity Creeper['Creeper'/1810, l='ServerLevel[world]', x=-1878.50, y=-50.00, z=2562.50] modifiers null
[16Apr2025 19:12:22.680] [Server thread/DEBUG] [atomicstryker.infernalmobs.common.InfernalMobsCore/]: entity Drowned['Drowned'/1812, l='ServerLevel[world]', x=-1966.50, y=37.00, z=2433.50] was spawned in unmodified before, not modifying it
[16Apr2025 19:12:22.680] [Server thread/DEBUG] [atomicstryker.infernalmobs.common.InfernalMobsCore/]: entity Spider['Spider'/1814, l='ServerLevel[world]', x=-1955.74, y=-16.00, z=2489.69] was spawned in unmodified before, not modifying it
[16Apr2025 19:12:22.680] [Server thread/DEBUG] [atomicstryker.infernalmobs.common.InfernalMobsCore/]: entity Drowned['Drowned'/1815, l='ServerLevel[world]', x=-1958.50, y=39.00, z=2430.50] was spawned in unmodified before, not modifying it
[16Apr2025 19:12:22.680] [Server thread/DEBUG] [atomicstryker.infernalmobs.common.InfernalMobsCore/]: entity Skeleton['Skeleton'/1824, l='ServerLevel[world]', x=-1955.50, y=-22.00, z=2546.50] was spawned in unmodified before, not modifying it
[16Apr2025 19:12:22.680] [Server thread/DEBUG] [atomicstryker.infernalmobs.common.InfernalMobsCore/]: reloading mods for Spider['Spider'/1825, l='ServerLevel[world]', x=-1962.50, y=20.00, z=2562.50]: Ender Ninja , mod instance atomicstryker.infernalmobs.common.mods.MM_Ender@77110d3d
[16Apr2025 19:12:22.688] [Netty Epoll Server IO #2/DEBUG] [atomicstryker.infernalmobs.common.InfernalMobsCore/]: player ServerPlayer['DavidMaster'/423, l='ServerLevel[world]', x=-1760.13, y=-49.00, z=2545.88] from string DavidMaster querying server for mods of entity id 732
[16Apr2025 19:12:22.688] [Netty Epoll Server IO #2/DEBUG] [atomicstryker.infernalmobs.common.InfernalMobsCore/]: resolves to entity Chicken['Chicken'/732, l='ServerLevel[world]', x=-1919.29, y=71.00, z=2546.95] modifiers null
[16Apr2025 19:12:22.714] [Netty Epoll Server IO #2/DEBUG] [atomicstryker.infernalmobs.common.InfernalMobsCore/]: player ServerPlayer['DavidMaster'/423, l='ServerLevel[world]', x=-1760.13, y=-49.00, z=2545.88] from string DavidMaster querying server for mods of entity id 664
[16Apr2025 19:12:22.714] [Netty Epoll Server IO #2/DEBUG] [atomicstryker.infernalmobs.common.InfernalMobsCore/]: resolves to entity Sheep['Sheep'/664, l='ServerLevel[world]', x=-1919.06, y=71.00, z=2555.56] modifiers null
[16Apr2025 19:12:22.813] [Netty Epoll Server IO #2/DEBUG] [atomicstryker.infernalmobs.common.InfernalMobsCore/]: player ServerPlayer['DavidMaster'/423, l='ServerLevel[world]', x=-1760.89, y=-49.00, z=2545.80] from string DavidMaster querying server for mods of entity id 642
[16Apr2025 19:12:22.814] [Netty Epoll Server IO #2/DEBUG] [atomicstryker.infernalmobs.common.InfernalMobsCore/]: resolves to entity Sheep['Sheep'/642, l='ServerLevel[world]', x=-1919.90, y=71.00, z=2552.34] modifiers null
[16Apr2025 19:12:22.814] [Netty Epoll Server IO #2/DEBUG] [atomicstryker.infernalmobs.common.InfernalMobsCore/]: player ServerPlayer['DavidMaster'/423, l='ServerLevel[world]', x=-1760.89, y=-49.00, z=2545.80] from string DavidMaster querying server for mods of entity id 697
[16Apr2025 19:12:22.814] [Netty Epoll Server IO #2/DEBUG] [atomicstryker.infernalmobs.common.InfernalMobsCore/]: resolves to entity Chicken['Chicken'/697, l='ServerLevel[world]', x=-1919.99, y=71.00, z=2540.27] modifiers null
[16Apr2025 19:12:23.037] [Netty Epoll Server IO #2/DEBUG] [atomicstryker.infernalmobs.common.InfernalMobsCore/]: player ServerPlayer['DavidMaster'/423, l='ServerLevel[world]', x=-1761.98, y=-49.00, z=2545.65] from string DavidMaster querying server for mods of entity id 743
[16Apr2025 19:12:23.037] [Netty Epoll Server IO #2/DEBUG] [atomicstryker.infernalmobs.common.InfernalMobsCore/]: resolves to entity Chicken['Chicken'/743, l='ServerLevel[world]', x=-1920.21, y=70.94, z=2546.09] modifiers null
[16Apr2025 19:12:23.064] [Netty Epoll Server IO #2/DEBUG] [atomicstryker.infernalmobs.common.InfernalMobsCore/]: player ServerPlayer['DavidMaster'/423, l='ServerLevel[world]', x=-1761.98, y=-49.00, z=2545.65] from string DavidMaster querying server for mods of entity id 740
[16Apr2025 19:12:23.064] [Netty Epoll Server IO #2/DEBUG] [atomicstryker.infernalmobs.common.InfernalMobsCore/]: resolves to entity Sheep['Sheep'/740, l='ServerLevel[world]', x=-1920.50, y=71.00, z=2550.48] modifiers null
[16Apr2025 19:12:23.088] [Netty Epoll Server IO #2/DEBUG] [atomicstryker.infernalmobs.common.InfernalMobsCore/]: player ServerPlayer['DavidMaster'/423, l='ServerLevel[world]', x=-1762.23, y=-49.00, z=2545.53] from string DavidMaster querying server for mods of entity id 712
[16Apr2025 19:12:23.088] [Netty Epoll Server IO #2/DEBUG] [atomicstryker.infernalmobs.common.InfernalMobsCore/]: resolves to entity Chicken['Chicken'/712, l='ServerLevel[world]', x=-1920.74, y=71.00, z=2538.73] modifiers null
[16Apr2025 19:12:23.088] [Netty Epoll Server IO #2/DEBUG] [atomicstryker.infernalmobs.common.InfernalMobsCore/]: player ServerPlayer['DavidMaster'/423, l='ServerLevel[world]', x=-1762.23, y=-49.00, z=2545.53] from string DavidMaster querying server for mods of entity id 647
[16Apr2025 19:12:23.088] [Netty Epoll Server IO #2/DEBUG] [atomicstryker.infernalmobs.common.InfernalMobsCore/]: resolves to entity Sheep['Sheep'/647, l='ServerLevel[world]', x=-1920.97, y=71.00, z=2548.07] modifiers null
[16Apr2025 19:12:23.114] [Netty Epoll Server IO #2/DEBUG] [atomicstryker.infernalmobs.common.InfernalMobsCore/]: player ServerPlayer['DavidMaster'/423, l='ServerLevel[world]', x=-1762.23, y=-49.00, z=2545.53] from string DavidMaster querying server for mods of entity id 714
[16Apr2025 19:12:23.114] [Netty Epoll Server IO #2/DEBUG] [atomicstryker.infernalmobs.common.InfernalMobsCore/]: resolves to entity Chicken['Chicken'/714, l='ServerLevel[world]', x=-1921.16, y=71.00, z=2541.05] modifiers null
[16Apr2025 19:12:23.114] [Netty Epoll Server IO #2/DEBUG] [atomicstryker.infernalmobs.common.InfernalMobsCore/]: player ServerPlayer['DavidMaster'/423, l='ServerLevel[world]', x=-1762.23, y=-49.00, z=2545.53] from string DavidMaster querying server for mods of entity id 643
[16Apr2025 19:12:23.114] [Netty Epoll Server IO #2/DEBUG] [atomicstryker.infernalmobs.common.InfernalMobsCore/]: resolves to entity Sheep['Sheep'/643, l='ServerLevel[world]', x=-1921.13, y=71.00, z=2551.50] modifiers null
[16Apr2025 19:12:23.114] [Netty Epoll Server IO #2/DEBUG] [atomicstryker.infernalmobs.common.InfernalMobsCore/]: player ServerPlayer['DavidMaster'/423, l='ServerLevel[world]', x=-1762.23, y=-49.00, z=2545.53] from string DavidMaster querying server for mods of entity id 639
[16Apr2025 19:12:23.114] [Netty Epoll Server IO #2/DEBUG] [atomicstryker.infernalmobs.common.InfernalMobsCore/]: resolves to entity Sheep['Sheep'/639, l='ServerLevel[world]', x=-1921.04, y=71.00, z=2556.47] modifiers null
[16Apr2025 19:12:23.189] [Netty Epoll Server IO #2/DEBUG] [atomicstryker.infernalmobs.common.InfernalMobsCore/]: player ServerPlayer['DavidMaster'/423, l='ServerLevel[world]', x=-1762.68, y=-49.00, z=2545.22] from string DavidMaster querying server for mods of entity id 608
[16Apr2025 19:12:23.189] [Netty Epoll Server IO #2/DEBUG] [atomicstryker.infernalmobs.common.InfernalMobsCore/]: resolves to entity Chicken['Chicken'/608, l='ServerLevel[world]', x=-1914.68, y=76.00, z=2592.57] modifiers null
[16Apr2025 19:12:23.189] [Netty Epoll Server IO #2/DEBUG] [atomicstryker.infernalmobs.common.InfernalMobsCore/]: player ServerPlayer['DavidMaster'/423, l='ServerLevel[world]', x=-1762.68, y=-49.00, z=2545.22] from string DavidMaster querying server for mods of entity id 529
[16Apr2025 19:12:23.189] [Netty Epoll Server IO #2/DEBUG] [atomicstryker.infernalmobs.common.InfernalMobsCore/]: resolves to entity EnderMan['Enderman'/529, l='ServerLevel[world]', x=-1877.50, y=73.00, z=2600.50] modifiers null
[16Apr2025 19:12:23.213] [Netty Epoll Server IO #2/DEBUG] [atomicstryker.infernalmobs.common.InfernalMobsCore/]: player ServerPlayer['DavidMaster'/423, l='ServerLevel[world]', x=-1762.68, y=-49.00, z=2545.22] from string DavidMaster querying server for mods of entity id 653
[16Apr2025 19:12:23.213] [Netty Epoll Server IO #2/DEBUG] [atomicstryker.infernalmobs.common.InfernalMobsCore/]: resolves to entity Chicken['Chicken'/653, l='ServerLevel[world]', x=-1921.90, y=71.00, z=2542.40] modifiers null
[16Apr2025 19:12:23.305] [Netty Epoll Server IO #2/DEBUG] [atomicstryker.infernalmobs.common.InfernalMobsCore/]: player ServerPlayer['DavidMaster'/423, l='ServerLevel[world]', x=-1763.35, y=-49.00, z=2544.72] from string DavidMaster querying server for mods of entity id 734
[16Apr2025 19:12:23.305] [Netty Epoll Server IO #2/DEBUG] [atomicstryker.infernalmobs.common.InfernalMobsCore/]: resolves to entity Chicken['Chicken'/734, l='ServerLevel[world]', x=-1922.06, y=71.00, z=2541.96] modifiers null
[16Apr2025 19:12:23.305] [Netty Epoll Server IO #2/DEBUG] [atomicstryker.infernalmobs.common.InfernalMobsCore/]: player ServerPlayer['DavidMaster'/423, l='ServerLevel[world]', x=-1763.35, y=-49.00, z=2544.72] from string DavidMaster querying server for mods of entity id 702
[16Apr2025 19:12:23.305] [Netty Epoll Server IO #2/DEBUG] [atomicstryker.infernalmobs.common.InfernalMobsCore/]: resolves to entity Chicken['Chicken'/702, l='ServerLevel[world]', x=-1921.96, y=71.00, z=2538.27] modifiers null
[16Apr2025 19:12:23.313] [Netty Epoll Server IO #2/DEBUG] [atomicstryker.infernalmobs.common.InfernalMobsCore/]: player ServerPlayer['DavidMaster'/423, l='ServerLevel[world]', x=-1763.35, y=-49.00, z=2544.72] from string DavidMaster querying server for mods of entity id 698
[16Apr2025 19:12:23.313] [Netty Epoll Server IO #2/DEBUG] [atomicstryker.infernalmobs.common.InfernalMobsCore/]: resolves to entity Chicken['Chicken'/698, l='ServerLevel[world]', x=-1921.98, y=71.00, z=2540.50] modifiers null
[16Apr2025 19:12:23.354] [Netty Epoll Server IO #2/DEBUG] [atomicstryker.infernalmobs.common.InfernalMobsCore/]: player ServerPlayer['DavidMaster'/423, l='ServerLevel[world]', x=-1763.58, y=-49.00, z=2544.55] from string DavidMaster querying server for mods of entity id 663
[16Apr2025 19:12:23.354] [Netty Epoll Server IO #2/DEBUG] [atomicstryker.infernalmobs.common.InfernalMobsCore/]: resolves to entity Sheep['Sheep'/663, l='ServerLevel[world]', x=-1922.13, y=71.00, z=2556.55] modifiers null
[16Apr2025 19:12:23.354] [Netty Epoll Server IO #2/DEBUG] [atomicstryker.infernalmobs.common.InfernalMobsCore/]: player ServerPlayer['DavidMaster'/423, l='ServerLevel[world]', x=-1763.58, y=-49.00, z=2544.55] from string DavidMaster querying server for mods of entity id 661
[16Apr2025 19:12:23.354] [Netty Epoll Server IO #2/DEBUG] [atomicstryker.infernalmobs.common.InfernalMobsCore/]: resolves to entity Sheep['Sheep'/661, l='ServerLevel[world]', x=-1922.35, y=71.00, z=2552.57] modifiers null
[16Apr2025 19:12:23.438] [Netty Epoll Server IO #2/DEBUG] [atomicstryker.infernalmobs.common.InfernalMobsCore/]: player ServerPlayer['DavidMaster'/423, l='ServerLevel[world]', x=-1763.82, y=-49.00, z=2544.40] from string DavidMaster querying server for mods of entity id 1827
[16Apr2025 19:12:23.438] [Netty Epoll Server IO #2/DEBUG] [atomicstryker.infernalmobs.common.InfernalMobsCore/]: resolves to entity Bat['Bat'/1827, l='ServerLevel[world]', x=-1721.51, y=-19.88, z=2515.67] modifiers null
[16Apr2025 19:12:23.438] [Netty Epoll Server IO #2/DEBUG] [atomicstryker.infernalmobs.common.InfernalMobsCore/]: player ServerPlayer['DavidMaster'/423, l='ServerLevel[world]', x=-1763.82, y=-49.00, z=2544.40] from string DavidMaster querying server for mods of entity id 1828
[16Apr2025 19:12:23.439] [Netty Epoll Server IO #2/DEBUG] [atomicstryker.infernalmobs.common.InfernalMobsCore/]: resolves to entity Bat['Bat'/1828, l='ServerLevel[world]', x=-1723.92, y=-19.97, z=2513.92] modifiers null
[16Apr2025 19:12:23.439] [Netty Epoll Server IO #2/DEBUG] [atomicstryker.infernalmobs.common.InfernalMobsCore/]: player ServerPlayer['DavidMaster'/423, l='ServerLevel[world]', x=-1763.82, y=-49.00, z=2544.40] from string DavidMaster querying server for mods of entity id 657
[16Apr2025 19:12:23.439] [Netty Epoll Server IO #2/DEBUG] [atomicstryker.infernalmobs.common.InfernalMobsCore/]: resolves to entity Sheep['Sheep'/657, l='ServerLevel[world]', x=-1922.82, y=71.00, z=2548.88] modifiers null
[16Apr2025 19:12:23.439] [Netty Epoll Server IO #2/DEBUG] [atomicstryker.infernalmobs.common.InfernalMobsCore/]: player ServerPlayer['DavidMaster'/423, l='ServerLevel[world]', x=-1763.82, y=-49.00, z=2544.40] from string DavidMaster querying server for mods of entity id 632
[16Apr2025 19:12:23.439] [Netty Epoll Server IO #2/DEBUG] [atomicstryker.infernalmobs.common.InfernalMobsCore/]: resolves to entity Chicken['Chicken'/632, l='ServerLevel[world]', x=-1922.79, y=70.94, z=2546.50] modifiers null
[16Apr2025 19:12:23.464] [Netty Epoll Server IO #2/DEBUG] [atomicstryker.infernalmobs.common.InfernalMobsCore/]: player ServerPlayer['DavidMaster'/423, l='ServerLevel[world]', x=-1763.82, y=-49.00, z=2544.40] from string DavidMaster querying server for mods of entity id 685
[16Apr2025 19:12:23.464] [Netty Epoll Server IO #2/DEBUG] [atomicstryker.infernalmobs.common.InfernalMobsCore/]: resolves to entity Pig['Pig'/685, l='ServerLevel[world]', x=-1921.50, y=72.00, z=2566.45] modifiers null
[16Apr2025 19:12:23.521] [Netty Epoll Server IO #2/DEBUG] [atomicstryker.infernalmobs.common.InfernalMobsCore/]: player ServerPlayer['DavidMaster'/423, l='ServerLevel[world]', x=-1764.32, y=-49.00, z=2544.16] from string DavidMaster querying server for mods of entity id 624
[16Apr2025 19:12:23.521] [Netty Epoll Server IO #2/DEBUG] [atomicstryker.infernalmobs.common.InfernalMobsCore/]: resolves to entity Chicken['Chicken'/624, l='ServerLevel[world]', x=-1923.31, y=70.94, z=2546.50] modifiers null
[16Apr2025 19:12:23.562] [Netty Epoll Server IO #2/DEBUG] [atomicstryker.infernalmobs.common.InfernalMobsCore/]: player ServerPlayer['DavidMaster'/423, l='ServerLevel[world]', x=-1764.32, y=-49.00, z=2544.16] from string DavidMaster querying server for mods of entity id 718
[16Apr2025 19:12:23.562] [Netty Epoll Server IO #2/DEBUG] [atomicstryker.infernalmobs.common.InfernalMobsCore/]: resolves to entity Sheep['Sheep'/718, l='ServerLevel[world]', x=-1923.07, y=71.00, z=2556.55] modifiers null
[16Apr2025 19:12:23.562] [Netty Epoll Server IO #2/DEBUG] [atomicstryker.infernalmobs.common.InfernalMobsCore/]: player ServerPlayer['DavidMaster'/423, l='ServerLevel[world]', x=-1764.32, y=-49.00, z=2544.16] from string DavidMaster querying server for mods of entity id 711
[16Apr2025 19:12:23.562] [Netty Epoll Server IO #2/DEBUG] [atomicstryker.infernalmobs.common.InfernalMobsCore/]: resolves to entity Chicken['Chicken'/711, l='ServerLevel[world]', x=-1923.47, y=71.00, z=2543.17] modifiers null
[16Apr2025 19:12:23.787] [Netty Epoll Server IO #2/DEBUG] [atomicstryker.infernalmobs.common.InfernalMobsCore/]: player ServerPlayer['DavidMaster'/423, l='ServerLevel[world]', x=-1764.88, y=-49.00, z=2544.01] from string DavidMaster querying server for mods of entity id 744
[16Apr2025 19:12:23.787] [Netty Epoll Server IO #2/DEBUG] [atomicstryker.infernalmobs.common.InfernalMobsCore/]: resolves to entity Chicken['Chicken'/744, l='ServerLevel[world]', x=-1924.38, y=71.00, z=2547.07] modifiers null
[16Apr2025 19:12:23.813] [Netty Epoll Server IO #2/DEBUG] [atomicstryker.infernalmobs.common.InfernalMobsCore/]: player ServerPlayer['DavidMaster'/423, l='ServerLevel[world]', x=-1764.88, y=-49.00, z=2544.01] from string DavidMaster querying server for mods of entity id 648
[16Apr2025 19:12:23.813] [Netty Epoll Server IO #2/DEBUG] [atomicstryker.infernalmobs.common.InfernalMobsCore/]: resolves to entity Sheep['Sheep'/648, l='ServerLevel[world]', x=-1924.06, y=71.00, z=2555.60] modifiers null
[16Apr2025 19:12:23.963] [Netty Epoll Server IO #2/DEBUG] [atomicstryker.infernalmobs.common.InfernalMobsCore/]: player ServerPlayer['DavidMaster'/423, l='ServerLevel[world]', x=-1764.90, y=-49.00, z=2544.00] from string DavidMaster querying server for mods of entity id 699
[16Apr2025 19:12:23.963] [Netty Epoll Server IO #2/DEBUG] [atomicstryker.infernalmobs.common.InfernalMobsCore/]: resolves to entity Chicken['Chicken'/699, l='ServerLevel[world]', x=-1924.63, y=71.00, z=2542.15] modifiers null
[16Apr2025 19:12:24.121] [Netty Epoll Server IO #2/DEBUG] [atomicstryker.infernalmobs.common.InfernalMobsCore/]: player ServerPlayer['DavidMaster'/423, l='ServerLevel[world]', x=-1764.99, y=-49.00, z=2543.96] from string DavidMaster querying server for mods of entity id 746
[16Apr2025 19:12:24.121] [Netty Epoll Server IO #2/DEBUG] [atomicstryker.infernalmobs.common.InfernalMobsCore/]: resolves to entity Chicken['Chicken'/746, l='ServerLevel[world]', x=-1924.87, y=71.00, z=2546.05] modifiers null
[16Apr2025 19:12:24.125] [Server thread/DEBUG] [atomicstryker.infernalmobs.common.InfernalMobsCore/]: entity EnderMan['Enderman'/1838, l='ServerLevel[world]', x=-1889.99, y=75.00, z=2349.08] was spawned in unmodified before, not modifying it
[16Apr2025 19:12:24.464] [Netty Epoll Server IO #2/DEBUG] [atomicstryker.infernalmobs.common.InfernalMobsCore/]: player ServerPlayer['DavidMaster'/423, l='ServerLevel[world]', x=-1765.90, y=-49.77, z=2543.26] from string DavidMaster querying server for mods of entity id 694
[16Apr2025 19:12:24.464] [Netty Epoll Server IO #2/DEBUG] [atomicstryker.infernalmobs.common.InfernalMobsCore/]: resolves to entity Chicken['Chicken'/694, l='ServerLevel[world]', x=-1925.32, y=71.00, z=2544.31] modifiers null
[16Apr2025 19:12:24.620] [Netty Epoll Server IO #2/DEBUG] [atomicstryker.infernalmobs.common.InfernalMobsCore/]: player ServerPlayer['DavidMaster'/423, l='ServerLevel[world]', x=-1766.43, y=-50.00, z=2542.79] from string DavidMaster querying server for mods of entity id 741
[16Apr2025 19:12:24.620] [Netty Epoll Server IO #2/DEBUG] [atomicstryker.infernalmobs.common.InfernalMobsCore/]: resolves to entity Sheep['Sheep'/741, l='ServerLevel[world]', x=-1924.90, y=71.00, z=2556.55] modifiers null
[16Apr2025 19:12:24.661] [Netty Epoll Server IO #2/DEBUG] [atomicstryker.infernalmobs.common.InfernalMobsCore/]: player ServerPlayer['DavidMaster'/423, l='ServerLevel[world]', x=-1766.43, y=-50.00, z=2542.79] from string DavidMaster querying server for mods of entity id 614
[16Apr2025 19:12:24.661] [Netty Epoll Server IO #2/DEBUG] [atomicstryker.infernalmobs.common.InfernalMobsCore/]: resolves to entity Pig['Pig'/614, l='ServerLevel[world]', x=-1908.32, y=77.00, z=2615.68] modifiers null
[16Apr2025 19:12:24.740] [Netty Epoll Server IO #2/DEBUG] [atomicstryker.infernalmobs.common.InfernalMobsCore/]: player ServerPlayer['DavidMaster'/423, l='ServerLevel[world]', x=-1766.86, y=-50.00, z=2542.44] from string DavidMaster querying server for mods of entity id 655
[16Apr2025 19:12:24.740] [Netty Epoll Server IO #2/DEBUG] [atomicstryker.infernalmobs.common.InfernalMobsCore/]: resolves to entity Chicken['Chicken'/655, l='ServerLevel[world]', x=-1925.95, y=71.00, z=2539.06] modifiers null
[16Apr2025 19:12:24.740] [Netty Epoll Server IO #2/DEBUG] [atomicstryker.infernalmobs.common.InfernalMobsCore/]: player ServerPlayer['DavidMaster'/423, l='ServerLevel[world]', x=-1766.86, y=-50.00, z=2542.44] from string DavidMaster querying server for mods of entity id 709
[16Apr2025 19:12:24.740] [Netty Epoll Server IO #2/DEBUG] [atomicstryker.infernalmobs.common.InfernalMobsCore/]: resolves to entity Chicken['Chicken'/709, l='ServerLevel[world]', x=-1925.94, y=71.00, z=2540.03] modifiers null
[16Apr2025 19:12:24.855] [Netty Epoll Server IO #2/DEBUG] [atomicstryker.infernalmobs.common.InfernalMobsCore/]: player ServerPlayer['DavidMaster'/423, l='ServerLevel[world]', x=-1767.58, y=-50.00, z=2542.01] from string DavidMaster querying server for mods of entity id 724
[16Apr2025 19:12:24.855] [Netty Epoll Server IO #2/DEBUG] [atomicstryker.infernalmobs.common.InfernalMobsCore/]: resolves to entity Sheep['Sheep'/724, l='ServerLevel[world]', x=-1925.90, y=71.00, z=2554.63] modifiers null
[16Apr2025 19:12:24.863] [Netty Epoll Server IO #2/DEBUG] [atomicstryker.infernalmobs.common.InfernalMobsCore/]: player ServerPlayer['DavidMaster'/423, l='ServerLevel[world]', x=-1767.58, y=-50.00, z=2542.01] from string DavidMaster querying server for mods of entity id 719
[16Apr2025 19:12:24.864] [Netty Epoll Server IO #2/DEBUG] [atomicstryker.infernalmobs.common.InfernalMobsCore/]: resolves to entity Sheep['Sheep'/719, l='ServerLevel[world]', x=-1925.84, y=71.00, z=2555.57] modifiers null
[16Apr2025 19:12:24.864] [Netty Epoll Server IO #2/DEBUG] [atomicstryker.infernalmobs.common.InfernalMobsCore/]: player ServerPlayer['DavidMaster'/423, l='ServerLevel[world]', x=-1767.58, y=-50.00, z=2542.01] from string DavidMaster querying server for mods of entity id 736
[16Apr2025 19:12:24.864] [Netty Epoll Server IO #2/DEBUG] [atomicstryker.infernalmobs.common.InfernalMobsCore/]: resolves to entity Sheep['Sheep'/736, l='ServerLevel[world]', x=-1925.83, y=71.00, z=2556.55] modifiers null
[16Apr2025 19:12:24.888] [Netty Epoll Server IO #2/DEBUG] [atomicstryker.infernalmobs.common.InfernalMobsCore/]: player ServerPlayer['DavidMaster'/423, l='ServerLevel[world]', x=-1767.58, y=-50.00, z=2542.01] from string DavidMaster querying server for mods of entity id 748
[16Apr2025 19:12:24.888] [Netty Epoll Server IO #2/DEBUG] [atomicstryker.infernalmobs.common.InfernalMobsCore/]: resolves to entity Chicken['Chicken'/748, l='ServerLevel[world]', x=-1926.75, y=70.94, z=2546.52] modifiers null
[16Apr2025 19:12:24.913] [Netty Epoll Server IO #2/DEBUG] [atomicstryker.infernalmobs.common.InfernalMobsCore/]: player ServerPlayer['DavidMaster'/423, l='ServerLevel[world]', x=-1767.58, y=-50.00, z=2542.01] from string DavidMaster querying server for mods of entity id 700
[16Apr2025 19:12:24.913] [Netty Epoll Server IO #2/DEBUG] [atomicstryker.infernalmobs.common.InfernalMobsCore/]: resolves to entity Chicken['Chicken'/700, l='ServerLevel[world]', x=-1926.73, y=71.00, z=2541.29] modifiers null
[16Apr2025 19:12:24.913] [Netty Epoll Server IO #2/DEBUG] [atomicstryker.infernalmobs.common.InfernalMobsCore/]: player ServerPlayer['DavidMaster'/423, l='ServerLevel[world]', x=-1767.58, y=-50.00, z=2542.01] from string DavidMaster querying server for mods of entity id 1839
[16Apr2025 19:12:24.913] [Netty Epoll Server IO #2/DEBUG] [atomicstryker.infernalmobs.common.InfernalMobsCore/]: resolves to entity Bat['Bat'/1839, l='ServerLevel[world]', x=-1819.51, y=-11.93, z=2552.26] modifiers null
[16Apr2025 19:12:24.914] [Netty Epoll Server IO #2/DEBUG] [atomicstryker.infernalmobs.common.InfernalMobsCore/]: player ServerPlayer['DavidMaster'/423, l='ServerLevel[world]', x=-1767.58, y=-50.00, z=2542.01] from string DavidMaster querying server for mods of entity id 1840
[16Apr2025 19:12:24.914] [Netty Epoll Server IO #2/DEBUG] [atomicstryker.infernalmobs.common.InfernalMobsCore/]: resolves to entity Bat['Bat'/1840, l='ServerLevel[world]', x=-1819.52, y=-11.88, z=2556.42] modifiers null
[16Apr2025 19:12:24.914] [Netty Epoll Server IO #2/DEBUG] [atomicstryker.infernalmobs.common.InfernalMobsCore/]: player ServerPlayer['DavidMaster'/423, l='ServerLevel[world]', x=-1767.58, y=-50.00, z=2542.01] from string DavidMaster querying server for mods of entity id 1841
[16Apr2025 19:12:24.914] [Netty Epoll Server IO #2/DEBUG] [atomicstryker.infernalmobs.common.InfernalMobsCore/]: resolves to entity Bat['Bat'/1841, l='ServerLevel[world]', x=-1812.58, y=-12.00, z=2558.23] modifiers null
[16Apr2025 19:12:24.955] [Netty Epoll Server IO #2/DEBUG] [atomicstryker.infernalmobs.common.InfernalMobsCore/]: player ServerPlayer['DavidMaster'/423, l='ServerLevel[world]', x=-1768.08, y=-50.00, z=2541.77] from string DavidMaster querying server for mods of entity id 738
[16Apr2025 19:12:24.955] [Netty Epoll Server IO #2/DEBUG] [atomicstryker.infernalmobs.common.InfernalMobsCore/]: resolves to entity Chicken['Chicken'/738, l='ServerLevel[world]', x=-1926.91, y=71.00, z=2546.02] modifiers null
[16Apr2025 19:12:24.964] [Netty Epoll Server IO #2/DEBUG] [atomicstryker.infernalmobs.common.InfernalMobsCore/]: player ServerPlayer['DavidMaster'/423, l='ServerLevel[world]', x=-1768.08, y=-50.00, z=2541.77] from string DavidMaster querying server for mods of entity id 737
[16Apr2025 19:12:24.964] [Netty Epoll Server IO #2/DEBUG] [atomicstryker.infernalmobs.common.InfernalMobsCore/]: resolves to entity Chicken['Chicken'/737, l='ServerLevel[world]', x=-1926.99, y=71.00, z=2547.05] modifiers null
[16Apr2025 19:12:24.965] [Netty Epoll Server IO #2/DEBUG] [atomicstryker.infernalmobs.common.InfernalMobsCore/]: player ServerPlayer['DavidMaster'/423, l='ServerLevel[world]', x=-1768.08, y=-50.00, z=2541.77] from string DavidMaster querying server for mods of entity id 726
[16Apr2025 19:12:24.965] [Netty Epoll Server IO #2/DEBUG] [atomicstryker.infernalmobs.common.InfernalMobsCore/]: resolves to entity Sheep['Sheep'/726, l='ServerLevel[world]', x=-1926.89, y=71.00, z=2553.40] modifiers null
[16Apr2025 19:12:25.054] [Netty Epoll Server IO #2/DEBUG] [atomicstryker.infernalmobs.common.InfernalMobsCore/]: player ServerPlayer['DavidMaster'/423, l='ServerLevel[world]', x=-1768.60, y=-50.00, z=2541.55] from string DavidMaster querying server for mods of entity id 747
[16Apr2025 19:12:25.054] [Netty Epoll Server IO #2/DEBUG] [atomicstryker.infernalmobs.common.InfernalMobsCore/]: resolves to entity Chicken['Chicken'/747, l='ServerLevel[world]', x=-1927.10, y=71.00, z=2546.56] modifiers null
[16Apr2025 19:12:25.065] [Netty Epoll Server IO #2/DEBUG] [atomicstryker.infernalmobs.common.InfernalMobsCore/]: player ServerPlayer['DavidMaster'/423, l='ServerLevel[world]', x=-1768.60, y=-50.00, z=2541.55] from string DavidMaster querying server for mods of entity id 725
[16Apr2025 19:12:25.065] [Netty Epoll Server IO #2/DEBUG] [atomicstryker.infernalmobs.common.InfernalMobsCore/]: resolves to entity Sheep['Sheep'/725, l='ServerLevel[world]', x=-1927.45, y=71.00, z=2548.38] modifiers null
[16Apr2025 19:12:25.065] [Netty Epoll Server IO #2/DEBUG] [atomicstryker.infernalmobs.common.InfernalMobsCore/]: player ServerPlayer['DavidMaster'/423, l='ServerLevel[world]', x=-1768.60, y=-50.00, z=2541.55] from string DavidMaster querying server for mods of entity id 707
[16Apr2025 19:12:25.065] [Netty Epoll Server IO #2/DEBUG] [atomicstryker.infernalmobs.common.InfernalMobsCore/]: resolves to entity Chicken['Chicken'/707, l='ServerLevel[world]', x=-1927.48, y=71.00, z=2546.72] modifiers null
[16Apr2025 19:12:25.065] [Netty Epoll Server IO #2/DEBUG] [atomicstryker.infernalmobs.common.InfernalMobsCore/]: player ServerPlayer['DavidMaster'/423, l='ServerLevel[world]', x=-1768.60, y=-50.00, z=2541.55] from string DavidMaster querying server for mods of entity id 733
[16Apr2025 19:12:25.065] [Netty Epoll Server IO #2/DEBUG] [atomicstryker.infernalmobs.common.InfernalMobsCore/]: resolves to entity Sheep['Sheep'/733, l='ServerLevel[world]', x=-1927.16, y=71.00, z=2551.20] modifiers null
[16Apr2025 19:12:25.065] [Netty Epoll Server IO #2/DEBUG] [atomicstryker.infernalmobs.common.InfernalMobsCore/]: player ServerPlayer['DavidMaster'/423, l='ServerLevel[world]', x=-1768.60, y=-50.00, z=2541.55] from string DavidMaster querying server for mods of entity id 696
[16Apr2025 19:12:25.065] [Netty Epoll Server IO #2/DEBUG] [atomicstryker.infernalmobs.common.InfernalMobsCore/]: resolves to entity Chicken['Chicken'/696, l='ServerLevel[world]', x=-1927.42, y=71.00, z=2546.23] modifiers null
[16Apr2025 19:12:25.157] [Netty Epoll Server IO #2/DEBUG] [atomicstryker.infernalmobs.common.InfernalMobsCore/]: player ServerPlayer['DavidMaster'/423, l='ServerLevel[world]', x=-1769.12, y=-50.00, z=2541.34] from string DavidMaster querying server for mods of entity id 715
[16Apr2025 19:12:25.158] [Netty Epoll Server IO #2/DEBUG] [atomicstryker.infernalmobs.common.InfernalMobsCore/]: resolves to entity Chicken['Chicken'/715, l='ServerLevel[world]', x=-1927.60, y=71.00, z=2547.17] modifiers null
[16Apr2025 19:12:25.164] [Netty Epoll Server IO #2/DEBUG] [atomicstryker.infernalmobs.common.InfernalMobsCore/]: player ServerPlayer['DavidMaster'/423, l='ServerLevel[world]', x=-1769.12, y=-50.00, z=2541.34] from string DavidMaster querying server for mods of entity id 739
[16Apr2025 19:12:25.164] [Netty Epoll Server IO #2/DEBUG] [atomicstryker.infernalmobs.common.InfernalMobsCore/]: resolves to entity Sheep['Sheep'/739, l='ServerLevel[world]', x=-1927.42, y=71.00, z=2549.34] modifiers null
[16Apr2025 19:12:25.164] [Netty Epoll Server IO #2/DEBUG] [atomicstryker.infernalmobs.common.InfernalMobsCore/]: player ServerPlayer['DavidMaster'/423, l='ServerLevel[world]', x=-1769.12, y=-50.00, z=2541.34] from string DavidMaster querying server for mods of entity id 729
[16Apr2025 19:12:25.164] [Netty Epoll Server IO #2/DEBUG] [atomicstryker.infernalmobs.common.InfernalMobsCore/]: resolves to entity Sheep['Sheep'/729, l='ServerLevel[world]', x=-1926.93, y=71.00, z=2556.55] modifiers null
[16Apr2025 19:12:25.164] [Netty Epoll Server IO #2/DEBUG] [atomicstryker.infernalmobs.common.InfernalMobsCore/]: player ServerPlayer['DavidMaster'/423, l='ServerLevel[world]', x=-1769.12, y=-50.00, z=2541.34] from string DavidMaster querying server for mods of entity id 690
[16Apr2025 19:12:25.164] [Netty Epoll Server IO #2/DEBUG] [atomicstryker.infernalmobs.common.InfernalMobsCore/]: resolves to entity Chicken['Chicken'/690, l='ServerLevel[world]', x=-1927.89, y=71.00, z=2538.84] modifiers null
[16Apr2025 19:12:25.164] [Netty Epoll Server IO #2/DEBUG] [atomicstryker.infernalmobs.common.InfernalMobsCore/]: player ServerPlayer['DavidMaster'/423, l='ServerLevel[world]', x=-1769.12, y=-50.00, z=2541.34] from string DavidMaster querying server for mods of entity id 706
[16Apr2025 19:12:25.164] [Netty Epoll Server IO #2/DEBUG] [atomicstryker.infernalmobs.common.InfernalMobsCore/]: resolves to entity Chicken['Chicken'/706, l='ServerLevel[world]', x=-1928.00, y=71.00, z=2544.59] modifiers null
[16Apr2025 19:12:25.220] [Netty Epoll Server IO #2/DEBUG] [atomicstryker.infernalmobs.common.InfernalMobsCore/]: player ServerPlayer['DavidMaster'/423, l='ServerLevel[world]', x=-1769.38, y=-50.00, z=2541.23] from string DavidMaster querying server for mods of entity id 708
[16Apr2025 19:12:25.220] [Netty Epoll Server IO #2/DEBUG] [atomicstryker.infernalmobs.common.InfernalMobsCore/]: resolves to entity Chicken['Chicken'/708, l='ServerLevel[world]', x=-1928.03, y=71.00, z=2546.41] modifiers null
[16Apr2025 19:12:25.260] [Netty Epoll Server IO #2/DEBUG] [atomicstryker.infernalmobs.common.InfernalMobsCore/]: player ServerPlayer['DavidMaster'/423, l='ServerLevel[world]', x=-1769.38, y=-50.00, z=2541.23] from string DavidMaster querying server for mods of entity id 720
[16Apr2025 19:12:25.260] [Netty Epoll Server IO #2/DEBUG] [atomicstryker.infernalmobs.common.InfernalMobsCore/]: resolves to entity Sheep['Sheep'/720, l='ServerLevel[world]', x=-1927.93, y=71.00, z=2552.51] modifiers null
[16Apr2025 19:12:25.260] [Netty Epoll Server IO #2/DEBUG] [atomicstryker.infernalmobs.common.InfernalMobsCore/]: player ServerPlayer['DavidMaster'/423, l='ServerLevel[world]', x=-1769.38, y=-50.00, z=2541.23] from string DavidMaster querying server for mods of entity id 721
[16Apr2025 19:12:25.260] [Netty Epoll Server IO #2/DEBUG] [atomicstryker.infernalmobs.common.InfernalMobsCore/]: resolves to entity Sheep['Sheep'/721, l='ServerLevel[world]', x=-1927.64, y=71.00, z=2555.50] modifiers null
[16Apr2025 19:12:25.260] [Netty Epoll Server IO #2/DEBUG] [atomicstryker.infernalmobs.common.InfernalMobsCore/]: player ServerPlayer['DavidMaster'/423, l='ServerLevel[world]', x=-1769.38, y=-50.00, z=2541.23] from string DavidMaster querying server for mods of entity id 731
[16Apr2025 19:12:25.260] [Netty Epoll Server IO #2/DEBUG] [atomicstryker.infernalmobs.common.InfernalMobsCore/]: resolves to entity Sheep['Sheep'/731, l='ServerLevel[world]', x=-1927.93, y=71.00, z=2554.46] modifiers null
[16Apr2025 19:12:25.387] [Netty Epoll Server IO #2/DEBUG] [atomicstryker.infernalmobs.common.InfernalMobsCore/]: player ServerPlayer['DavidMaster'/423, l='ServerLevel[world]', x=-1769.70, y=-50.00, z=2540.89] from string DavidMaster querying server for mods of entity id 735
[16Apr2025 19:12:25.387] [Netty Epoll Server IO #2/DEBUG] [atomicstryker.infernalmobs.common.InfernalMobsCore/]: resolves to entity Sheep['Sheep'/735, l='ServerLevel[world]', x=-1927.93, y=71.00, z=2556.55] modifiers null
[16Apr2025 19:12:25.688] [Netty Epoll Server IO #2/DEBUG] [atomicstryker.infernalmobs.common.InfernalMobsCore/]: player ServerPlayer['DavidMaster'/423, l='ServerLevel[world]', x=-1769.96, y=-50.00, z=2540.29] from string DavidMaster querying server for mods of entity id 1316
[16Apr2025 19:12:25.688] [Netty Epoll Server IO #2/DEBUG] [atomicstryker.infernalmobs.common.InfernalMobsCore/]: resolves to entity Chicken['Chicken'/1316, l='ServerLevel[world]', x=-1812.63, y=75.00, z=2386.40] modifiers null
[16Apr2025 19:12:25.989] [Netty Epoll Server IO #2/DEBUG] [atomicstryker.infernalmobs.common.InfernalMobsCore/]: player ServerPlayer['DavidMaster'/423, l='ServerLevel[world]', x=-1769.98, y=-50.00, z=2540.27] from string DavidMaster querying server for mods of entity id 1842
[16Apr2025 19:12:25.989] [Netty Epoll Server IO #2/DEBUG] [atomicstryker.infernalmobs.common.InfernalMobsCore/]: resolves to entity Skeleton['Skeleton'/1842, l='ServerLevel[world]', x=-1875.89, y=-32.00, z=2480.53] modifiers null
[16Apr2025 19:12:26.014] [Netty Epoll Server IO #2/DEBUG] [atomicstryker.infernalmobs.common.InfernalMobsCore/]: player ServerPlayer['DavidMaster'/423, l='ServerLevel[world]', x=-1769.98, y=-50.00, z=2540.27] from string DavidMaster querying server for mods of entity id 1843
[16Apr2025 19:12:26.014] [Netty Epoll Server IO #2/DEBUG] [atomicstryker.infernalmobs.common.InfernalMobsCore/]: resolves to entity Zombie['Zombie'/1843, l='ServerLevel[world]', x=-1876.50, y=-32.00, z=2480.50] modifiers null
[16Apr2025 19:12:27.338] [Netty Epoll Server IO #2/DEBUG] [atomicstryker.infernalmobs.common.InfernalMobsCore/]: player ServerPlayer['DavidMaster'/423, l='ServerLevel[world]', x=-1770.37, y=-50.00, z=2536.57] from string DavidMaster querying server for mods of entity id 896
[16Apr2025 19:12:27.338] [Netty Epoll Server IO #2/DEBUG] [atomicstryker.infernalmobs.common.InfernalMobsCore/]: resolves to entity Cow['Cow'/896, l='ServerLevel[world]', x=-1670.49, y=79.00, z=2411.59] modifiers null
[16Apr2025 19:12:29.288] [Netty Epoll Server IO #2/DEBUG] [atomicstryker.infernalmobs.common.InfernalMobsCore/]: player ServerPlayer['DavidMaster'/423, l='ServerLevel[world]', x=-1770.87, y=-52.46, z=2528.14] from string DavidMaster querying server for mods of entity id 775
[16Apr2025 19:12:29.288] [Netty Epoll Server IO #2/DEBUG] [atomicstryker.infernalmobs.common.InfernalMobsCore/]: resolves to entity Cow['Cow'/775, l='ServerLevel[world]', x=-1638.33, y=73.00, z=2440.32] modifiers null
[16Apr2025 19:12:29.787] [Netty Epoll Server IO #2/DEBUG] [atomicstryker.infernalmobs.common.InfernalMobsCore/]: player ServerPlayer['DavidMaster'/423, l='ServerLevel[world]', x=-1769.63, y=-53.46, z=2525.94] from string DavidMaster querying server for mods of entity id 1858
[16Apr2025 19:12:29.787] [Netty Epoll Server IO #2/DEBUG] [atomicstryker.infernalmobs.common.InfernalMobsCore/]: resolves to entity Creeper['Creeper'/1858, l='ServerLevel[world]', x=-1768.50, y=15.00, z=2470.50] modifiers null
[16Apr2025 19:12:29.814] [Netty Epoll Server IO #2/DEBUG] [atomicstryker.infernalmobs.common.InfernalMobsCore/]: player ServerPlayer['DavidMaster'/423, l='ServerLevel[world]', x=-1769.63, y=-53.46, z=2525.94] from string DavidMaster querying server for mods of entity id 1859
[16Apr2025 19:12:29.814] [Netty Epoll Server IO #2/DEBUG] [atomicstryker.infernalmobs.common.InfernalMobsCore/]: resolves to entity Creeper['Creeper'/1859, l='ServerLevel[world]', x=-1769.50, y=15.00, z=2472.50] modifiers null
[16Apr2025 19:12:29.814] [Netty Epoll Server IO #2/DEBUG] [atomicstryker.infernalmobs.common.InfernalMobsCore/]: player ServerPlayer['DavidMaster'/423, l='ServerLevel[world]', x=-1769.63, y=-53.46, z=2525.94] from string DavidMaster querying server for mods of entity id 1860
[16Apr2025 19:12:29.814] [Netty Epoll Server IO #2/DEBUG] [atomicstryker.infernalmobs.common.InfernalMobsCore/]: resolves to entity Creeper['Creeper'/1860, l='ServerLevel[world]', x=-1768.50, y=15.00, z=2469.50] modifiers atomicstryker.infernalmobs.common.mods.MM_Ender@6448e0af
[16Apr2025 19:12:29.814] [Netty Epoll Server IO #2/DEBUG] [atomicstryker.infernalmobs.common.InfernalMobsCore/]: server sending mods Ender Cloaking Exhaust Storm Regen Weakness Choke  for ent-ID 1860
[16Apr2025 19:12:29.814] [Netty Epoll Server IO #2/DEBUG] [atomicstryker.infernalmobs.common.InfernalMobsCore/]: player ServerPlayer['DavidMaster'/423, l='ServerLevel[world]', x=-1769.63, y=-53.46, z=2525.94] from string DavidMaster querying server for mods of entity id 1315
[16Apr2025 19:12:29.814] [Netty Epoll Server IO #2/DEBUG] [atomicstryker.infernalmobs.common.InfernalMobsCore/]: resolves to entity Pig['Pig'/1315, l='ServerLevel[world]', x=-1816.38, y=79.00, z=2373.72] modifiers null
[16Apr2025 19:12:30.036] [Netty Epoll Server IO #2/DEBUG] [atomicstryker.infernalmobs.common.InfernalMobsCore/]: player ServerPlayer['DavidMaster'/423, l='ServerLevel[world]', x=-1769.04, y=-54.00, z=2524.78] from string DavidMaster querying server for mods of entity id 1405
[16Apr2025 19:12:30.036] [Netty Epoll Server IO #2/DEBUG] [atomicstryker.infernalmobs.common.InfernalMobsCore/]: resolves to entity Sheep['Sheep'/1405, l='ServerLevel[world]', x=-1784.54, y=81.00, z=2366.57] modifiers null
[16Apr2025 19:12:30.886] [Netty Epoll Server IO #2/DEBUG] [atomicstryker.infernalmobs.common.InfernalMobsCore/]: player ServerPlayer['DavidMaster'/423, l='ServerLevel[world]', x=-1765.42, y=-54.00, z=2521.91] from string DavidMaster querying server for mods of entity id 1398
[16Apr2025 19:12:30.887] [Netty Epoll Server IO #2/DEBUG] [atomicstryker.infernalmobs.common.InfernalMobsCore/]: resolves to entity Chicken['Chicken'/1398, l='ServerLevel[world]', x=-1771.70, y=81.00, z=2362.70] modifiers null
[16Apr2025 19:12:31.213] [Netty Epoll Server IO #2/DEBUG] [atomicstryker.infernalmobs.common.InfernalMobsCore/]: player ServerPlayer['DavidMaster'/423, l='ServerLevel[world]', x=-1764.20, y=-54.00, z=2521.22] from string DavidMaster querying server for mods of entity id 1861
[16Apr2025 19:12:31.214] [Netty Epoll Server IO #2/DEBUG] [atomicstryker.infernalmobs.common.InfernalMobsCore/]: resolves to entity Creeper['Creeper'/1861, l='ServerLevel[world]', x=-1780.50, y=-32.00, z=2576.50] modifiers null
[16Apr2025 19:12:32.021] [Netty Epoll Server IO #2/DEBUG] [atomicstryker.infernalmobs.common.InfernalMobsCore/]: player ServerPlayer['DavidMaster'/423, l='ServerLevel[world]', x=-1764.30, y=-54.00, z=2519.07] from string DavidMaster querying server for mods of entity id 1408
[16Apr2025 19:12:32.021] [Netty Epoll Server IO #2/DEBUG] [atomicstryker.infernalmobs.common.InfernalMobsCore/]: resolves to entity Chicken['Chicken'/1408, l='ServerLevel[world]', x=-1781.89, y=88.00, z=2360.55] modifiers null
[16Apr2025 19:12:33.064] [Netty Epoll Server IO #2/DEBUG] [atomicstryker.infernalmobs.common.InfernalMobsCore/]: player ServerPlayer['DavidMaster'/423, l='ServerLevel[world]', x=-1762.81, y=-54.00, z=2519.92] from string DavidMaster querying server for mods of entity id 1863
[16Apr2025 19:12:33.064] [Netty Epoll Server IO #2/DEBUG] [atomicstryker.infernalmobs.common.InfernalMobsCore/]: resolves to entity Zombie['Zombie'/1863, l='ServerLevel[world]', x=-1833.37, y=20.42, z=2527.50] modifiers null
[16Apr2025 19:12:33.888] [Netty Epoll Server IO #2/DEBUG] [atomicstryker.infernalmobs.common.InfernalMobsCore/]: player ServerPlayer['DavidMaster'/423, l='ServerLevel[world]', x=-1761.67, y=-54.00, z=2520.36] from string DavidMaster querying server for mods of entity id 1865
[16Apr2025 19:12:33.888] [Netty Epoll Server IO #2/DEBUG] [atomicstryker.infernalmobs.common.InfernalMobsCore/]: resolves to entity Skeleton['Skeleton'/1865, l='ServerLevel[world]', x=-1716.50, y=-25.00, z=2595.50] modifiers null
[16Apr2025 19:12:34.554] [Netty Epoll Server IO #2/DEBUG] [atomicstryker.infernalmobs.common.InfernalMobsCore/]: player ServerPlayer['DavidMaster'/423, l='ServerLevel[world]', x=-1761.63, y=-54.00, z=2520.70] from string DavidMaster querying server for mods of entity id 1867
[16Apr2025 19:12:34.554] [Netty Epoll Server IO #2/DEBUG] [atomicstryker.infernalmobs.common.InfernalMobsCore/]: resolves to entity Zombie['Zombie'/1867, l='ServerLevel[world]', x=-1717.50, y=44.00, z=2559.50] modifiers null
[16Apr2025 19:12:34.787] [Netty Epoll Server IO #2/DEBUG] [atomicstryker.infernalmobs.common.InfernalMobsCore/]: player ServerPlayer['DavidMaster'/423, l='ServerLevel[world]', x=-1762.26, y=-54.00, z=2520.70] from string DavidMaster querying server for mods of entity id 742
[16Apr2025 19:12:34.787] [Netty Epoll Server IO #2/DEBUG] [atomicstryker.infernalmobs.common.InfernalMobsCore/]: resolves to entity Sheep['Sheep'/742, l='ServerLevel[world]', x=-1918.42, y=71.00, z=2552.28] modifiers null
[16Apr2025 19:12:34.787] [Netty Epoll Server IO #2/DEBUG] [atomicstryker.infernalmobs.common.InfernalMobsCore/]: player ServerPlayer['DavidMaster'/423, l='ServerLevel[world]', x=-1762.26, y=-54.00, z=2520.70] from string DavidMaster querying server for mods of entity id 712
[16Apr2025 19:12:34.787] [Netty Epoll Server IO #2/DEBUG] [atomicstryker.infernalmobs.common.InfernalMobsCore/]: resolves to entity Chicken['Chicken'/712, l='ServerLevel[world]', x=-1920.74, y=71.00, z=2538.73] modifiers null
[16Apr2025 19:12:34.936] [Netty Epoll Server IO #2/DEBUG] [atomicstryker.infernalmobs.common.InfernalMobsCore/]: player ServerPlayer['DavidMaster'/423, l='ServerLevel[world]', x=-1762.36, y=-54.00, z=2520.95] from string DavidMaster querying server for mods of entity id 662
[16Apr2025 19:12:34.936] [Netty Epoll Server IO #2/DEBUG] [atomicstryker.infernalmobs.common.InfernalMobsCore/]: resolves to entity Sheep['Sheep'/662, l='ServerLevel[world]', x=-1918.08, y=71.00, z=2555.01] modifiers null
[16Apr2025 19:12:34.963] [Netty Epoll Server IO #2/DEBUG] [atomicstryker.infernalmobs.common.InfernalMobsCore/]: player ServerPlayer['DavidMaster'/423, l='ServerLevel[world]', x=-1762.36, y=-54.00, z=2520.95] from string DavidMaster querying server for mods of entity id 686
[16Apr2025 19:12:34.963] [Netty Epoll Server IO #2/DEBUG] [atomicstryker.infernalmobs.common.InfernalMobsCore/]: resolves to entity Pig['Pig'/686, l='ServerLevel[world]', x=-1912.47, y=74.00, z=2574.74] modifiers null
[16Apr2025 19:12:34.963] [Netty Epoll Server IO #2/DEBUG] [atomicstryker.infernalmobs.common.InfernalMobsCore/]: player ServerPlayer['DavidMaster'/423, l='ServerLevel[world]', x=-1762.36, y=-54.00, z=2520.95] from string DavidMaster querying server for mods of entity id 743
[16Apr2025 19:12:34.963] [Netty Epoll Server IO #2/DEBUG] [atomicstryker.infernalmobs.common.InfernalMobsCore/]: resolves to entity Chicken['Chicken'/743, l='ServerLevel[world]', x=-1920.21, y=70.94, z=2546.09] modifiers null
[16Apr2025 19:12:36.037] [Netty Epoll Server IO #2/DEBUG] [atomicstryker.infernalmobs.common.InfernalMobsCore/]: player ServerPlayer['DavidMaster'/423, l='ServerLevel[world]', x=-1762.34, y=-53.58, z=2518.59] from string DavidMaster querying server for mods of entity id 1870
[16Apr2025 19:12:36.037] [Netty Epoll Server IO #2/DEBUG] [atomicstryker.infernalmobs.common.InfernalMobsCore/]: resolves to entity Creeper['Creeper'/1870, l='ServerLevel[world]', x=-1695.50, y=-46.00, z=2547.50] modifiers null
[16Apr2025 19:12:36.064] [Netty Epoll Server IO #2/DEBUG] [atomicstryker.infernalmobs.common.InfernalMobsCore/]: player ServerPlayer['DavidMaster'/423, l='ServerLevel[world]', x=-1762.34, y=-53.58, z=2518.59] from string DavidMaster querying server for mods of entity id 1871
[16Apr2025 19:12:36.064] [Netty Epoll Server IO #2/DEBUG] [atomicstryker.infernalmobs.common.InfernalMobsCore/]: resolves to entity Creeper['Creeper'/1871, l='ServerLevel[world]', x=-1692.50, y=-46.00, z=2546.50] modifiers null
[16Apr2025 19:12:36.064] [Netty Epoll Server IO #2/DEBUG] [atomicstryker.infernalmobs.common.InfernalMobsCore/]: player ServerPlayer['DavidMaster'/423, l='ServerLevel[world]', x=-1762.34, y=-53.58, z=2518.59] from string DavidMaster querying server for mods of entity id 1872
[16Apr2025 19:12:36.064] [Netty Epoll Server IO #2/DEBUG] [atomicstryker.infernalmobs.common.InfernalMobsCore/]: resolves to entity Creeper['Creeper'/1872, l='ServerLevel[world]', x=-1693.50, y=-46.00, z=2545.50] modifiers null
[16Apr2025 19:12:36.064] [Netty Epoll Server IO #2/DEBUG] [atomicstryker.infernalmobs.common.InfernalMobsCore/]: player ServerPlayer['DavidMaster'/423, l='ServerLevel[world]', x=-1762.34, y=-53.58, z=2518.59] from string DavidMaster querying server for mods of entity id 1873
[16Apr2025 19:12:36.065] [Netty Epoll Server IO #2/DEBUG] [atomicstryker.infernalmobs.common.InfernalMobsCore/]: resolves to entity Creeper['Creeper'/1873, l='ServerLevel[world]', x=-1694.50, y=-46.00, z=2546.50] modifiers null
[16Apr2025 19:12:36.188] [Netty Epoll Server IO #2/DEBUG] [atomicstryker.infernalmobs.common.InfernalMobsCore/]: player ServerPlayer['DavidMaster'/423, l='ServerLevel[world]', x=-1762.35, y=-52.83, z=2517.73] from string DavidMaster querying server for mods of entity id 1408
[16Apr2025 19:12:36.188] [Netty Epoll Server IO #2/DEBUG] [atomicstryker.infernalmobs.common.InfernalMobsCore/]: resolves to entity Chicken['Chicken'/1408, l='ServerLevel[world]', x=-1781.89, y=88.00, z=2360.55] modifiers null
[16Apr2025 19:12:36.354] [Netty Epoll Server IO #2/DEBUG] [atomicstryker.infernalmobs.common.InfernalMobsCore/]: player ServerPlayer['DavidMaster'/423, l='ServerLevel[world]', x=-1762.37, y=-52.98, z=2517.23] from string DavidMaster querying server for mods of entity id 1401
[16Apr2025 19:12:36.354] [Netty Epoll Server IO #2/DEBUG] [atomicstryker.infernalmobs.common.InfernalMobsCore/]: resolves to entity Chicken['Chicken'/1401, l='ServerLevel[world]', x=-1772.51, y=86.00, z=2358.42] modifiers null
[16Apr2025 19:12:36.671] [Netty Epoll Server IO #2/DEBUG] [atomicstryker.infernalmobs.common.InfernalMobsCore/]: player ServerPlayer['DavidMaster'/423, l='ServerLevel[world]', x=-1762.35, y=-55.00, z=2516.63] from string DavidMaster querying server for mods of entity id 1397
[16Apr2025 19:12:36.671] [Netty Epoll Server IO #2/DEBUG] [atomicstryker.infernalmobs.common.InfernalMobsCore/]: resolves to entity Sheep['Sheep'/1397, l='ServerLevel[world]', x=-1773.78, y=88.00, z=2357.64] modifiers null
[16Apr2025 19:12:36.671] [Netty Epoll Server IO #2/DEBUG] [atomicstryker.infernalmobs.common.InfernalMobsCore/]: player ServerPlayer['DavidMaster'/423, l='ServerLevel[world]', x=-1762.35, y=-55.00, z=2516.63] from string DavidMaster querying server for mods of entity id 1399
[16Apr2025 19:12:36.671] [Netty Epoll Server IO #2/DEBUG] [atomicstryker.infernalmobs.common.InfernalMobsCore/]: resolves to entity Pig['Pig'/1399, l='ServerLevel[world]', x=-1769.86, y=86.00, z=2357.37] modifiers null
[16Apr2025 19:12:36.790] [Netty Epoll Server IO #2/DEBUG] [atomicstryker.infernalmobs.common.InfernalMobsCore/]: player ServerPlayer['DavidMaster'/423, l='ServerLevel[world]', x=-1762.32, y=-54.95, z=2516.52] from string DavidMaster querying server for mods of entity id 1407
[16Apr2025 19:12:36.790] [Netty Epoll Server IO #2/DEBUG] [atomicstryker.infernalmobs.common.InfernalMobsCore/]: resolves to entity Chicken['Chicken'/1407, l='ServerLevel[world]', x=-1771.83, y=88.00, z=2357.11] modifiers null
[16Apr2025 19:12:38.163] [Netty Epoll Server IO #2/DEBUG] [atomicstryker.infernalmobs.common.InfernalMobsCore/]: player ServerPlayer['DavidMaster'/423, l='ServerLevel[world]', x=-1761.27, y=-52.88, z=2515.30] from string DavidMaster querying server for mods of entity id 1395
[16Apr2025 19:12:38.164] [Netty Epoll Server IO #2/DEBUG] [atomicstryker.infernalmobs.common.InfernalMobsCore/]: resolves to entity Sheep['Sheep'/1395, l='ServerLevel[world]', x=-1702.45, y=74.00, z=2366.62] modifiers null
[16Apr2025 19:12:38.587] [Netty Epoll Server IO #2/DEBUG] [atomicstryker.infernalmobs.common.InfernalMobsCore/]: player ServerPlayer['DavidMaster'/423, l='ServerLevel[world]', x=-1761.12, y=-54.00, z=2515.30] from string DavidMaster querying server for mods of entity id 1874
[16Apr2025 19:12:38.587] [Netty Epoll Server IO #2/DEBUG] [atomicstryker.infernalmobs.common.InfernalMobsCore/]: resolves to entity Skeleton['Skeleton'/1874, l='ServerLevel[world]', x=-1838.50, y=-14.00, z=2585.50] modifiers null
[16Apr2025 19:12:38.588] [Netty Epoll Server IO #2/DEBUG] [atomicstryker.infernalmobs.common.InfernalMobsCore/]: player ServerPlayer['DavidMaster'/423, l='ServerLevel[world]', x=-1761.12, y=-54.00, z=2515.30] from string DavidMaster querying server for mods of entity id 1875
[16Apr2025 19:12:38.588] [Netty Epoll Server IO #2/DEBUG] [atomicstryker.infernalmobs.common.InfernalMobsCore/]: resolves to entity Zombie['Zombie'/1875, l='ServerLevel[world]', x=-1842.50, y=-14.00, z=2585.50] modifiers null
[16Apr2025 19:12:39.320] [Netty Epoll Server IO #2/DEBUG] [atomicstryker.infernalmobs.common.InfernalMobsCore/]: player ServerPlayer['DavidMaster'/423, l='ServerLevel[world]', x=-1759.94, y=-52.80, z=2515.24] from string DavidMaster querying server for mods of entity id 1877
[16Apr2025 19:12:39.320] [Netty Epoll Server IO #2/DEBUG] [atomicstryker.infernalmobs.common.InfernalMobsCore/]: resolves to entity Creeper['Creeper'/1877, l='ServerLevel[world]', x=-1729.50, y=-33.00, z=2394.50] modifiers null
[16Apr2025 19:12:39.489] [Netty Epoll Server IO #2/DEBUG] [atomicstryker.infernalmobs.common.InfernalMobsCore/]: player ServerPlayer['DavidMaster'/423, l='ServerLevel[world]', x=-1759.46, y=-53.26, z=2515.20] from string DavidMaster querying server for mods of entity id 1894
[16Apr2025 19:12:39.489] [Netty Epoll Server IO #2/DEBUG] [atomicstryker.infernalmobs.common.InfernalMobsCore/]: resolves to entity Skeleton['Skeleton'/1894, l='ServerLevel[world]', x=-1780.50, y=-32.00, z=2589.50] modifiers null
[16Apr2025 19:12:39.513] [Netty Epoll Server IO #2/DEBUG] [atomicstryker.infernalmobs.common.InfernalMobsCore/]: player ServerPlayer['DavidMaster'/423, l='ServerLevel[world]', x=-1759.46, y=-53.26, z=2515.20] from string DavidMaster querying server for mods of entity id 1895
[16Apr2025 19:12:39.513] [Netty Epoll Server IO #2/DEBUG] [atomicstryker.infernalmobs.common.InfernalMobsCore/]: resolves to entity Skeleton['Skeleton'/1895, l='ServerLevel[world]', x=-1780.50, y=-32.00, z=2588.50] modifiers null
[16Apr2025 19:12:39.513] [Netty Epoll Server IO #2/DEBUG] [atomicstryker.infernalmobs.common.InfernalMobsCore/]: player ServerPlayer['DavidMaster'/423, l='ServerLevel[world]', x=-1759.46, y=-53.26, z=2515.20] from string DavidMaster querying server for mods of entity id 1896
[16Apr2025 19:12:39.513] [Netty Epoll Server IO #2/DEBUG] [atomicstryker.infernalmobs.common.InfernalMobsCore/]: resolves to entity Skeleton['Skeleton'/1896, l='ServerLevel[world]', x=-1784.50, y=-32.00, z=2590.50] modifiers null
[16Apr2025 19:12:39.587] [Netty Epoll Server IO #2/DEBUG] [atomicstryker.infernalmobs.common.InfernalMobsCore/]: player ServerPlayer['DavidMaster'/423, l='ServerLevel[world]', x=-1759.11, y=-53.95, z=2515.17] from string DavidMaster querying server for mods of entity id 1897
[16Apr2025 19:12:39.587] [Netty Epoll Server IO #2/DEBUG] [atomicstryker.infernalmobs.common.InfernalMobsCore/]: resolves to entity Skeleton['Skeleton'/1897, l='ServerLevel[world]', x=-1785.50, y=-32.00, z=2594.50] modifiers null
[16Apr2025 19:12:39.613] [Netty Epoll Server IO #2/DEBUG] [atomicstryker.infernalmobs.common.InfernalMobsCore/]: player ServerPlayer['DavidMaster'/423, l='ServerLevel[world]', x=-1759.11, y=-53.95, z=2515.17] from string DavidMaster querying server for mods of entity id 1898
[16Apr2025 19:12:39.613] [Netty Epoll Server IO #2/DEBUG] [atomicstryker.infernalmobs.common.InfernalMobsCore/]: resolves to entity Squid['Squid'/1898, l='ServerLevel[world]', x=-1758.50, y=51.00, z=2551.50] modifiers null
[16Apr2025 19:12:39.614] [Netty Epoll Server IO #2/DEBUG] [atomicstryker.infernalmobs.common.InfernalMobsCore/]: player ServerPlayer['DavidMaster'/423, l='ServerLevel[world]', x=-1759.11, y=-53.95, z=2515.17] from string DavidMaster querying server for mods of entity id 1899
[16Apr2025 19:12:39.614] [Netty Epoll Server IO #2/DEBUG] [atomicstryker.infernalmobs.common.InfernalMobsCore/]: resolves to entity Squid['Squid'/1899, l='ServerLevel[world]', x=-1758.50, y=51.00, z=2556.50] modifiers null
[16Apr2025 19:12:39.614] [Netty Epoll Server IO #2/DEBUG] [atomicstryker.infernalmobs.common.InfernalMobsCore/]: player ServerPlayer['DavidMaster'/423, l='ServerLevel[world]', x=-1759.11, y=-53.95, z=2515.17] from string DavidMaster querying server for mods of entity id 1900
[16Apr2025 19:12:39.614] [Netty Epoll Server IO #2/DEBUG] [atomicstryker.infernalmobs.common.InfernalMobsCore/]: resolves to entity Squid['Squid'/1900, l='ServerLevel[world]', x=-1762.50, y=51.00, z=2556.50] modifiers null
[16Apr2025 19:12:39.614] [Netty Epoll Server IO #2/DEBUG] [atomicstryker.infernalmobs.common.InfernalMobsCore/]: player ServerPlayer['DavidMaster'/423, l='ServerLevel[world]', x=-1759.11, y=-53.95, z=2515.17] from string DavidMaster querying server for mods of entity id 1901
[16Apr2025 19:12:39.614] [Netty Epoll Server IO #2/DEBUG] [atomicstryker.infernalmobs.common.InfernalMobsCore/]: resolves to entity Squid['Squid'/1901, l='ServerLevel[world]', x=-1764.50, y=51.00, z=2555.50] modifiers null
[16Apr2025 19:12:39.614] [Netty Epoll Server IO #2/DEBUG] [atomicstryker.infernalmobs.common.InfernalMobsCore/]: player ServerPlayer['DavidMaster'/423, l='ServerLevel[world]', x=-1759.11, y=-53.95, z=2515.17] from string DavidMaster querying server for mods of entity id 1902
[16Apr2025 19:12:39.614] [Netty Epoll Server IO #2/DEBUG] [atomicstryker.infernalmobs.common.InfernalMobsCore/]: resolves to entity Skeleton['Skeleton'/1902, l='ServerLevel[world]', x=-1818.50, y=-5.00, z=2599.50] modifiers null
[16Apr2025 19:12:39.688] [Netty Epoll Server IO #2/DEBUG] [atomicstryker.infernalmobs.common.InfernalMobsCore/]: player ServerPlayer['DavidMaster'/423, l='ServerLevel[world]', x=-1758.75, y=-54.87, z=2515.14] from string DavidMaster querying server for mods of entity id 1903
[16Apr2025 19:12:39.688] [Netty Epoll Server IO #2/DEBUG] [atomicstryker.infernalmobs.common.InfernalMobsCore/]: resolves to entity Zombie['Zombie'/1903, l='ServerLevel[world]', x=-1852.50, y=-19.00, z=2520.50] modifiers null
[16Apr2025 19:12:39.713] [Netty Epoll Server IO #2/DEBUG] [atomicstryker.infernalmobs.common.InfernalMobsCore/]: player ServerPlayer['DavidMaster'/423, l='ServerLevel[world]', x=-1758.75, y=-54.87, z=2515.14] from string DavidMaster querying server for mods of entity id 1904
[16Apr2025 19:12:39.713] [Netty Epoll Server IO #2/DEBUG] [atomicstryker.infernalmobs.common.InfernalMobsCore/]: resolves to entity Creeper['Creeper'/1904, l='ServerLevel[world]', x=-1851.50, y=-19.00, z=2521.50] modifiers null
[16Apr2025 19:12:40.013] [Netty Epoll Server IO #2/DEBUG] [atomicstryker.infernalmobs.common.InfernalMobsCore/]: player ServerPlayer['DavidMaster'/423, l='ServerLevel[world]', x=-1758.52, y=-54.88, z=2515.16] from string DavidMaster querying server for mods of entity id 1905
[16Apr2025 19:12:40.014] [Netty Epoll Server IO #2/DEBUG] [atomicstryker.infernalmobs.common.InfernalMobsCore/]: resolves to entity Creeper['Creeper'/1905, l='ServerLevel[world]', x=-1844.50, y=-43.00, z=2590.50] modifiers null
[16Apr2025 19:12:41.313] [Netty Epoll Server IO #2/DEBUG] [atomicstryker.infernalmobs.common.InfernalMobsCore/]: player ServerPlayer['DavidMaster'/423, l='ServerLevel[world]', x=-1755.73, y=-54.00, z=2515.44] from string DavidMaster querying server for mods of entity id 981
[16Apr2025 19:12:41.314] [Netty Epoll Server IO #2/DEBUG] [atomicstryker.infernalmobs.common.InfernalMobsCore/]: resolves to entity Chicken['Chicken'/981, l='ServerLevel[world]', x=-1599.78, y=67.00, z=2546.50] modifiers null
[16Apr2025 19:12:41.439] [Netty Epoll Server IO #2/DEBUG] [atomicstryker.infernalmobs.common.InfernalMobsCore/]: player ServerPlayer['DavidMaster'/423, l='ServerLevel[world]', x=-1755.32, y=-54.00, z=2515.55] from string DavidMaster querying server for mods of entity id 972
[16Apr2025 19:12:41.439] [Netty Epoll Server IO #2/DEBUG] [atomicstryker.infernalmobs.common.InfernalMobsCore/]: resolves to entity Chicken['Chicken'/972, l='ServerLevel[world]', x=-1598.50, y=70.00, z=2488.36] modifiers null
[16Apr2025 19:12:41.463] [Netty Epoll Server IO #2/DEBUG] [atomicstryker.infernalmobs.common.InfernalMobsCore/]: player ServerPlayer['DavidMaster'/423, l='ServerLevel[world]', x=-1755.32, y=-54.00, z=2515.55] from string DavidMaster querying server for mods of entity id 1906
[16Apr2025 19:12:41.463] [Netty Epoll Server IO #2/DEBUG] [atomicstryker.infernalmobs.common.InfernalMobsCore/]: resolves to entity Spider['Spider'/1906, l='ServerLevel[world]', x=-1720.50, y=42.00, z=2466.50] modifiers null
[16Apr2025 19:12:41.743] [Netty Epoll Server IO #2/DEBUG] [atomicstryker.infernalmobs.common.InfernalMobsCore/]: player ServerPlayer['DavidMaster'/423, l='ServerLevel[world]', x=-1754.62, y=-54.00, z=2516.03] from string DavidMaster querying server for mods of entity id 1908
[16Apr2025 19:12:41.743] [Netty Epoll Server IO #2/DEBUG] [atomicstryker.infernalmobs.common.InfernalMobsCore/]: resolves to entity Zombie['Zombie'/1908, l='ServerLevel[world]', x=-1729.50, y=-49.00, z=2403.50] modifiers null
[16Apr2025 19:12:41.764] [Netty Epoll Server IO #2/DEBUG] [atomicstryker.infernalmobs.common.InfernalMobsCore/]: player ServerPlayer['DavidMaster'/423, l='ServerLevel[world]', x=-1754.62, y=-54.00, z=2516.03] from string DavidMaster querying server for mods of entity id 1909
[16Apr2025 19:12:41.764] [Netty Epoll Server IO #2/DEBUG] [atomicstryker.infernalmobs.common.InfernalMobsCore/]: resolves to entity Creeper['Creeper'/1909, l='ServerLevel[world]', x=-1730.50, y=-49.00, z=2404.50] modifiers null
[16Apr2025 19:12:42.809] [Netty Epoll Server IO #2/DEBUG] [atomicstryker.infernalmobs.common.InfernalMobsCore/]: player ServerPlayer['DavidMaster'/423, l='ServerLevel[world]', x=-1751.30, y=-53.00, z=2516.14] from string DavidMaster querying server for mods of entity id 943
[16Apr2025 19:12:42.809] [Netty Epoll Server IO #2/DEBUG] [atomicstryker.infernalmobs.common.InfernalMobsCore/]: resolves to entity Cow['Cow'/943, l='ServerLevel[world]', x=-1641.88, y=71.00, z=2399.88] modifiers null
[16Apr2025 19:12:42.809] [Netty Epoll Server IO #2/DEBUG] [atomicstryker.infernalmobs.common.InfernalMobsCore/]: player ServerPlayer['DavidMaster'/423, l='ServerLevel[world]', x=-1751.30, y=-53.00, z=2516.14] from string DavidMaster querying server for mods of entity id 989
[16Apr2025 19:12:42.809] [Netty Epoll Server IO #2/DEBUG] [atomicstryker.infernalmobs.common.InfernalMobsCore/]: resolves to entity Sheep['Sheep'/989, l='ServerLevel[world]', x=-1600.43, y=68.00, z=2567.60] modifiers null
[16Apr2025 19:12:42.809] [Netty Epoll Server IO #2/DEBUG] [atomicstryker.infernalmobs.common.InfernalMobsCore/]: player ServerPlayer['DavidMaster'/423, l='ServerLevel[world]', x=-1751.30, y=-53.00, z=2516.14] from string DavidMaster querying server for mods of entity id 976
[16Apr2025 19:12:42.809] [Netty Epoll Server IO #2/DEBUG] [atomicstryker.infernalmobs.common.InfernalMobsCore/]: resolves to entity Sheep['Sheep'/976, l='ServerLevel[world]', x=-1593.49, y=67.00, z=2539.19] modifiers null
[16Apr2025 19:12:43.156] [Netty Epoll Server IO #2/DEBUG] [atomicstryker.infernalmobs.common.InfernalMobsCore/]: player ServerPlayer['DavidMaster'/423, l='ServerLevel[world]', x=-1750.21, y=-53.00, z=2517.10] from string DavidMaster querying server for mods of entity id 970
[16Apr2025 19:12:43.156] [Netty Epoll Server IO #2/DEBUG] [atomicstryker.infernalmobs.common.InfernalMobsCore/]: resolves to entity Chicken['Chicken'/970, l='ServerLevel[world]', x=-1594.37, y=69.00, z=2484.36] modifiers null
[16Apr2025 19:12:43.487] [Netty Epoll Server IO #2/DEBUG] [atomicstryker.infernalmobs.common.InfernalMobsCore/]: player ServerPlayer['DavidMaster'/423, l='ServerLevel[world]', x=-1748.56, y=-51.75, z=2518.04] from string DavidMaster querying server for mods of entity id 988
[16Apr2025 19:12:43.487] [Netty Epoll Server IO #2/DEBUG] [atomicstryker.infernalmobs.common.InfernalMobsCore/]: resolves to entity Chicken['Chicken'/988, l='ServerLevel[world]', x=-1597.71, y=68.00, z=2565.79] modifiers null
[16Apr2025 19:12:43.514] [Netty Epoll Server IO #2/DEBUG] [atomicstryker.infernalmobs.common.InfernalMobsCore/]: player ServerPlayer['DavidMaster'/423, l='ServerLevel[world]', x=-1748.56, y=-51.75, z=2518.04] from string DavidMaster querying server for mods of entity id 974
[16Apr2025 19:12:43.514] [Netty Epoll Server IO #2/DEBUG] [atomicstryker.infernalmobs.common.InfernalMobsCore/]: resolves to entity Sheep['Sheep'/974, l='ServerLevel[world]', x=-1589.33, y=72.00, z=2518.51] modifiers null
[16Apr2025 19:12:44.264] [Netty Epoll Server IO #2/DEBUG] [atomicstryker.infernalmobs.common.InfernalMobsCore/]: player ServerPlayer['DavidMaster'/423, l='ServerLevel[world]', x=-1747.84, y=-52.00, z=2518.72] from string DavidMaster querying server for mods of entity id 1514
[16Apr2025 19:12:44.264] [Netty Epoll Server IO #2/DEBUG] [atomicstryker.infernalmobs.common.InfernalMobsCore/]: resolves to entity Zombie['Zombie'/1514, l='ServerLevel[world]', x=-1746.81, y=-51.00, z=2519.11] modifiers null
[16Apr2025 19:12:44.514] [Netty Epoll Server IO #2/DEBUG] [atomicstryker.infernalmobs.common.InfernalMobsCore/]: player ServerPlayer['DavidMaster'/423, l='ServerLevel[world]', x=-1748.68, y=-51.82, z=2518.24] from string DavidMaster querying server for mods of entity id 1514
[16Apr2025 19:12:44.514] [Netty Epoll Server IO #2/DEBUG] [atomicstryker.infernalmobs.common.InfernalMobsCore/]: resolves to entity Zombie['Zombie'/1514, l='ServerLevel[world]', x=-1746.23, y=-50.66, z=2519.54] modifiers null
[16Apr2025 19:12:44.538] [Netty Epoll Server IO #2/DEBUG] [atomicstryker.infernalmobs.common.InfernalMobsCore/]: player ServerPlayer['DavidMaster'/423, l='ServerLevel[world]', x=-1748.68, y=-51.82, z=2518.24] from string DavidMaster querying server for mods of entity id 1839
[16Apr2025 19:12:44.538] [Netty Epoll Server IO #2/DEBUG] [atomicstryker.infernalmobs.common.InfernalMobsCore/]: resolves to entity Bat['Bat'/1839, l='ServerLevel[world]', x=-1820.29, y=-10.05, z=2551.94] modifiers null
[16Apr2025 19:12:44.692] [Netty Epoll Server IO #2/DEBUG] [atomicstryker.infernalmobs.common.InfernalMobsCore/]: player ServerPlayer['DavidMaster'/423, l='ServerLevel[world]', x=-1749.29, y=-52.00, z=2517.94] from string DavidMaster querying server for mods of entity id 1315
[16Apr2025 19:12:44.692] [Netty Epoll Server IO #2/DEBUG] [atomicstryker.infernalmobs.common.InfernalMobsCore/]: resolves to entity Pig['Pig'/1315, l='ServerLevel[world]', x=-1816.38, y=79.00, z=2373.72] modifiers null
[16Apr2025 19:12:45.288] [Netty Epoll Server IO #2/DEBUG] [atomicstryker.infernalmobs.common.InfernalMobsCore/]: player ServerPlayer['DavidMaster'/423, l='ServerLevel[world]', x=-1750.80, y=-53.00, z=2517.26] from string DavidMaster querying server for mods of entity id 1408
[16Apr2025 19:12:45.288] [Netty Epoll Server IO #2/DEBUG] [atomicstryker.infernalmobs.common.InfernalMobsCore/]: resolves to entity Chicken['Chicken'/1408, l='ServerLevel[world]', x=-1781.89, y=88.00, z=2360.55] modifiers null
[16Apr2025 19:12:45.463] [Netty Epoll Server IO #2/DEBUG] [atomicstryker.infernalmobs.common.InfernalMobsCore/]: player ServerPlayer['DavidMaster'/423, l='ServerLevel[world]', x=-1750.81, y=-53.00, z=2517.25] from string DavidMaster querying server for mods of entity id 1937
[16Apr2025 19:12:45.463] [Netty Epoll Server IO #2/DEBUG] [atomicstryker.infernalmobs.common.InfernalMobsCore/]: resolves to entity Skeleton['Skeleton'/1937, l='ServerLevel[world]', x=-1682.50, y=14.00, z=2488.50] modifiers atomicstryker.infernalmobs.common.mods.MM_Darkness@2bb934f
[16Apr2025 19:12:45.463] [Netty Epoll Server IO #2/DEBUG] [atomicstryker.infernalmobs.common.InfernalMobsCore/]: server sending mods Darkness Bulwark  for ent-ID 1937
[16Apr2025 19:12:45.820] [Netty Epoll Server IO #2/DEBUG] [atomicstryker.infernalmobs.common.InfernalMobsCore/]: player ServerPlayer['DavidMaster'/423, l='ServerLevel[world]', x=-1750.81, y=-53.00, z=2517.25] from string DavidMaster querying server for mods of entity id 1938
[16Apr2025 19:12:45.820] [Netty Epoll Server IO #2/DEBUG] [atomicstryker.infernalmobs.common.InfernalMobsCore/]: resolves to entity Skeleton['Skeleton'/1938, l='ServerLevel[world]', x=-1743.50, y=3.00, z=2544.50] modifiers null
[16Apr2025 19:12:46.164] [Netty Epoll Server IO #2/DEBUG] [atomicstryker.infernalmobs.common.InfernalMobsCore/]: player ServerPlayer['DavidMaster'/423, l='ServerLevel[world]', x=-1750.81, y=-53.00, z=2517.25] from string DavidMaster querying server for mods of entity id 1514
[16Apr2025 19:12:46.164] [Netty Epoll Server IO #2/DEBUG] [atomicstryker.infernalmobs.common.InfernalMobsCore/]: resolves to entity Zombie['Zombie'/1514, l='ServerLevel[world]', x=-1747.52, y=-51.46, z=2518.49] modifiers null
[16Apr2025 19:12:46.188] [Netty Epoll Server IO #2/DEBUG] [atomicstryker.infernalmobs.common.InfernalMobsCore/]: player ServerPlayer['DavidMaster'/423, l='ServerLevel[world]', x=-1750.81, y=-53.00, z=2517.25] from string DavidMaster querying server for mods of entity id 1939
[16Apr2025 19:12:46.189] [Netty Epoll Server IO #2/DEBUG] [atomicstryker.infernalmobs.common.InfernalMobsCore/]: resolves to entity Creeper['Creeper'/1939, l='ServerLevel[world]', x=-1647.50, y=-38.00, z=2574.50] modifiers null
[16Apr2025 19:12:46.214] [Netty Epoll Server IO #2/DEBUG] [atomicstryker.infernalmobs.common.InfernalMobsCore/]: player ServerPlayer['DavidMaster'/423, l='ServerLevel[world]', x=-1750.81, y=-53.00, z=2517.25] from string DavidMaster querying server for mods of entity id 1940
[16Apr2025 19:12:46.214] [Netty Epoll Server IO #2/DEBUG] [atomicstryker.infernalmobs.common.InfernalMobsCore/]: resolves to entity Creeper['Creeper'/1940, l='ServerLevel[world]', x=-1642.50, y=-38.00, z=2569.50] modifiers null
[16Apr2025 19:12:46.337] [Netty Epoll Server IO #2/DEBUG] [atomicstryker.infernalmobs.common.InfernalMobsCore/]: player ServerPlayer['DavidMaster'/423, l='ServerLevel[world]', x=-1750.81, y=-53.00, z=2517.25] from string DavidMaster querying server for mods of entity id 1941
[16Apr2025 19:12:46.337] [Netty Epoll Server IO #2/DEBUG] [atomicstryker.infernalmobs.common.InfernalMobsCore/]: resolves to entity Creeper['Creeper'/1941, l='ServerLevel[world]', x=-1661.68, y=-15.00, z=2468.33] modifiers null
[16Apr2025 19:12:46.364] [Netty Epoll Server IO #2/DEBUG] [atomicstryker.infernalmobs.common.InfernalMobsCore/]: player ServerPlayer['DavidMaster'/423, l='ServerLevel[world]', x=-1750.81, y=-53.00, z=2517.25] from string DavidMaster querying server for mods of entity id 1942
[16Apr2025 19:12:46.364] [Netty Epoll Server IO #2/DEBUG] [atomicstryker.infernalmobs.common.InfernalMobsCore/]: resolves to entity Creeper['Creeper'/1942, l='ServerLevel[world]', x=-1661.50, y=-15.00, z=2464.50] modifiers null
[16Apr2025 19:12:46.364] [Netty Epoll Server IO #2/DEBUG] [atomicstryker.infernalmobs.common.InfernalMobsCore/]: player ServerPlayer['DavidMaster'/423, l='ServerLevel[world]', x=-1750.81, y=-53.00, z=2517.25] from string DavidMaster querying server for mods of entity id 1944
[16Apr2025 19:12:46.364] [Netty Epoll Server IO #2/DEBUG] [atomicstryker.infernalmobs.common.InfernalMobsCore/]: resolves to entity Zombie['Zombie'/1944, l='ServerLevel[world]', x=-1664.50, y=-15.00, z=2464.50] modifiers null
[16Apr2025 19:12:46.695] [Netty Epoll Server IO #2/DEBUG] [atomicstryker.infernalmobs.common.InfernalMobsCore/]: player ServerPlayer['DavidMaster'/423, l='ServerLevel[world]', x=-1750.72, y=-53.00, z=2517.08] from string DavidMaster querying server for mods of entity id 1514
[16Apr2025 19:12:46.695] [Netty Epoll Server IO #2/DEBUG] [atomicstryker.infernalmobs.common.InfernalMobsCore/]: resolves to entity Zombie['Zombie'/1514, l='ServerLevel[world]', x=-1747.68, y=-52.00, z=2518.40] modifiers null
[16Apr2025 19:12:47.020] [Netty Epoll Server IO #2/DEBUG] [atomicstryker.infernalmobs.common.InfernalMobsCore/]: player ServerPlayer['DavidMaster'/423, l='ServerLevel[world]', x=-1750.28, y=-53.00, z=2516.30] from string DavidMaster querying server for mods of entity id 943
[16Apr2025 19:12:47.020] [Netty Epoll Server IO #2/DEBUG] [atomicstryker.infernalmobs.common.InfernalMobsCore/]: resolves to entity Cow['Cow'/943, l='ServerLevel[world]', x=-1641.88, y=71.00, z=2399.88] modifiers null
[16Apr2025 19:12:47.021] [Netty Epoll Server IO #2/DEBUG] [atomicstryker.infernalmobs.common.InfernalMobsCore/]: player ServerPlayer['DavidMaster'/423, l='ServerLevel[world]', x=-1750.28, y=-53.00, z=2516.30] from string DavidMaster querying server for mods of entity id 1401
[16Apr2025 19:12:47.022] [Netty Epoll Server IO #2/DEBUG] [atomicstryker.infernalmobs.common.InfernalMobsCore/]: resolves to entity Chicken['Chicken'/1401, l='ServerLevel[world]', x=-1772.51, y=86.00, z=2358.42] modifiers null
[16Apr2025 19:12:47.487] [Netty Epoll Server IO #2/DEBUG] [atomicstryker.infernalmobs.common.InfernalMobsCore/]: player ServerPlayer['DavidMaster'/423, l='ServerLevel[world]', x=-1751.00, y=-53.00, z=2516.36] from string DavidMaster querying server for mods of entity id 1945
[16Apr2025 19:12:47.487] [Netty Epoll Server IO #2/DEBUG] [atomicstryker.infernalmobs.common.InfernalMobsCore/]: resolves to entity Bat['Bat'/1945, l='ServerLevel[world]', x=-1741.57, y=-26.00, z=2516.61] modifiers null
[16Apr2025 19:12:47.513] [Netty Epoll Server IO #2/DEBUG] [atomicstryker.infernalmobs.common.InfernalMobsCore/]: player ServerPlayer['DavidMaster'/423, l='ServerLevel[world]', x=-1751.00, y=-53.00, z=2516.36] from string DavidMaster querying server for mods of entity id 1946
[16Apr2025 19:12:47.513] [Netty Epoll Server IO #2/DEBUG] [atomicstryker.infernalmobs.common.InfernalMobsCore/]: resolves to entity Bat['Bat'/1946, l='ServerLevel[world]', x=-1738.14, y=-25.88, z=2515.86] modifiers null
[16Apr2025 19:12:47.514] [Netty Epoll Server IO #2/DEBUG] [atomicstryker.infernalmobs.common.InfernalMobsCore/]: player ServerPlayer['DavidMaster'/423, l='ServerLevel[world]', x=-1751.00, y=-53.00, z=2516.36] from string DavidMaster querying server for mods of entity id 1947
[16Apr2025 19:12:47.514] [Netty Epoll Server IO #2/DEBUG] [atomicstryker.infernalmobs.common.InfernalMobsCore/]: resolves to entity Bat['Bat'/1947, l='ServerLevel[world]', x=-1739.08, y=-25.83, z=2515.08] modifiers null
[16Apr2025 19:12:47.514] [Netty Epoll Server IO #2/DEBUG] [atomicstryker.infernalmobs.common.InfernalMobsCore/]: player ServerPlayer['DavidMaster'/423, l='ServerLevel[world]', x=-1751.00, y=-53.00, z=2516.36] from string DavidMaster querying server for mods of entity id 1948
[16Apr2025 19:12:47.514] [Netty Epoll Server IO #2/DEBUG] [atomicstryker.infernalmobs.common.InfernalMobsCore/]: resolves to entity Bat['Bat'/1948, l='ServerLevel[world]', x=-1738.46, y=-25.93, z=2514.51] modifiers null
[16Apr2025 19:12:48.391] [Netty Epoll Server IO #2/DEBUG] [atomicstryker.infernalmobs.common.InfernalMobsCore/]: player ServerPlayer['DavidMaster'/423, l='ServerLevel[world]', x=-1751.30, y=-53.00, z=2516.00] from string DavidMaster querying server for mods of entity id 943
[16Apr2025 19:12:48.391] [Netty Epoll Server IO #2/DEBUG] [atomicstryker.infernalmobs.common.InfernalMobsCore/]: resolves to entity Cow['Cow'/943, l='ServerLevel[world]', x=-1641.88, y=71.00, z=2399.88] modifiers null
[16Apr2025 19:12:48.463] [Netty Epoll Server IO #2/DEBUG] [atomicstryker.infernalmobs.common.InfernalMobsCore/]: player ServerPlayer['DavidMaster'/423, l='ServerLevel[world]', x=-1751.30, y=-53.00, z=2515.96] from string DavidMaster querying server for mods of entity id 1514
[16Apr2025 19:12:48.463] [Netty Epoll Server IO #2/DEBUG] [atomicstryker.infernalmobs.common.InfernalMobsCore/]: resolves to entity Zombie['Zombie'/1514, l='ServerLevel[world]', x=-1749.59, y=-53.00, z=2516.44] modifiers null
[16Apr2025 19:12:48.564] [Netty Epoll Server IO #2/DEBUG] [atomicstryker.infernalmobs.common.InfernalMobsCore/]: player ServerPlayer['DavidMaster'/423, l='ServerLevel[world]', x=-1751.30, y=-53.00, z=2515.95] from string DavidMaster querying server for mods of entity id 1399
[16Apr2025 19:12:48.564] [Netty Epoll Server IO #2/DEBUG] [atomicstryker.infernalmobs.common.InfernalMobsCore/]: resolves to entity Pig['Pig'/1399, l='ServerLevel[world]', x=-1769.86, y=86.00, z=2357.37] modifiers null
[16Apr2025 19:12:48.564] [Netty Epoll Server IO #2/DEBUG] [atomicstryker.infernalmobs.common.InfernalMobsCore/]: player ServerPlayer['DavidMaster'/423, l='ServerLevel[world]', x=-1751.30, y=-53.00, z=2515.95] from string DavidMaster querying server for mods of entity id 1397
[16Apr2025 19:12:48.564] [Netty Epoll Server IO #2/DEBUG] [atomicstryker.infernalmobs.common.InfernalMobsCore/]: resolves to entity Sheep['Sheep'/1397, l='ServerLevel[world]', x=-1773.78, y=88.00, z=2357.64] modifiers null
[16Apr2025 19:12:48.706] [Netty Epoll Server IO #2/DEBUG] [atomicstryker.infernalmobs.common.InfernalMobsCore/]: player ServerPlayer['DavidMaster'/423, l='ServerLevel[world]', x=-1751.30, y=-53.00, z=2515.94] from string DavidMaster querying server for mods of entity id 1514
[16Apr2025 19:12:48.706] [Netty Epoll Server IO #2/DEBUG] [atomicstryker.infernalmobs.common.InfernalMobsCore/]: resolves to entity Zombie['Zombie'/1514, l='ServerLevel[world]', x=-1750.00, y=-53.00, z=2516.37] modifiers null
[16Apr2025 19:12:48.938] [Netty Epoll Server IO #2/DEBUG] [atomicstryker.infernalmobs.common.InfernalMobsCore/]: player ServerPlayer['DavidMaster'/423, l='ServerLevel[world]', x=-1751.30, y=-53.00, z=2515.94] from string DavidMaster querying server for mods of entity id 1975
[16Apr2025 19:12:48.938] [Netty Epoll Server IO #2/DEBUG] [atomicstryker.infernalmobs.common.InfernalMobsCore/]: resolves to entity SpectralWolf['Spectral Wolf'/1975, l='ServerLevel[world]', x=-1751.00, y=-53.00, z=2515.00] modifiers null
[16Apr2025 19:12:48.972] [Netty Epoll Server IO #2/DEBUG] [atomicstryker.infernalmobs.common.InfernalMobsCore/]: player ServerPlayer['DavidMaster'/423, l='ServerLevel[world]', x=-1751.30, y=-53.00, z=2515.94] from string DavidMaster querying server for mods of entity id 1514
[16Apr2025 19:12:48.972] [Netty Epoll Server IO #2/DEBUG] [atomicstryker.infernalmobs.common.InfernalMobsCore/]: resolves to entity Zombie['Zombie'/1514, l='ServerLevel[world]', x=-1750.26, y=-52.00, z=2516.28] modifiers null
[16Apr2025 19:12:49.245] [Netty Epoll Server IO #2/DEBUG] [atomicstryker.infernalmobs.common.InfernalMobsCore/]: player ServerPlayer['DavidMaster'/423, l='ServerLevel[world]', x=-1751.30, y=-53.00, z=2515.94] from string DavidMaster querying server for mods of entity id 1514
[16Apr2025 19:12:49.246] [Netty Epoll Server IO #2/DEBUG] [atomicstryker.infernalmobs.common.InfernalMobsCore/]: resolves to entity Zombie['Zombie'/1514, l='ServerLevel[world]', x=-1750.66, y=-52.00, z=2515.99] modifiers null
[16Apr2025 19:12:49.508] [Netty Epoll Server IO #2/DEBUG] [atomicstryker.infernalmobs.common.InfernalMobsCore/]: player ServerPlayer['DavidMaster'/423, l='ServerLevel[world]', x=-1751.30, y=-53.00, z=2515.94] from string DavidMaster querying server for mods of entity id 1514
[16Apr2025 19:12:49.508] [Netty Epoll Server IO #2/DEBUG] [atomicstryker.infernalmobs.common.InfernalMobsCore/]: resolves to entity Zombie['Zombie'/1514, l='ServerLevel[world]', x=-1750.79, y=-52.00, z=2515.67] modifiers null
[16Apr2025 19:12:49.764] [Netty Epoll Server IO #2/DEBUG] [atomicstryker.infernalmobs.common.InfernalMobsCore/]: player ServerPlayer['DavidMaster'/423, l='ServerLevel[world]', x=-1751.37, y=-53.00, z=2515.96] from string DavidMaster querying server for mods of entity id 1514
[16Apr2025 19:12:49.764] [Netty Epoll Server IO #2/DEBUG] [atomicstryker.infernalmobs.common.InfernalMobsCore/]: resolves to entity Zombie['Zombie'/1514, l='ServerLevel[world]', x=-1750.80, y=-52.00, z=2515.30] modifiers null
[16Apr2025 19:12:50.114] [Netty Epoll Server IO #2/DEBUG] [atomicstryker.infernalmobs.common.InfernalMobsCore/]: player ServerPlayer['DavidMaster'/423, l='ServerLevel[world]', x=-1751.53, y=-53.00, z=2516.00] from string DavidMaster querying server for mods of entity id 1514
[16Apr2025 19:12:50.114] [Netty Epoll Server IO #2/DEBUG] [atomicstryker.infernalmobs.common.InfernalMobsCore/]: resolves to entity Zombie['Zombie'/1514, l='ServerLevel[world]', x=-1750.84, y=-52.00, z=2515.30] modifiers null
[16Apr2025 19:12:50.363] [Netty Epoll Server IO #2/DEBUG] [atomicstryker.infernalmobs.common.InfernalMobsCore/]: player ServerPlayer['DavidMaster'/423, l='ServerLevel[world]', x=-1751.53, y=-53.00, z=2516.00] from string DavidMaster querying server for mods of entity id 1514
[16Apr2025 19:12:50.364] [Netty Epoll Server IO #2/DEBUG] [atomicstryker.infernalmobs.common.InfernalMobsCore/]: resolves to entity Zombie['Zombie'/1514, l='ServerLevel[world]', x=-1750.84, y=-52.00, z=2515.30] modifiers null
[16Apr2025 19:12:51.140] [Netty Epoll Server IO #2/DEBUG] [atomicstryker.infernalmobs.common.InfernalMobsCore/]: player ServerPlayer['DavidMaster'/423, l='ServerLevel[world]', x=-1751.30, y=-53.00, z=2516.11] from string DavidMaster querying server for mods of entity id 2006
[16Apr2025 19:12:51.140] [Netty Epoll Server IO #2/DEBUG] [atomicstryker.infernalmobs.common.InfernalMobsCore/]: resolves to entity Skeleton['Skeleton'/2006, l='ServerLevel[world]', x=-1746.50, y=-9.00, z=2444.50] modifiers atomicstryker.infernalmobs.common.mods.MM_Lifesteal@387435d6
[16Apr2025 19:12:51.140] [Netty Epoll Server IO #2/DEBUG] [atomicstryker.infernalmobs.common.InfernalMobsCore/]: server sending mods LifeSteal Ender Quicksand Exhaust  for ent-ID 2006
[16Apr2025 19:12:52.163] [Netty Epoll Server IO #2/DEBUG] [atomicstryker.infernalmobs.common.InfernalMobsCore/]: player ServerPlayer['DavidMaster'/423, l='ServerLevel[world]', x=-1749.85, y=-53.00, z=2517.64] from string DavidMaster querying server for mods of entity id 970
[16Apr2025 19:12:52.163] [Netty Epoll Server IO #2/DEBUG] [atomicstryker.infernalmobs.common.InfernalMobsCore/]: resolves to entity Chicken['Chicken'/970, l='ServerLevel[world]', x=-1594.37, y=69.00, z=2484.36] modifiers null
[16Apr2025 19:12:52.308] [Netty Epoll Server IO #2/DEBUG] [atomicstryker.infernalmobs.common.InfernalMobsCore/]: player ServerPlayer['DavidMaster'/423, l='ServerLevel[world]', x=-1749.30, y=-53.00, z=2517.70] from string DavidMaster querying server for mods of entity id 943
[16Apr2025 19:12:52.308] [Netty Epoll Server IO #2/DEBUG] [atomicstryker.infernalmobs.common.InfernalMobsCore/]: resolves to entity Cow['Cow'/943, l='ServerLevel[world]', x=-1641.88, y=71.00, z=2399.88] modifiers null
[16Apr2025 19:12:52.313] [Netty Epoll Server IO #2/DEBUG] [atomicstryker.infernalmobs.common.InfernalMobsCore/]: player ServerPlayer['DavidMaster'/423, l='ServerLevel[world]', x=-1749.30, y=-53.00, z=2517.70] from string DavidMaster querying server for mods of entity id 988
[16Apr2025 19:12:52.313] [Netty Epoll Server IO #2/DEBUG] [atomicstryker.infernalmobs.common.InfernalMobsCore/]: resolves to entity Chicken['Chicken'/988, l='ServerLevel[world]', x=-1597.71, y=68.00, z=2565.79] modifiers null
[16Apr2025 19:12:52.496] [Netty Epoll Server IO #2/DEBUG] [atomicstryker.infernalmobs.common.InfernalMobsCore/]: player ServerPlayer['DavidMaster'/423, l='ServerLevel[world]', x=-1749.28, y=-52.00, z=2517.71] from string DavidMaster querying server for mods of entity id 2007
[16Apr2025 19:12:52.496] [Netty Epoll Server IO #2/DEBUG] [atomicstryker.infernalmobs.common.InfernalMobsCore/]: resolves to entity Skeleton['Skeleton'/2007, l='ServerLevel[world]', x=-1771.50, y=-30.83, z=2423.71] modifiers null
[16Apr2025 19:12:52.496] [Netty Epoll Server IO #2/DEBUG] [atomicstryker.infernalmobs.common.InfernalMobsCore/]: player ServerPlayer['DavidMaster'/423, l='ServerLevel[world]', x=-1749.28, y=-52.00, z=2517.71] from string DavidMaster querying server for mods of entity id 2008
[16Apr2025 19:12:52.496] [Netty Epoll Server IO #2/DEBUG] [atomicstryker.infernalmobs.common.InfernalMobsCore/]: resolves to entity Zombie['Zombie'/2008, l='ServerLevel[world]', x=-1779.50, y=-32.00, z=2417.50] modifiers null
[16Apr2025 19:12:52.514] [Netty Epoll Server IO #2/DEBUG] [atomicstryker.infernalmobs.common.InfernalMobsCore/]: player ServerPlayer['DavidMaster'/423, l='ServerLevel[world]', x=-1749.28, y=-52.00, z=2517.71] from string DavidMaster querying server for mods of entity id 974
[16Apr2025 19:12:52.514] [Netty Epoll Server IO #2/DEBUG] [atomicstryker.infernalmobs.common.InfernalMobsCore/]: resolves to entity Sheep['Sheep'/974, l='ServerLevel[world]', x=-1589.33, y=72.00, z=2518.51] modifiers null
[16Apr2025 19:12:52.614] [Netty Epoll Server IO #2/DEBUG] [atomicstryker.infernalmobs.common.InfernalMobsCore/]: player ServerPlayer['DavidMaster'/423, l='ServerLevel[world]', x=-1749.11, y=-51.75, z=2517.79] from string DavidMaster querying server for mods of entity id 1056
[16Apr2025 19:12:52.615] [Netty Epoll Server IO #2/DEBUG] [atomicstryker.infernalmobs.common.InfernalMobsCore/]: resolves to entity Zombie['Zombie'/1056, l='ServerLevel[world]', x=-1745.51, y=-48.75, z=2520.70] modifiers null
[16Apr2025 19:12:53.165] [Netty Epoll Server IO #2/DEBUG] [atomicstryker.infernalmobs.common.InfernalMobsCore/]: player ServerPlayer['DavidMaster'/423, l='ServerLevel[world]', x=-1747.30, y=-52.00, z=2519.24] from string DavidMaster querying server for mods of entity id 1056
[16Apr2025 19:12:53.165] [Netty Epoll Server IO #2/DEBUG] [atomicstryker.infernalmobs.common.InfernalMobsCore/]: resolves to entity Zombie['Zombie'/1056, l='ServerLevel[world]', x=-1745.51, y=-48.83, z=2520.70] modifiers null
[16Apr2025 19:12:53.425] [Netty Epoll Server IO #2/DEBUG] [atomicstryker.infernalmobs.common.InfernalMobsCore/]: player ServerPlayer['DavidMaster'/423, l='ServerLevel[world]', x=-1747.30, y=-52.00, z=2519.44] from string DavidMaster querying server for mods of entity id 1056
[16Apr2025 19:12:53.426] [Netty Epoll Server IO #2/DEBUG] [atomicstryker.infernalmobs.common.InfernalMobsCore/]: resolves to entity Zombie['Zombie'/1056, l='ServerLevel[world]', x=-1744.39, y=-49.00, z=2520.70] modifiers null
[16Apr2025 19:12:53.746] [Netty Epoll Server IO #2/DEBUG] [atomicstryker.infernalmobs.common.InfernalMobsCore/]: player ServerPlayer['DavidMaster'/423, l='ServerLevel[world]', x=-1747.30, y=-52.00, z=2519.45] from string DavidMaster querying server for mods of entity id 1056
[16Apr2025 19:12:53.746] [Netty Epoll Server IO #2/DEBUG] [atomicstryker.infernalmobs.common.InfernalMobsCore/]: resolves to entity Zombie['Zombie'/1056, l='ServerLevel[world]', x=-1744.11, y=-49.00, z=2520.70] modifiers null
[16Apr2025 19:12:54.614] [Netty Epoll Server IO #2/DEBUG] [atomicstryker.infernalmobs.common.InfernalMobsCore/]: player ServerPlayer['DavidMaster'/423, l='ServerLevel[world]', x=-1747.30, y=-52.00, z=2519.02] from string DavidMaster querying server for mods of entity id 2012
[16Apr2025 19:12:54.614] [Netty Epoll Server IO #2/DEBUG] [atomicstryker.infernalmobs.common.InfernalMobsCore/]: resolves to entity Zombie['Zombie'/2012, l='ServerLevel[world]', x=-1627.50, y=-20.00, z=2492.50] modifiers null
[16Apr2025 19:12:55.964] [Netty Epoll Server IO #2/DEBUG] [atomicstryker.infernalmobs.common.InfernalMobsCore/]: player ServerPlayer['DavidMaster'/423, l='ServerLevel[world]', x=-1746.30, y=-50.25, z=2518.01] from string DavidMaster querying server for mods of entity id 895
[16Apr2025 19:12:55.964] [Netty Epoll Server IO #2/DEBUG] [atomicstryker.infernalmobs.common.InfernalMobsCore/]: resolves to entity EnderMan['Enderman'/895, l='ServerLevel[world]', x=-1687.41, y=-44.31, z=2404.60] modifiers null
[16Apr2025 19:12:55.964] [Netty Epoll Server IO #2/DEBUG] [atomicstryker.infernalmobs.common.InfernalMobsCore/]: player ServerPlayer['DavidMaster'/423, l='ServerLevel[world]', x=-1746.30, y=-50.25, z=2518.01] from string DavidMaster querying server for mods of entity id 907
[16Apr2025 19:12:55.964] [Netty Epoll Server IO #2/DEBUG] [atomicstryker.infernalmobs.common.InfernalMobsCore/]: resolves to entity Chicken['Chicken'/907, l='ServerLevel[world]', x=-1618.62, y=73.00, z=2421.91] modifiers null
[16Apr2025 19:12:56.121] [Netty Epoll Server IO #2/DEBUG] [atomicstryker.infernalmobs.common.InfernalMobsCore/]: player ServerPlayer['DavidMaster'/423, l='ServerLevel[world]', x=-1746.19, y=-49.75, z=2517.88] from string DavidMaster querying server for mods of entity id 2013
[16Apr2025 19:12:56.121] [Netty Epoll Server IO #2/DEBUG] [atomicstryker.infernalmobs.common.InfernalMobsCore/]: resolves to entity GlowSquid['Glow Squid'/2013, l='ServerLevel[world]', x=-1724.50, y=19.00, z=2528.50] modifiers null
[16Apr2025 19:12:56.162] [Netty Epoll Server IO #2/DEBUG] [atomicstryker.infernalmobs.common.InfernalMobsCore/]: player ServerPlayer['DavidMaster'/423, l='ServerLevel[world]', x=-1746.19, y=-49.75, z=2517.88] from string DavidMaster querying server for mods of entity id 2014
[16Apr2025 19:12:56.162] [Netty Epoll Server IO #2/DEBUG] [atomicstryker.infernalmobs.common.InfernalMobsCore/]: resolves to entity GlowSquid['Glow Squid'/2014, l='ServerLevel[world]', x=-1723.50, y=19.00, z=2527.50] modifiers null
[16Apr2025 19:12:56.162] [Netty Epoll Server IO #2/DEBUG] [atomicstryker.infernalmobs.common.InfernalMobsCore/]: player ServerPlayer['DavidMaster'/423, l='ServerLevel[world]', x=-1746.19, y=-49.75, z=2517.88] from string DavidMaster querying server for mods of entity id 2015
[16Apr2025 19:12:56.162] [Netty Epoll Server IO #2/DEBUG] [atomicstryker.infernalmobs.common.InfernalMobsCore/]: resolves to entity GlowSquid['Glow Squid'/2015, l='ServerLevel[world]', x=-1719.50, y=19.00, z=2526.50] modifiers null
[16Apr2025 19:12:56.162] [Netty Epoll Server IO #2/DEBUG] [atomicstryker.infernalmobs.common.InfernalMobsCore/]: player ServerPlayer['DavidMaster'/423, l='ServerLevel[world]', x=-1746.19, y=-49.75, z=2517.88] from string DavidMaster querying server for mods of entity id 2016
[16Apr2025 19:12:56.162] [Netty Epoll Server IO #2/DEBUG] [atomicstryker.infernalmobs.common.InfernalMobsCore/]: resolves to entity GlowSquid['Glow Squid'/2016, l='ServerLevel[world]', x=-1724.50, y=19.00, z=2526.50] modifiers null
[16Apr2025 19:12:56.162] [Netty Epoll Server IO #2/DEBUG] [atomicstryker.infernalmobs.common.InfernalMobsCore/]: player ServerPlayer['DavidMaster'/423, l='ServerLevel[world]', x=-1746.19, y=-49.75, z=2517.88] from string DavidMaster querying server for mods of entity id 2017
[16Apr2025 19:12:56.162] [Netty Epoll Server IO #2/DEBUG] [atomicstryker.infernalmobs.common.InfernalMobsCore/]: resolves to entity Skeleton['Skeleton'/2017, l='ServerLevel[world]', x=-1748.50, y=-24.00, z=2560.50] modifiers null
[16Apr2025 19:12:56.927] [Server thread/DEBUG] [atomicstryker.infernalmobs.common.InfernalMobsCore/]: entity EnderMan['Enderman'/2019, l='ServerLevel[world]', x=-1551.14, y=88.00, z=2492.50] was spawned in unmodified before, not modifying it
[16Apr2025 19:12:56.933] [Netty Epoll Server IO #2/DEBUG] [atomicstryker.infernalmobs.common.InfernalMobsCore/]: player ServerPlayer['DavidMaster'/423, l='ServerLevel[world]', x=-1743.75, y=-48.75, z=2518.30] from string DavidMaster querying server for mods of entity id 975
[16Apr2025 19:12:56.933] [Netty Epoll Server IO #2/DEBUG] [atomicstryker.infernalmobs.common.InfernalMobsCore/]: resolves to entity Sheep['Sheep'/975, l='ServerLevel[world]', x=-1584.44, y=72.00, z=2515.60] modifiers null
[16Apr2025 19:12:57.263] [Netty Epoll Server IO #2/DEBUG] [atomicstryker.infernalmobs.common.InfernalMobsCore/]: player ServerPlayer['DavidMaster'/423, l='ServerLevel[world]', x=-1743.09, y=-49.00, z=2518.57] from string DavidMaster querying server for mods of entity id 2023
[16Apr2025 19:12:57.263] [Netty Epoll Server IO #2/DEBUG] [atomicstryker.infernalmobs.common.InfernalMobsCore/]: resolves to entity Skeleton['Skeleton'/2023, l='ServerLevel[world]', x=-1692.39, y=-24.00, z=2589.39] modifiers null
[16Apr2025 19:12:58.137] [Netty Epoll Server IO #2/DEBUG] [atomicstryker.infernalmobs.common.InfernalMobsCore/]: player ServerPlayer['DavidMaster'/423, l='ServerLevel[world]', x=-1743.07, y=-49.00, z=2518.57] from string DavidMaster querying server for mods of entity id 2024
[16Apr2025 19:12:58.137] [Netty Epoll Server IO #2/DEBUG] [atomicstryker.infernalmobs.common.InfernalMobsCore/]: resolves to entity Creeper['Creeper'/2024, l='ServerLevel[world]', x=-1698.50, y=-36.00, z=2568.50] modifiers null
[16Apr2025 19:12:58.839] [Netty Epoll Server IO #2/DEBUG] [atomicstryker.infernalmobs.common.InfernalMobsCore/]: player ServerPlayer['DavidMaster'/423, l='ServerLevel[world]', x=-1743.07, y=-49.00, z=2518.57] from string DavidMaster querying server for mods of entity id 2025
[16Apr2025 19:12:58.839] [Netty Epoll Server IO #2/DEBUG] [atomicstryker.infernalmobs.common.InfernalMobsCore/]: resolves to entity Skeleton['Skeleton'/2025, l='ServerLevel[world]', x=-1626.50, y=-21.00, z=2492.50] modifiers null
[16Apr2025 19:12:59.888] [Netty Epoll Server IO #2/DEBUG] [atomicstryker.infernalmobs.common.InfernalMobsCore/]: player ServerPlayer['DavidMaster'/423, l='ServerLevel[world]', x=-1743.07, y=-49.00, z=2518.57] from string DavidMaster querying server for mods of entity id 2026
[16Apr2025 19:12:59.888] [Netty Epoll Server IO #2/DEBUG] [atomicstryker.infernalmobs.common.InfernalMobsCore/]: resolves to entity Skeleton['Skeleton'/2026, l='ServerLevel[world]', x=-1646.50, y=-25.00, z=2524.50] modifiers null
[16Apr2025 19:12:59.914] [Netty Epoll Server IO #2/DEBUG] [atomicstryker.infernalmobs.common.InfernalMobsCore/]: player ServerPlayer['DavidMaster'/423, l='ServerLevel[world]', x=-1743.07, y=-49.00, z=2518.57] from string DavidMaster querying server for mods of entity id 2027
[16Apr2025 19:12:59.914] [Netty Epoll Server IO #2/DEBUG] [atomicstryker.infernalmobs.common.InfernalMobsCore/]: resolves to entity Skeleton['Skeleton'/2027, l='ServerLevel[world]', x=-1645.50, y=-25.00, z=2524.50] modifiers null
[16Apr2025 19:12:59.914] [Netty Epoll Server IO #2/DEBUG] [atomicstryker.infernalmobs.common.InfernalMobsCore/]: player ServerPlayer['DavidMaster'/423, l='ServerLevel[world]', x=-1743.07, y=-49.00, z=2518.57] from string DavidMaster querying server for mods of entity id 2028
[16Apr2025 19:12:59.914] [Netty Epoll Server IO #2/DEBUG] [atomicstryker.infernalmobs.common.InfernalMobsCore/]: resolves to entity Spider['Spider'/2028, l='ServerLevel[world]', x=-1645.50, y=-25.00, z=2525.50] modifiers null
[16Apr2025 19:13:01.564] [Netty Epoll Server IO #2/DEBUG] [atomicstryker.infernalmobs.common.InfernalMobsCore/]: player ServerPlayer['DavidMaster'/423, l='ServerLevel[world]', x=-1742.58, y=-49.00, z=2523.30] from string DavidMaster querying server for mods of entity id 530
[16Apr2025 19:13:01.564] [Netty Epoll Server IO #2/DEBUG] [atomicstryker.infernalmobs.common.InfernalMobsCore/]: resolves to entity Pig['Pig'/530, l='ServerLevel[world]', x=-1888.73, y=77.00, z=2587.09] modifiers null
[16Apr2025 19:13:04.489] [Netty Epoll Server IO #2/DEBUG] [atomicstryker.infernalmobs.common.InfernalMobsCore/]: player ServerPlayer['DavidMaster'/423, l='ServerLevel[world]', x=-1742.52, y=-49.00, z=2526.03] from string DavidMaster querying server for mods of entity id 2030
[16Apr2025 19:13:04.489] [Netty Epoll Server IO #2/DEBUG] [atomicstryker.infernalmobs.common.InfernalMobsCore/]: resolves to entity Zombie['Zombie'/2030, l='ServerLevel[world]', x=-1746.50, y=-24.00, z=2553.50] modifiers null
[16Apr2025 19:13:04.513] [Netty Epoll Server IO #2/DEBUG] [atomicstryker.infernalmobs.common.InfernalMobsCore/]: player ServerPlayer['DavidMaster'/423, l='ServerLevel[world]', x=-1742.52, y=-49.00, z=2526.03] from string DavidMaster querying server for mods of entity id 2031
[16Apr2025 19:13:04.513] [Netty Epoll Server IO #2/DEBUG] [atomicstryker.infernalmobs.common.InfernalMobsCore/]: resolves to entity Zombie['Zombie'/2031, l='ServerLevel[world]', x=-1743.50, y=-24.00, z=2553.50] modifiers null
[16Apr2025 19:13:06.313] [Netty Epoll Server IO #2/DEBUG] [atomicstryker.infernalmobs.common.InfernalMobsCore/]: player ServerPlayer['DavidMaster'/423, l='ServerLevel[world]', x=-1742.52, y=-49.00, z=2526.03] from string DavidMaster querying server for mods of entity id 2032
[16Apr2025 19:13:06.314] [Netty Epoll Server IO #2/DEBUG] [atomicstryker.infernalmobs.common.InfernalMobsCore/]: resolves to entity Creeper['Creeper'/2032, l='ServerLevel[world]', x=-1661.50, y=-18.00, z=2577.50] modifiers null
[16Apr2025 19:13:06.314] [Netty Epoll Server IO #2/DEBUG] [atomicstryker.infernalmobs.common.InfernalMobsCore/]: player ServerPlayer['DavidMaster'/423, l='ServerLevel[world]', x=-1742.52, y=-49.00, z=2526.03] from string DavidMaster querying server for mods of entity id 2033
[16Apr2025 19:13:06.314] [Netty Epoll Server IO #2/DEBUG] [atomicstryker.infernalmobs.common.InfernalMobsCore/]: resolves to entity Bat['Bat'/2033, l='ServerLevel[world]', x=-1744.52, y=-28.00, z=2587.52] modifiers null
